country,state,city,station,last_update,latitude,longitude,pollutant_id,pollutant_min,pollutant_max,pollutant_avg
India,Delhi,Delhi,"IHBAS, Dilshad Garden, Delhi - CPCB","28-08-2026 22:00:00",28.6811736,77.3025234,PM10,72,124,97
India,Delhi,Delhi,"IHBAS, Dilshad Garden, Delhi - CPCB","28-08-2026 22:00:00",28.6811736,77.3025234,NO2,46,48,47
India,Delhi,Delhi,"IHBAS, Dilshad Garden, Delhi - CPCB","28-08-2026 22:00:00",28.6811736,77.3025234,OZONE,5,34,17
India,Delhi,Delhi,"Nehru Nagar, Delhi - DPCC","28-08-2026 22:00:00",28.56789,77.250515,PM2.5,3,297,98
India,Delhi,Delhi,"Nehru Nagar, Delhi - DPCC","28-08-2026 22:00:00",28.56789,77.250515,NO2,13,72,28
India,Delhi,Delhi,"Nehru Nagar, Delhi - DPCC","28-08-2026 22:00:00",28.56789,77.250515,NH3,6,9,7
India,Delhi,Delhi,"Nehru Nagar, Delhi - DPCC","28-08-2026 22:00:00",28.56789,77.250515,OZONE,3,28,18
India,Delhi,Delhi,"Patparganj, Delhi - DPCC","28-08-2026 22:00:00",28.623763,77.287209,SO2,NA,NA,NA
India,Delhi,Delhi,"Patparganj, Delhi - DPCC","28-08-2026 22:00:00",28.623763,77.287209,OZONE,8,22,14
India,Delhi,Delhi,"Jawaharlal Nehru Stadium, Delhi - DPCC","28-08-2026 22:00:00",28.58028,77.233829,SO2,2,46,13
India,Delhi,Delhi,"Jawaharlal Nehru Stadium, Delhi - DPCC","28-08-2026 22:00:00",28.58028,77.233829,CO,12,54,24
India,Delhi,Delhi,"Najafgarh, Delhi - DPCC","28-08-2026 22:00:00",28.570173,76.933762,PM2.5,20,93,50
India,Delhi,Delhi,"Najafgarh, Delhi - DPCC","28-08-2026 22:00:00",28.570173,76.933762,NO2,8,28,13
India,Delhi,Delhi,"Wazirpur, Delhi - DPCC","28-08-2026 22:00:00",28.699793,77.165453,CO,50,111,71
India,Delhi,Delhi,"NSUT Jaffarpur, Delhi - DPCC","28-08-2026 22:00:00",28.594004,76.909423,NH3,0,9,2
India,Delhi,Delhi,"NSUT Jaffarpur, Delhi - DPCC","28-08-2026 22:00:00",28.594004,76.909423,CO,32,48,37
India,Delhi,Delhi,"Mundka, Delhi - DPCC","28-08-2026 22:00:00",28.684678,77.076574,SO2,7,18,12
India,Delhi,Delhi,"Mundka, Delhi - DPCC","28-08-2026 22:00:00",28.684678,77.076574,CO,32,60,40
India,Delhi,Delhi,"Punjabi Bagh, Delhi - DPCC","28-08-2026 22:00:00",28.674045,77.131023,PM10,119,184,148
India,Delhi,Delhi,"Punjabi Bagh, Delhi - DPCC","28-08-2026 22:00:00",28.674045,77.131023,NO2,13,47,22
India,Delhi,Delhi,"Punjabi Bagh, Delhi - DPCC","28-08-2026 22:00:00",28.674045,77.131023,OZONE,1,18,10
India,Delhi,Delhi,"Ashok Vihar, Delhi - DPCC","28-08-2026 22:00:00",28.695381,77.181665,PM10,109,167,139
India,Bihar,Munger,"Town Hall, Munger - BSPCB","28-08-2026 22:00:00",25.376776,86.471523,OZONE,13,15,14
India,Bihar,Muzaffarpur,"MIT-Daudpur Kothi, Muzaffarpur - BSPCB","28-08-2026 22:00:00",26.1403345,85.3650192,SO2,11,21,15
India,Bihar,Muzaffarpur,"MIT-Daudpur Kothi, Muzaffarpur - BSPCB","28-08-2026 22:00:00",26.1403345,85.3650192,CO,9,17,12
India,Bihar,Patna,"Rajbansi Nagar, Patna - BSPCB","28-08-2026 22:00:00",25.599486,85.113666,NH3,2,3,3
India,Bihar,Patna,"Govt. High School Shikarpur, Patna - BSPCB","28-08-2026 22:00:00",25.592539,85.227158,PM2.5,37,45,41
India,Bihar,Patna,"Govt. High School Shikarpur, Patna - BSPCB","28-08-2026 22:00:00",25.592539,85.227158,SO2,12,13,13
India,Bihar,Patna,"Muradpur, Patna - BSPCB","28-08-2026 22:00:00",25.619651,85.147382,SO2,8,9,9
India,Bihar,Patna,"Muradpur, Patna - BSPCB","28-08-2026 22:00:00",25.619651,85.147382,CO,46,51,48
India,Bihar,Patna,"Samanpura, Patna - BSPCB","28-08-2026 22:00:00",25.596727,85.085624,PM2.5,33,224,82
India,Bihar,Patna,"Samanpura, Patna - BSPCB","28-08-2026 22:00:00",25.596727,85.085624,PM10,81,133,103
India,Bihar,Patna,"Samanpura, Patna - BSPCB","28-08-2026 22:00:00",25.596727,85.085624,NH3,4,5,5
India,Bihar,Patna,"Samanpura, Patna - BSPCB","28-08-2026 22:00:00",25.596727,85.085624,SO2,3,3,3
India,Bihar,Purnia,"Mariam Nagar, Purnia - BSPCB","28-08-2026 22:00:00",25.366336,87.117468,PM2.5,12,38,26
India,Bihar,Saharsa,"Police Line, Saharsa - BSPCB","28-08-2026 22:00:00",25.892357,86.590325,NH3,4,5,4
India,Bihar,Saharsa,"Police Line, Saharsa - BSPCB","28-08-2026 22:00:00",25.892357,86.590325,CO,39,41,40
India,Bihar,Samastipur,"DM Office_Kasipur, Samastipur - BSPCB","28-08-2026 22:00:00",25.859655,85.77944,PM2.5,10,380,152
India,Bihar,Samastipur,"DM Office_Kasipur, Samastipur - BSPCB","28-08-2026 22:00:00",25.859655,85.77944,PM10,8,248,91
India,"Andhra Pradesh",Machilipatnam,"Srinivas Nagar Colony, Machilipatnam - APPCB","28-08-2026 22:00:00",16.186555,81.13219,PM10,NA,NA,NA
India,"Andhra Pradesh",Machilipatnam,"Srinivas Nagar Colony, Machilipatnam - APPCB","28-08-2026 22:00:00",16.186555,81.13219,CO,14,38,19
India,"Andhra Pradesh",Machilipatnam,"Srinivas Nagar Colony, Machilipatnam - APPCB","28-08-2026 22:00:00",16.186555,81.13219,OZONE,19,51,31
India,"Andhra Pradesh",Rajamahendravaram,"Anand Kala Kshetram, Rajamahendravaram - APPCB","28-08-2026 22:00:00",16.9872867,81.7363176,PM10,62,118,82
India,"Andhra Pradesh",Srikakulam,"Chinna Bharatham Colony, Srikakulam - APPCB","28-08-2026 22:00:00",18.292191,83.897173,PM10,NA,NA,NA
India,"Andhra Pradesh",Srikakulam,"Chinna Bharatham Colony, Srikakulam - APPCB","28-08-2026 22:00:00",18.292191,83.897173,NO2,21,58,33
India,"Andhra Pradesh",Srikakulam,"Chinna Bharatham Colony, Srikakulam - APPCB","28-08-2026 22:00:00",18.292191,83.897173,NH3,2,6,4
India,"Andhra Pradesh",Srikakulam,"Chinna Bharatham Colony, Srikakulam - APPCB","28-08-2026 22:00:00",18.292191,83.897173,SO2,14,19,16
India,"Andhra Pradesh",Tirumala,"Toll Gate, Tirumala - APPCB","28-08-2026 22:00:00",13.67,79.35,PM2.5,14,34,22
India,"Andhra Pradesh",Tirupati,"Vaikuntapuram, Tirupati - APPCB","28-08-2026 22:00:00",13.615387,79.40923,PM10,70,93,85
India,"Andhra Pradesh",Tirupati,"Vaikuntapuram, Tirupati - APPCB","28-08-2026 22:00:00",13.615387,79.40923,NO2,27,34,31
India,"Andhra Pradesh",Tirupati,"Vaikuntapuram, Tirupati - APPCB","28-08-2026 22:00:00",13.615387,79.40923,OZONE,33,58,41
India,"Andhra Pradesh",Vijayawada,"HB Colony, Vijayawada - APPCB","28-08-2026 22:00:00",16.536107,80.594233,PM2.5,51,68,54
India,"Andhra Pradesh",Vijayawada,"HB Colony, Vijayawada - APPCB","28-08-2026 22:00:00",16.536107,80.594233,NH3,3,4,4
India,"Andhra Pradesh",Vijayawada,"Rajiv Gandhi Park, Vijayawada - APPCB","28-08-2026 22:00:00",16.509717,80.612222,PM10,64,89,77
India,"Andhra Pradesh",Vijayawada,"Rajiv Gandhi Park, Vijayawada - APPCB","28-08-2026 22:00:00",16.509717,80.612222,NO2,16,46,37
India,Assam,Nalbari,"Bata Chowk, Nalbari - PCBA","28-08-2026 22:00:00",26.446912,91.439057,SO2,8,8,8
India,Assam,Nalbari,"Bata Chowk, Nalbari - PCBA","28-08-2026 22:00:00",26.446912,91.439057,OZONE,19,19,19
India,Assam,Silchar,"Tarapur, Silchar - PCBA","28-08-2026 22:00:00",24.82827,92.79525,OZONE,5,9,7
India,Assam,Sivasagar,"Girls College, Sivasagar - PCBA","28-08-2026 22:00:00",26.987634,94.636574,PM10,29,42,33
India,Bihar,Araria,"Kharahiya Basti, Araria - BSPCB","28-08-2026 22:00:00",26.146529,87.454184,PM2.5,2,80,23
India,Bihar,Arrah,"New DM Office, Arrah - BSPCB","28-08-2026 22:00:00",25.5626095,84.663264,PM2.5,33,43,35
India,Bihar,Arrah,"New DM Office, Arrah - BSPCB","28-08-2026 22:00:00",25.5626095,84.663264,NO2,6,9,7
India,Bihar,Aurangabad,"Gurdeo Nagar, Aurangabad - BSPCB","28-08-2026 22:00:00",24.75746,84.366208,NO2,NA,NA,NA
India,Bihar,Begusarai,"Lohiyanagar, Begusarai - BSPCB","28-08-2026 22:00:00",25.42742023,86.13886079,NH3,2,3,2
India,Bihar,Begusarai,"Lohiyanagar, Begusarai - BSPCB","28-08-2026 22:00:00",25.42742023,86.13886079,SO2,10,23,21
India,Bihar,Bhagalpur,"Mayaganj, Bhagalpur - BSPCB","28-08-2026 22:00:00",25.265194,87.012947,PM2.5,NA,NA,NA
India,Bihar,Bhagalpur,"DM Office_Kachari Chowk, Bhagalpur - BSPCB","28-08-2026 22:00:00",25.251013,86.989001,PM2.5,10,500,99
India,Bihar,Bhagalpur,"DM Office_Kachari Chowk, Bhagalpur - BSPCB","28-08-2026 22:00:00",25.251013,86.989001,NH3,4,4,4
India,Bihar,Bhagalpur,"DM Office_Kachari Chowk, Bhagalpur - BSPCB","28-08-2026 22:00:00",25.251013,86.989001,SO2,11,29,22
India,Chhattisgarh,Kunjemura,"OP Jindal School, Kunjemura - CECB","28-08-2026 22:00:00",22.12665,83.483212,CO,14,18,17
India,Chhattisgarh,Milupara,"Govt. Higher Secondary School, Milupara - CECB","28-08-2026 22:00:00",22.1910172,83.5197009,PM2.5,4,23,13
India,Chhattisgarh,Raipur,"Krishak Nagar, Raipur - CECB","28-08-2026 22:00:00",21.237755,81.705301,SO2,5,7,6
India,Chhattisgarh,Raipur,"Krishak Nagar, Raipur - CECB","28-08-2026 22:00:00",21.237755,81.705301,CO,11,14,13
India,Chhattisgarh,Raipur,"Bhatagaon New ISBT, Raipur - CECB","28-08-2026 22:00:00",21.219665,81.630094,NH3,2,2,2
India,Chhattisgarh,Raipur,"Bhatagaon New ISBT, Raipur - CECB","28-08-2026 22:00:00",21.219665,81.630094,SO2,2,5,3
India,Chhattisgarh,Raipur,"Siltara Phase-II, Raipur - CECB","28-08-2026 22:00:00",21.371751,81.664929,PM10,60,101,74
India,Chhattisgarh,Raipur,"AIIMS, Raipur - CECB","28-08-2026 22:00:00",21.258815,81.578979,CO,10,24,19
India,Chhattisgarh,Tumidih,"OP Jindal Industrial Park, Tumidih - CECB","28-08-2026 22:00:00",22.06631475,83.33820077,NH3,1,2,1
India,Delhi,Delhi,"ITO, Delhi - CPCB","28-08-2026 22:00:00",28.628624,77.24106,PM10,106,162,138
India,Delhi,Delhi,"ITO, Delhi - CPCB","28-08-2026 22:00:00",28.628624,77.24106,CO,34,88,48
India,Chandigarh,Chandigarh,"Sector-25, Chandigarh - CPCC","28-08-2026 22:00:00",30.751462,76.762879,NO2,2,52,13
India,Chandigarh,Chandigarh,"Sector-25, Chandigarh - CPCC","28-08-2026 22:00:00",30.751462,76.762879,NH3,13,16,14
India,Chandigarh,Chandigarh,"Sector-53, Chandigarh - CPCC","28-08-2026 22:00:00",30.719859,76.738637,PM2.5,5,27,18
India,Chandigarh,Chandigarh,"Sector-53, Chandigarh - CPCC","28-08-2026 22:00:00",30.719859,76.738637,NO2,11,91,33
India,Chhattisgarh,Bhilai,"32Bungalows, Bhilai - CECB","28-08-2026 22:00:00",21.194815,81.31477,NH3,3,5,4
India,Chhattisgarh,Bhilai,"32Bungalows, Bhilai - CECB","28-08-2026 22:00:00",21.194815,81.31477,SO2,11,21,14
India,Chhattisgarh,Bhilai,"32Bungalows, Bhilai - CECB","28-08-2026 22:00:00",21.194815,81.31477,OZONE,14,27,21
India,Chhattisgarh,Bilaspur,"Mangala, Bilaspur - NTPC","28-08-2026 22:00:00",22.08815,82.13737,PM2.5,16,51,32
India,Chhattisgarh,Bilaspur,"Mangala, Bilaspur - NTPC","28-08-2026 22:00:00",22.08815,82.13737,SO2,10,22,15
India,Chhattisgarh,Bilaspur,"Mangala, Bilaspur - NTPC","28-08-2026 22:00:00",22.08815,82.13737,CO,25,33,29
India,Chhattisgarh,Chhal,"Nawapara SECL Colony, Chhal - CECB","28-08-2026 22:00:00",22.118125,83.140608,PM2.5,8,51,27
India,Chhattisgarh,Chhal,"Nawapara SECL Colony, Chhal - CECB","28-08-2026 22:00:00",22.118125,83.140608,PM10,14,62,32
India,Chhattisgarh,Korba,"Urja Nagar, Korba - CECB","28-08-2026 22:00:00",22.348441,82.549611,SO2,NA,NA,NA
India,"Andhra Pradesh",Vijayawada,"Rajiv Gandhi Park, Vijayawada - APPCB","28-08-2026 22:00:00",16.509717,80.612222,CO,28,34,30
India,"Andhra Pradesh",Visakhapatnam,"GVM Corporation, Visakhapatnam - APPCB","28-08-2026 22:00:00",17.72,83.3,PM10,99,175,133
India,"Andhra Pradesh",Visakhapatnam,"GVM Corporation, Visakhapatnam - APPCB","28-08-2026 22:00:00",17.72,83.3,SO2,10,56,23
India,Assam,Byrnihat,"Central Academy for SFS, Byrnihat - PCBA","28-08-2026 22:00:00",26.071318,91.87488,CO,24,70,57
India,Assam,Guwahati,"IITG, Guwahati - PCBA","28-08-2026 22:00:00",26.2028636,91.70046436,NO2,1,6,2
India,Assam,Guwahati,"IITG, Guwahati - PCBA","28-08-2026 22:00:00",26.2028636,91.70046436,SO2,32,34,33
India,Assam,Guwahati,"IITG, Guwahati - PCBA","28-08-2026 22:00:00",26.2028636,91.70046436,OZONE,2,14,8
India,Assam,Guwahati,"Railway Colony, Guwahati - PCBA","28-08-2026 22:00:00",26.181742,91.78063,PM10,11,113,52
India,Assam,Guwahati,"Railway Colony, Guwahati - PCBA","28-08-2026 22:00:00",26.181742,91.78063,SO2,4,14,7
India,Assam,Nagaon,"Christianpatty, Nagaon - PCBA","28-08-2026 22:00:00",26.349082,92.68449,PM10,34,73,53
India,Bihar,Chhapra,"Darshan Nagar, Chhapra - BSPCB","28-08-2026 22:00:00",25.7808257,84.7446768,PM10,109,115,112
India,Bihar,Gaya,"Kareemganj, Gaya - BSPCB","28-08-2026 22:00:00",24.792403,84.992416,PM10,NA,NA,NA
India,Bihar,Hajipur,"Industrial Area, Hajipur - BSPCB","28-08-2026 22:00:00",25.697189,85.2459,NO2,12,31,22
India,Bihar,Kishanganj,"SDM Office_Khagra, Kishanganj - BSPCB","28-08-2026 22:00:00",26.0881305,87.93840336,NO2,7,8,7
India,Bihar,Kishanganj,"SDM Office_Khagra, Kishanganj - BSPCB","28-08-2026 22:00:00",26.0881305,87.93840336,OZONE,32,35,33
India,Bihar,Manguraha,"Forest Rest House, Manguraha - BSPCB","28-08-2026 22:00:00",27.308328,84.531742,CO,34,49,42
India,Bihar,Motihari,"Gandak Colony, Motihari - BSPCB","28-08-2026 22:00:00",26.63086,84.90051,PM10,12,169,43
India,Bihar,Motihari,"Gandak Colony, Motihari - BSPCB","28-08-2026 22:00:00",26.63086,84.90051,NO2,2,3,3
India,Bihar,Motihari,"Gandak Colony, Motihari - BSPCB","28-08-2026 22:00:00",26.63086,84.90051,CO,9,14,13
India,Bihar,Motihari,"Gandak Colony, Motihari - BSPCB","28-08-2026 22:00:00",26.63086,84.90051,OZONE,55,58,56
India,Delhi,Delhi,"Cantonment Area, Delhi - DPCC","28-08-2026 22:00:00",28.594169,77.1251,CO,NA,NA,NA
India,Delhi,Delhi,"Major Dhyan Chand National Stadium, Delhi - DPCC","28-08-2026 22:00:00",28.611281,77.237738,PM10,86,155,126
India,Delhi,Delhi,"Sonia Vihar, Delhi - DPCC","28-08-2026 22:00:00",28.710508,77.249485,PM10,103,165,143
India,Delhi,Delhi,"Sonia Vihar, Delhi - DPCC","28-08-2026 22:00:00",28.710508,77.249485,CO,24,97,43
India,Delhi,Delhi,"Okhla Phase-2, Delhi - DPCC","28-08-2026 22:00:00",28.530785,77.271255,PM2.5,40,193,72
India,Delhi,Delhi,"Okhla Phase-2, Delhi - DPCC","28-08-2026 22:00:00",28.530785,77.271255,NH3,3,15,7
India,Delhi,Delhi,"Okhla Phase-2, Delhi - DPCC","28-08-2026 22:00:00",28.530785,77.271255,CO,36,106,56
India,Delhi,Delhi,"Rohini, Delhi - DPCC","28-08-2026 22:00:00",28.732528,77.11992,NO2,0,22,6
India,Delhi,Delhi,"Rohini, Delhi - DPCC","28-08-2026 22:00:00",28.732528,77.11992,NH3,4,6,5
India,Delhi,Delhi,"IHBAS, Dilshad Garden, Delhi - CPCB","28-08-2026 22:00:00",28.6811736,77.3025234,PM2.5,64,129,89
India,"Andhra Pradesh",Anantapur,"Gulzarpet, Anantapur - APPCB","28-08-2026 22:00:00",14.675886,77.593027,PM2.5,48,65,57
India,"Andhra Pradesh",Anantapur,"Gulzarpet, Anantapur - APPCB","28-08-2026 22:00:00",14.675886,77.593027,SO2,11,17,14
India,"Andhra Pradesh",Guntur,"Rajendra Nagar North, Guntur - APPCB","28-08-2026 22:00:00",16.316553,80.413302,PM10,51,78,61
India,"Andhra Pradesh",Guntur,"Rajendra Nagar North, Guntur - APPCB","28-08-2026 22:00:00",16.316553,80.413302,NH3,5,16,8
India,"Andhra Pradesh",Guntur,"Rajendra Nagar North, Guntur - APPCB","28-08-2026 22:00:00",16.316553,80.413302,OZONE,16,47,26
India,"Andhra Pradesh",Kakinada,"Rama Rao Peta, Kakinada - APPCB","28-08-2026 22:00:00",16.962488,82.229513,PM2.5,31,61,43
India,"Andhra Pradesh",Kurnool,"Sita Rama Nagar, Kurnool - APPCB","28-08-2026 22:00:00",15.83411,78.028546,SO2,10,11,10
India,Gujarat,Vadodara,"Bapunagar, Vadodara - Nexteng Enviro","28-08-2026 22:00:00",22.320153,73.216285,PM2.5,14,64,42
India,Gujarat,Vadodara,"Bapunagar, Vadodara - Nexteng Enviro","28-08-2026 22:00:00",22.320153,73.216285,PM10,44,92,67
India,Gujarat,Vadodara,"Bapunagar, Vadodara - Nexteng Enviro","28-08-2026 22:00:00",22.320153,73.216285,NO2,10,12,11
India,Gujarat,Vadodara,"Bapunagar, Vadodara - Nexteng Enviro","28-08-2026 22:00:00",22.320153,73.216285,SO2,7,8,8
India,Gujarat,Vadodara,"Bapunagar, Vadodara - Nexteng Enviro","28-08-2026 22:00:00",22.320153,73.216285,CO,75,77,76
India,Gujarat,Vapi,"Phase-1 GIDC, Vapi - GPCB","28-08-2026 22:00:00",20.362421,72.918013,NO2,13,14,13
India,Gujarat,Vapi,"Phase-1 GIDC, Vapi - GPCB","28-08-2026 22:00:00",20.362421,72.918013,NH3,5,5,5
India,Gujarat,Vatva,"Phase-4 GIDC, Vatva - GPCB","28-08-2026 22:00:00",22.969611,72.6435,NO2,24,43,33
India,Haryana,Ambala,"Patti Mehar, Ambala - HSPCB","28-08-2026 22:00:00",30.379589,76.778328,NH3,6,7,6
India,Haryana,Ambala,"Patti Mehar, Ambala - HSPCB","28-08-2026 22:00:00",30.379589,76.778328,OZONE,48,69,57
India,Haryana,Bahadurgarh,"Arya Nagar, Bahadurgarh - HSPCB","28-08-2026 22:00:00",28.6701,76.9254,PM10,101,131,115
India,Haryana,Bahadurgarh,"Arya Nagar, Bahadurgarh - HSPCB","28-08-2026 22:00:00",28.6701,76.9254,SO2,7,8,8
India,Haryana,Bhiwani,"H.B. Colony, Bhiwani - HSPCB","28-08-2026 22:00:00",28.806223,76.141105,PM2.5,113,160,139
India,Haryana,Bhiwani,"H.B. Colony, Bhiwani - HSPCB","28-08-2026 22:00:00",28.806223,76.141105,SO2,0,13,5
India,Haryana,Bhiwani,"H.B. Colony, Bhiwani - HSPCB","28-08-2026 22:00:00",28.806223,76.141105,CO,15,25,21
India,Haryana,"Charkhi Dadri","Mini Secretariat, Charkhi Dadri - HSPCB","28-08-2026 22:00:00",28.593883,76.270653,NO2,9,23,15
India,Haryana,"Charkhi Dadri","Mini Secretariat, Charkhi Dadri - HSPCB","28-08-2026 22:00:00",28.593883,76.270653,SO2,7,9,8
India,Haryana,"Charkhi Dadri","Mini Secretariat, Charkhi Dadri - HSPCB","28-08-2026 22:00:00",28.593883,76.270653,OZONE,22,34,30
India,Haryana,Dharuhera,"Municipal Corporation Office, Dharuhera -  HSPCB","28-08-2026 22:00:00",28.2068,76.7997,SO2,7,9,8
India,Haryana,Dharuhera,"Municipal Corporation Office, Dharuhera -  HSPCB","28-08-2026 22:00:00",28.2068,76.7997,CO,13,36,28
India,Haryana,Faridabad,"New Industrial Town, Faridabad - HSPCB","28-08-2026 22:00:00",28.39072,77.30059,NO2,24,27,25
India,Haryana,Faridabad,"Sector 11, Faridabad - HSPCB","28-08-2026 22:00:00",28.376058,77.315741,PM10,20,300,131
India,Haryana,Faridabad,"Sector 11, Faridabad - HSPCB","28-08-2026 22:00:00",28.376058,77.315741,NH3,8,9,8
India,Haryana,Karnal,"Sector-12, Karnal - HSPCB","28-08-2026 22:00:00",29.6953,77.0027,SO2,12,13,12
India,Haryana,Karnal,"Sector-12, Karnal - HSPCB","28-08-2026 22:00:00",29.6953,77.0027,CO,45,56,50
India,Haryana,Karnal,"Sector-12, Karnal - HSPCB","28-08-2026 22:00:00",29.6953,77.0027,OZONE,3,74,30
India,Haryana,Kurukshetra,"Sector-7, Kurukshetra - HSPCB","28-08-2026 22:00:00",29.966942,76.875879,PM2.5,61,100,83
India,Haryana,Kurukshetra,"Sector-7, Kurukshetra - HSPCB","28-08-2026 22:00:00",29.966942,76.875879,CO,2,22,11
India,Haryana,Manesar,"Sector-2 IMT, Manesar - HSPCB","28-08-2026 22:00:00",28.360699,76.93609,PM2.5,NA,NA,NA
India,Haryana,Manesar,"Sector-2 IMT, Manesar - HSPCB","28-08-2026 22:00:00",28.360699,76.93609,NO2,NA,NA,NA
India,Haryana,Manesar,"Sector-2 IMT, Manesar - HSPCB","28-08-2026 22:00:00",28.360699,76.93609,CO,NA,NA,NA
India,Haryana,Narnaul,"Shastri Nagar, Narnaul - HSPCB","28-08-2026 22:00:00",28.060249,76.113115,NH3,3,8,5
India,Haryana,Palwal,"Shyam Nagar, Palwal - HSPCB","28-08-2026 22:00:00",28.1485564,77.3320667,PM2.5,38,70,48
India,Haryana,Palwal,"Shyam Nagar, Palwal - HSPCB","28-08-2026 22:00:00",28.1485564,77.3320667,SO2,2,35,12
India,Haryana,Panchgaon,"Amity University, Panchgaon - IITM","28-08-2026 22:00:00",28.3153,76.9143,PM2.5,28,164,94
India,Haryana,Panchgaon,"Amity University, Panchgaon - IITM","28-08-2026 22:00:00",28.3153,76.9143,SO2,8,15,13
India,Haryana,Panchkula,"Sector-6, Panchkula - HSPCB ","28-08-2026 22:00:00",30.7057778,76.8531805555555,PM2.5,23,84,47
India,Haryana,Panchkula,"Sector-6, Panchkula - HSPCB ","28-08-2026 22:00:00",30.7057778,76.8531805555555,NO2,27,33,30
India,Haryana,Panipat,"Sector-18, Panipat - HSPCB","28-08-2026 22:00:00",29.432304,76.972765,PM2.5,10,244,112
India,Haryana,Panipat,"Sector-18, Panipat - HSPCB","28-08-2026 22:00:00",29.432304,76.972765,NO2,5,9,7
India,Haryana,Panipat,"Sector-18, Panipat - HSPCB","28-08-2026 22:00:00",29.432304,76.972765,OZONE,42,42,42
India,Haryana,Rohtak,"MD University, Rohtak - HSPCB","28-08-2026 22:00:00",28.52123,76.37138,PM2.5,88,158,116
India,Haryana,Rohtak,"MD University, Rohtak - HSPCB","28-08-2026 22:00:00",28.52123,76.37138,NO2,8,10,9
India,Haryana,Rohtak,"MD University, Rohtak - HSPCB","28-08-2026 22:00:00",28.52123,76.37138,CO,37,45,42
India,Haryana,Sirsa,"F-Block, Sirsa - HSPCB","28-08-2026 22:00:00",29.5364,75.0158,PM10,97,162,120
India,Haryana,Sirsa,"F-Block, Sirsa - HSPCB","28-08-2026 22:00:00",29.5364,75.0158,NH3,13,14,14
India,Haryana,Sirsa,"F-Block, Sirsa - HSPCB","28-08-2026 22:00:00",29.5364,75.0158,SO2,33,43,39
India,Haryana,Sonipat,"Murthal, Sonipat - HSPCB","28-08-2026 22:00:00",29.0272,77.0621,PM10,NA,NA,NA
India,Haryana,Sonipat,"Murthal, Sonipat - HSPCB","28-08-2026 22:00:00",29.0272,77.0621,NO2,NA,NA,NA
India,Haryana,Sonipat,"Murthal, Sonipat - HSPCB","28-08-2026 22:00:00",29.0272,77.0621,OZONE,49,49,49
India,Haryana,"Yamuna Nagar","Gobind Pura, Yamuna Nagar - HSPCB","28-08-2026 22:00:00",30.1480566,77.2893471,PM2.5,66,134,96
India,Haryana,"Yamuna Nagar","Gobind Pura, Yamuna Nagar - HSPCB","28-08-2026 22:00:00",30.1480566,77.2893471,PM10,63,108,86
India,"Himachal Pradesh",Baddi,"HIMUDA Complex Phase-1, Baddi - HPPCB","28-08-2026 22:00:00",30.943887,76.801991,NH3,3,6,4
India,"Jammu and Kashmir",Pampore,"Khrew, Pampore - JKPCC","28-08-2026 22:00:00",34.031606,75.009712,NO2,7,33,17
India,"Jammu and Kashmir",Srinagar,"Rajbagh, Srinagar - JKPCC","28-08-2026 22:00:00",34.066206,74.81982,PM10,29,57,41
India,"Jammu and Kashmir",Srinagar,"Rajbagh, Srinagar - JKPCC","28-08-2026 22:00:00",34.066206,74.81982,OZONE,0,2,1
India,Jharkhand,Jorapokhar,"Tata Stadium, Jorapokhar - JSPCB","28-08-2026 22:00:00",23.707909,86.41467,NO2,8,8,8
India,Jharkhand,Jorapokhar,"Tata Stadium, Jorapokhar - JSPCB","28-08-2026 22:00:00",23.707909,86.41467,SO2,21,21,21
India,Jharkhand,Jorapokhar,"Tata Stadium, Jorapokhar - JSPCB","28-08-2026 22:00:00",23.707909,86.41467,OZONE,5,9,6
India,Karnataka,Bengaluru,"Jigani, Bengaluru - KSPCB","28-08-2026 22:00:00",12.7816279,77.6299145,PM2.5,NA,NA,NA
India,Gujarat,Ankleshwar,"GIDC, Ankleshwar - GPCB","28-08-2026 22:00:00",21.613267,73.010555,PM2.5,15,76,36
India,Gujarat,Ankleshwar,"GIDC, Ankleshwar - GPCB","28-08-2026 22:00:00",21.613267,73.010555,NH3,6,7,6
India,Gujarat,Bhavnagar,"Vidhyanagar, Bhavnagar - Nexteng Enviro","28-08-2026 22:00:00",21.755417,72.139056,NH3,4,6,5
India,Gujarat,Bhavnagar,"Vidhyanagar, Bhavnagar - Nexteng Enviro","28-08-2026 22:00:00",21.755417,72.139056,CO,60,61,61
India,Gujarat,Gandhinagar,"Sector-10, Gandhinagar - GPCB","28-08-2026 22:00:00",23.221714,72.654328,NH3,0,1,0
India,Gujarat,Gandhinagar,"Sector-10, Gandhinagar - GPCB","28-08-2026 22:00:00",23.221714,72.654328,CO,14,16,15
India,Gujarat,Gandhinagar,"IIPHG Lekawada, Gandhinagar - IITM","28-08-2026 22:00:00",23.243639,72.68994,NH3,0,1,1
India,Gujarat,Gandhinagar,"GIFT City, Gandhinagar - IITM","28-08-2026 22:00:00",23.163798,72.677768,NH3,4,6,6
India,Gujarat,Gandhinagar,"GIFT City, Gandhinagar - IITM","28-08-2026 22:00:00",23.163798,72.677768,CO,24,51,37
India,Gujarat,Mehsana,"Sadanand Nagar, Mehsana - Nexteng Enviro","28-08-2026 22:00:00",23.59315,72.372792,OZONE,9,10,9
India,Gujarat,Nandesari,"GIDC, Nandesari - Nandesari Ind. Association","28-08-2026 22:00:00",22.410802,73.097923,PM2.5,21,111,52
India,Gujarat,Nandesari,"GIDC, Nandesari - Nandesari Ind. Association","28-08-2026 22:00:00",22.410802,73.097923,SO2,3,19,5
India,Gujarat,Rajkot,"Mavdi, Rajkot - Nexteng Enviro ","28-08-2026 22:00:00",22.248853,70.776774,PM10,30,74,45
India,Gujarat,Rajkot,"Mavdi, Rajkot - Nexteng Enviro ","28-08-2026 22:00:00",22.248853,70.776774,NH3,0,1,1
India,Gujarat,Surat,"Katargam, Surat - Nexteng Enviro","28-08-2026 22:00:00",21.217779,72.834787,PM2.5,13,56,34
India,Gujarat,Surat,"Katargam, Surat - Nexteng Enviro","28-08-2026 22:00:00",21.217779,72.834787,PM10,42,91,60
India,Gujarat,Surat,"Katargam, Surat - Nexteng Enviro","28-08-2026 22:00:00",21.217779,72.834787,NO2,5,37,14
India,Gujarat,Surat,"Katargam, Surat - Nexteng Enviro","28-08-2026 22:00:00",21.217779,72.834787,CO,48,51,49
India,Delhi,Delhi,"Anand Vihar, Delhi - DPCC","28-08-2026 22:00:00",28.647622,77.315809,CO,NA,NA,NA
India,Delhi,Delhi,"Shadipur, Delhi - CPCB","28-08-2026 22:00:00",28.6514781,77.1473105,NO2,28,172,55
India,Delhi,Delhi,"Shadipur, Delhi - CPCB","28-08-2026 22:00:00",28.6514781,77.1473105,SO2,6,17,12
India,Delhi,Delhi,"Mandir Marg, Delhi - DPCC","28-08-2026 22:00:00",28.636429,77.201067,OZONE,6,16,12
India,Delhi,Delhi,"Pusa, Delhi - DPCC","28-08-2026 22:00:00",28.639652,77.146275,PM2.5,27,193,69
India,Delhi,Delhi,"Pusa, Delhi - DPCC","28-08-2026 22:00:00",28.639652,77.146275,PM10,74,252,158
India,Delhi,Delhi,"Pusa, Delhi - DPCC","28-08-2026 22:00:00",28.639652,77.146275,OZONE,3,4,3
India,Delhi,Delhi,"Chandni Chowk, Delhi - IITM","28-08-2026 22:00:00",28.656756,77.227234,PM2.5,41,111,68
India,Delhi,Delhi,"Chandni Chowk, Delhi - IITM","28-08-2026 22:00:00",28.656756,77.227234,NO2,12,36,21
India,Delhi,Delhi,"Chandni Chowk, Delhi - IITM","28-08-2026 22:00:00",28.656756,77.227234,SO2,7,11,8
India,Delhi,Delhi,"Pusa, Delhi - IITM","28-08-2026 22:00:00",28.63611,77.173332,PM10,96,155,125
India,Delhi,Delhi,"DTU, Delhi - CPCB","28-08-2026 22:00:00",28.7500499,77.1112615,PM10,82,125,109
India,Delhi,Delhi,"Dwarka-Sector 8, Delhi - DPCC ","28-08-2026 22:00:00",28.5710274,77.0719006,SO2,3,30,14
India,Delhi,Delhi,"Dwarka-Sector 8, Delhi - DPCC ","28-08-2026 22:00:00",28.5710274,77.0719006,CO,9,76,28
India,Delhi,Delhi,"Dr. Karni Singh Shooting Range, Delhi - DPCC","28-08-2026 22:00:00",28.498571,77.26484,SO2,5,9,6
India,Delhi,Delhi,"Dr. Karni Singh Shooting Range, Delhi - DPCC","28-08-2026 22:00:00",28.498571,77.26484,OZONE,6,28,18
India,Delhi,Delhi,"IIT Delhi, Delhi - IITM","28-08-2026 22:00:00",28.54246,77.191651,PM10,132,285,199
India,Karnataka,Bengaluru,"City Railway Station, Bengaluru - KSPCB","28-08-2026 22:00:00",12.9756843,77.5660749,NH3,NA,NA,NA
India,Karnataka,Bengaluru,"City Railway Station, Bengaluru - KSPCB","28-08-2026 22:00:00",12.9756843,77.5660749,CO,51,60,55
India,Karnataka,Bengaluru,"Jayanagar 5th Block, Bengaluru - KSPCB","28-08-2026 22:00:00",12.920984,77.584908,PM10,31,58,46
India,Karnataka,Bengaluru,"Jayanagar 5th Block, Bengaluru - KSPCB","28-08-2026 22:00:00",12.920984,77.584908,SO2,0,8,3
India,Karnataka,Bengaluru,"Hombegowda Nagar, Bengaluru - KSPCB","28-08-2026 22:00:00",12.938539,77.5901,NH3,1,1,1
India,Karnataka,Bengaluru,"Peenya, Bengaluru - CPCB","28-08-2026 22:00:00",13.0270199,77.494094,PM10,62,83,72
India,Karnataka,Bengaluru,"Shivapura_Peenya, Bengaluru - KSPCB","28-08-2026 22:00:00",13.0246342,77.5080115,PM10,NA,NA,NA
India,Karnataka,Bengaluru,"Silk Board, Bengaluru - KSPCB","28-08-2026 22:00:00",12.917348,77.622813,PM2.5,NA,NA,NA
India,Karnataka,Bengaluru,"Bapuji Nagar, Bengaluru - KSPCB","28-08-2026 22:00:00",12.951913,77.539784,PM2.5,27,44,34
India,Karnataka,Bengaluru,"Bapuji Nagar, Bengaluru - KSPCB","28-08-2026 22:00:00",12.951913,77.539784,NO2,20,24,22
India,Karnataka,Bengaluru,"Bapuji Nagar, Bengaluru - KSPCB","28-08-2026 22:00:00",12.951913,77.539784,NH3,3,3,3
India,Karnataka,Chamarajanagar,"Urban, Chamarajanagar - KSPCB","28-08-2026 22:00:00",11.55358,76.55521,NO2,15,34,24
India,Karnataka,Chikkaballapur,"Chikkaballapur Rural, Chikkaballapur - KSPCB","28-08-2026 22:00:00",13.428828,77.731418,CO,17,27,22
India,Karnataka,Chikkaballapur,"Chikkaballapur Rural, Chikkaballapur - KSPCB","28-08-2026 22:00:00",13.428828,77.731418,OZONE,19,19,19
India,Delhi,Delhi,"Alipur, Delhi - DPCC","28-08-2026 22:00:00",28.815329,77.15301,PM2.5,NA,NA,NA
India,Delhi,Delhi,"North Campus, DU, Delhi - IITM","28-08-2026 22:00:00",28.6573814,77.1585447,PM10,98,166,133
India,Delhi,Delhi,"North Campus, DU, Delhi - IITM","28-08-2026 22:00:00",28.6573814,77.1585447,SO2,NA,NA,NA
India,Delhi,Delhi,"R K Puram, Delhi - DPCC","28-08-2026 22:00:00",28.563262,77.186937,CO,50,105,67
India,Delhi,Delhi,"R K Puram, Delhi - DPCC","28-08-2026 22:00:00",28.563262,77.186937,OZONE,5,33,24
India,Gujarat,Ahmedabad,"SVPI Airport Hansol, Ahmedabad - IITM","28-08-2026 22:00:00",23.076793,72.627874,SO2,5,83,29
India,Gujarat,Ahmedabad,"Rakhial, Ahmedabad - IITM","28-08-2026 22:00:00",23.016834,72.625775,NO2,16,92,40
India,Gujarat,Ahmedabad,"Maninagar, Ahmedabad - GPCB","28-08-2026 22:00:00",23.002657,72.591912,NO2,26,47,36
India,Gujarat,Ahmedabad,"Maninagar, Ahmedabad - GPCB","28-08-2026 22:00:00",23.002657,72.591912,NH3,NA,NA,NA
India,Gujarat,Ahmedabad,"Maninagar, Ahmedabad - GPCB","28-08-2026 22:00:00",23.002657,72.591912,SO2,16,21,18
India,Gujarat,Ahmedabad,"Maninagar, Ahmedabad - GPCB","28-08-2026 22:00:00",23.002657,72.591912,OZONE,43,85,65
India,Gujarat,Ahmedabad,"SAC ISRO Satellite, Ahmedabad - IITM","28-08-2026 22:00:00",23.023389,72.515201,PM10,53,113,72
India,Gujarat,Ahmedabad,"Gyaspur, Ahmedabad - IITM","28-08-2026 22:00:00",22.977134,72.553024,PM2.5,28,106,51
India,Gujarat,Ahmedabad,"Gyaspur, Ahmedabad - IITM","28-08-2026 22:00:00",22.977134,72.553024,PM10,76,166,99
India,Gujarat,Ahmedabad,"Gyaspur, Ahmedabad - IITM","28-08-2026 22:00:00",22.977134,72.553024,NO2,30,51,37
India,Haryana,Faridabad,"Sector 30, Faridabad - HSPCB","28-08-2026 22:00:00",28.4417,77.3217,SO2,4,13,7
India,Haryana,Fatehabad,"Huda Sector, Fatehabad - HSPCB","28-08-2026 22:00:00",29.503664,75.467934,PM2.5,16,87,79
India,Haryana,Gurugram,"Teri Gram, Gurugram - HSPCB","28-08-2026 22:00:00",28.4275,77.1465,PM2.5,34,330,119
India,Haryana,Gurugram,"Teri Gram, Gurugram - HSPCB","28-08-2026 22:00:00",28.4275,77.1465,CO,7,14,10
India,Haryana,Gurugram,"NISE Gwal Pahari, Gurugram - IITM","28-08-2026 22:00:00",28.422681,77.148944,NO2,13,27,17
India,Haryana,Gurugram,"NISE Gwal Pahari, Gurugram - IITM","28-08-2026 22:00:00",28.422681,77.148944,NH3,NA,NA,NA
India,Haryana,Gurugram,"Sector-51, Gurugram - HSPCB","28-08-2026 22:00:00",28.4227,77.0667,NH3,9,22,13
India,Haryana,Hisar,"Urban Estate-II, Hisar - HSPCB","28-08-2026 22:00:00",29.14056,75.744941,CO,12,15,14
India,Haryana,Jind,"Police Lines, Jind - HSPCB","28-08-2026 22:00:00",29.307814,76.337619,NO2,12,14,13
India,Haryana,Jind,"Police Lines, Jind - HSPCB","28-08-2026 22:00:00",29.307814,76.337619,SO2,27,30,29
India,Haryana,Jind,"Police Lines, Jind - HSPCB","28-08-2026 22:00:00",29.307814,76.337619,OZONE,6,14,11
India,Haryana,Kaithal,"Rishi Nagar, Kaithal - HSPCB","28-08-2026 22:00:00",29.8006,76.4155,PM10,NA,NA,NA
India,Haryana,Kaithal,"Rishi Nagar, Kaithal - HSPCB","28-08-2026 22:00:00",29.8006,76.4155,NO2,19,27,22
India,Delhi,Delhi,"IGI Airport (T3), Delhi - IITM","28-08-2026 22:00:00",28.5627763,77.1180053,PM10,113,148,132
India,Delhi,Delhi,"IGI Airport (T3), Delhi - IITM","28-08-2026 22:00:00",28.5627763,77.1180053,SO2,NA,NA,NA
India,Delhi,Delhi,"Commonwealth Sports Complex, Delhi - DPCC","28-08-2026 22:00:00",28.615828,77.271992,PM10,89,153,115
India,Delhi,Delhi,"Commonwealth Sports Complex, Delhi - DPCC","28-08-2026 22:00:00",28.615828,77.271992,NO2,4,53,21
India,Delhi,Delhi,"Commonwealth Sports Complex, Delhi - DPCC","28-08-2026 22:00:00",28.615828,77.271992,NH3,0,4,2
India,Delhi,Delhi,"Commonwealth Sports Complex, Delhi - DPCC","28-08-2026 22:00:00",28.615828,77.271992,SO2,4,8,6
India,Delhi,Delhi,"Commonwealth Sports Complex, Delhi - DPCC","28-08-2026 22:00:00",28.615828,77.271992,OZONE,4,59,34
India,Delhi,Delhi,"Talkatora Garden, Delhi - DPCC","28-08-2026 22:00:00",28.62181,77.1944633,PM2.5,46,118,72
India,Delhi,Delhi,"NSIT Dwarka, Delhi - CPCB","28-08-2026 22:00:00",28.60909,77.0325413,SO2,3,124,29
India,Delhi,Delhi,"Aya Nagar, Delhi - IITM","28-08-2026 22:00:00",28.4706914,77.1099364,CO,14,47,22
India,Delhi,Delhi,"Burari Crossing, Delhi - IITM","28-08-2026 22:00:00",28.7256504,77.2011573,PM10,93,176,130
India,Delhi,Delhi,"Burari Crossing, Delhi - IITM","28-08-2026 22:00:00",28.7256504,77.2011573,OZONE,10,69,42
India,"Madhya Pradesh",Sagar,"Civil Lines, Sagar - MPPCB","28-08-2026 22:00:00",23.838586,78.759431,CO,14,17,15
India,"Madhya Pradesh",Sagar,"Civil Lines, Sagar - MPPCB","28-08-2026 22:00:00",23.838586,78.759431,OZONE,34,39,37
India,"Madhya Pradesh",Satna,"Bandhavgar Colony, Satna - Birla Cement","28-08-2026 22:00:00",24.58434363,80.8549414,NH3,NA,NA,NA
India,"Madhya Pradesh",Singrauli,"Suryakiran Bhawan NCL, Singrauli - MPPCB","28-08-2026 22:00:00",24.10897,82.64558,NO2,8,11,9
India,"Madhya Pradesh",Ujjain,"Mahashweta Nagar, Ujjain - MPPCB","28-08-2026 22:00:00",23.1633321,75.800225,PM2.5,9,78,47
India,"Madhya Pradesh",Ujjain,"Mahashweta Nagar, Ujjain - MPPCB","28-08-2026 22:00:00",23.1633321,75.800225,NO2,5,15,8
India,Maharashtra,Akola,"Ramdaspeth, Akola - MPCB","28-08-2026 22:00:00",20.719516,77.000253,NH3,7,9,8
India,Maharashtra,Amravati,"Shri Shivaji Science College, Amravati - MPCB","28-08-2026 22:00:00",20.939198,77.765701,PM2.5,20,43,33
India,Maharashtra,Amravati,"Shri Shivaji Science College, Amravati - MPCB","28-08-2026 22:00:00",20.939198,77.765701,OZONE,17,25,22
India,Maharashtra,Aurangabad,"MIDC Chilkalthana, Aurangabad - MPCB","28-08-2026 22:00:00",19.87562,75.38731,PM2.5,26,32,29
India,Maharashtra,Aurangabad,"MIDC Chilkalthana, Aurangabad - MPCB","28-08-2026 22:00:00",19.87562,75.38731,CO,23,27,25
India,Maharashtra,Aurangabad,"Rachnakar Colony, Aurangabad - MPCB","28-08-2026 22:00:00",19.863756,75.321188,PM2.5,32,63,46
India,Maharashtra,Aurangabad,"Rachnakar Colony, Aurangabad - MPCB","28-08-2026 22:00:00",19.863756,75.321188,NO2,8,15,11
India,Maharashtra,Aurangabad,"More Chowk Waluj, Aurangabad - MPCB","28-08-2026 22:00:00",19.8389439,75.244448,PM2.5,43,53,49
India,Maharashtra,Aurangabad,"More Chowk Waluj, Aurangabad - MPCB","28-08-2026 22:00:00",19.8389439,75.244448,SO2,21,31,26
India,Karnataka,Chikkamagaluru,"Kalyana Nagara, Chikkamagaluru - KSPCB","28-08-2026 22:00:00",13.328028,75.797056,NO2,NA,NA,NA
India,Karnataka,Chikkamagaluru,"Kalyana Nagara, Chikkamagaluru - KSPCB","28-08-2026 22:00:00",13.328028,75.797056,NH3,NA,NA,NA
India,Karnataka,Davanagere,"Devaraj Urs Badavane, Davanagere - KSPCB","28-08-2026 22:00:00",14.4758,75.9052,SO2,3,4,4
India,Karnataka,Dharwad,"Kalabhavan, Dharwad - KSPCB","28-08-2026 22:00:00",15.459706,75.008381,SO2,6,8,7
India,Karnataka,Dharwad,"Kalabhavan, Dharwad - KSPCB","28-08-2026 22:00:00",15.459706,75.008381,OZONE,28,29,29
India,Karnataka,Gadag,"Panchal Nagar, Gadag - KSPCB","28-08-2026 22:00:00",15.411456,75.638133,OZONE,17,17,17
India,Karnataka,Hubballi,"Lingaraj Nagar, Hubballi - KSPCB","28-08-2026 22:00:00",15.3714823,75.1160168,PM2.5,32,40,36
India,Karnataka,Hubballi,"Lingaraj Nagar, Hubballi - KSPCB","28-08-2026 22:00:00",15.3714823,75.1160168,CO,12,14,13
India,Karnataka,Hubballi,"Lingaraj Nagar, Hubballi - KSPCB","28-08-2026 22:00:00",15.3714823,75.1160168,OZONE,23,27,26
India,Karnataka,Kalaburagi,"Mahatma Basaveswar Colony, Kalaburgi - KSPCB","28-08-2026 22:00:00",17.336318,76.847397,PM2.5,12,34,23
India,Karnataka,Kalaburagi,"Mahatma Basaveswar Colony, Kalaburgi - KSPCB","28-08-2026 22:00:00",17.336318,76.847397,NO2,11,17,13
India,Karnataka,Kalaburagi,"Mahatma Basaveswar Colony, Kalaburgi - KSPCB","28-08-2026 22:00:00",17.336318,76.847397,NH3,2,3,2
India,Karnataka,Kalaburagi,"Mahatma Basaveswar Colony, Kalaburgi - KSPCB","28-08-2026 22:00:00",17.336318,76.847397,OZONE,13,18,15
India,Karnataka,Karwar,"KHB Colony, Karwar - KSPCB","28-08-2026 22:00:00",14.816666,74.141003,CO,NA,NA,NA
India,Karnataka,Mysuru,"Hebbal 1st Stage, Mysuru - KSPCB","28-08-2026 22:00:00",12.21041,76.37376,NO2,8,29,19
India,Karnataka,Ramanagara,"Vijay Nagar, Ramanagara - KSPCB","28-08-2026 22:00:00",12.733409,77.298051,PM2.5,16,277,55
India,Maharashtra,Badlapur,"Katrap, Badlapur - MPCB","28-08-2026 22:00:00",19.16485,73.23409,PM2.5,12,27,17
India,Maharashtra,Badlapur,"Katrap, Badlapur - MPCB","28-08-2026 22:00:00",19.16485,73.23409,PM10,14,36,22
India,Maharashtra,Belapur,"CBD Belapur, Belapur - MPCB","28-08-2026 22:00:00",19.0243902,73.0406721,NH3,NA,NA,NA
India,Maharashtra,Belapur,"CBD Belapur, Belapur - MPCB","28-08-2026 22:00:00",19.0243902,73.0406721,SO2,NA,NA,NA
India,Maharashtra,Bhiwandi,"Gokul Nagar, Bhiwandi - MPCB","28-08-2026 22:00:00",19.309073,73.057223,PM10,27,45,32
India,Maharashtra,Boisar,"Khaira, Boisar - MPCB","28-08-2026 22:00:00",19.786089,72.757971,NO2,NA,NA,NA
India,Maharashtra,Boisar,"Khaira, Boisar - MPCB","28-08-2026 22:00:00",19.786089,72.757971,SO2,1,6,5
India,Maharashtra,Boisar,"Khaira, Boisar - MPCB","28-08-2026 22:00:00",19.786089,72.757971,CO,11,39,26
India,Maharashtra,Chandrapur,"MIDC Khutala, Chandrapur - MPCB","28-08-2026 22:00:00",19.9775302,79.2337086,PM10,32,152,89
India,Maharashtra,Chandrapur,"MIDC Khutala, Chandrapur - MPCB","28-08-2026 22:00:00",19.9775302,79.2337086,CO,38,41,40
India,Maharashtra,Chandrapur,"Chauhan Colony, Chandrapur - MPCB","28-08-2026 22:00:00",19.9629,79.298714,PM2.5,46,110,73
India,Maharashtra,Dhule,"Deopur, Dhule - MPCB","28-08-2026 22:00:00",20.918946,74.776388,SO2,0,3,1
India,Maharashtra,Dhule,"Deopur, Dhule - MPCB","28-08-2026 22:00:00",20.918946,74.776388,OZONE,10,11,11
India,Maharashtra,Dombivli,"Kalu Nagar, Dombivli - MPCB","28-08-2026 22:00:00",19.2268427,73.0788456,NH3,1,1,1
India,Maharashtra,Jalgaon,"Prabhat Colony, Jalgaon - MPCB","28-08-2026 22:00:00",21.001264,75.565602,PM2.5,17,66,31
India,Maharashtra,Mumbai,"Sion, Mumbai - MPCB","28-08-2026 22:00:00",19.047,72.8746,CO,18,19,18
India,Maharashtra,Mumbai,"Siddharth Nagar-Worli, Mumbai - IITM","28-08-2026 22:00:00",19.000083,72.813993,NO2,8,26,12
India,Maharashtra,Mumbai,"Siddharth Nagar-Worli, Mumbai - IITM","28-08-2026 22:00:00",19.000083,72.813993,SO2,NA,NA,NA
India,Maharashtra,Mumbai,"Siddharth Nagar-Worli, Mumbai - IITM","28-08-2026 22:00:00",19.000083,72.813993,CO,18,104,48
India,Maharashtra,Mumbai,"Kherwadi_Bandra East, Mumbai - MPCB","28-08-2026 22:00:00",19.0632143,72.8456324,SO2,NA,NA,NA
India,Maharashtra,Mumbai,"Kherwadi_Bandra East, Mumbai - MPCB","28-08-2026 22:00:00",19.0632143,72.8456324,CO,31,37,33
India,Maharashtra,Mumbai,"Byculla, Mumbai - BMC","28-08-2026 22:00:00",18.9767,72.838,SO2,1,10,5
India,Maharashtra,Mumbai,"Worli, Mumbai - MPCB","28-08-2026 22:00:00",18.9936162,72.8128113,SO2,7,9,8
India,Maharashtra,Mumbai,"Chembur, Mumbai - MPCB","28-08-2026 22:00:00",19.0364585,72.8954371,NO2,NA,NA,NA
India,Maharashtra,Mumbai,"Kandivali West, Mumbai - BMC","28-08-2026 22:00:00",19.215859,72.831718,NH3,1,5,4
India,Maharashtra,Mumbai,"Kandivali West, Mumbai - BMC","28-08-2026 22:00:00",19.215859,72.831718,CO,10,36,21
India,Maharashtra,Mumbai,"Kandivali West, Mumbai - BMC","28-08-2026 22:00:00",19.215859,72.831718,OZONE,8,16,13
India,Maharashtra,Mumbai,"Sewri, Mumbai - BMC","28-08-2026 22:00:00",19.000084,72.85673,PM10,33,42,37
India,Maharashtra,Mumbai,"Sewri, Mumbai - BMC","28-08-2026 22:00:00",19.000084,72.85673,NH3,2,5,3
India,Maharashtra,Mumbai,"Sewri, Mumbai - BMC","28-08-2026 22:00:00",19.000084,72.85673,SO2,NA,NA,NA
India,Maharashtra,Mumbai,"Sewri, Mumbai - BMC","28-08-2026 22:00:00",19.000084,72.85673,CO,24,24,24
India,"Madhya Pradesh",Indore,"Maguda Nagar, Indore - IMC","28-08-2026 22:00:00",22.7524,75.8872,PM10,NA,NA,NA
India,"Madhya Pradesh",Indore,"Maguda Nagar, Indore - IMC","28-08-2026 22:00:00",22.7524,75.8872,SO2,26,48,34
India,"Madhya Pradesh",Indore,"Maguda Nagar, Indore - IMC","28-08-2026 22:00:00",22.7524,75.8872,OZONE,11,12,11
India,"Madhya Pradesh",Jabalpur,"Marhatal, Jabalpur - MPPCB","28-08-2026 22:00:00",23.168606,79.932247,PM2.5,11,30,22
India,"Madhya Pradesh",Jabalpur,"Marhatal, Jabalpur - MPPCB","28-08-2026 22:00:00",23.168606,79.932247,PM10,9,22,16
India,"Madhya Pradesh",Jabalpur,"Marhatal, Jabalpur - MPPCB","28-08-2026 22:00:00",23.168606,79.932247,NO2,38,47,42
India,"Madhya Pradesh",Jabalpur,"Suhagi, Jabalpur - JMC","28-08-2026 22:00:00",23.218135,79.95777,CO,37,43,39
India,"Madhya Pradesh",Katni,"Gole Bazar, Katni - MPPCB","28-08-2026 22:00:00",23.50016,80.23284,PM2.5,16,45,30
India,"Madhya Pradesh",Katni,"Gole Bazar, Katni - MPPCB","28-08-2026 22:00:00",23.50016,80.23284,PM10,26,76,44
India,"Madhya Pradesh",Maihar,"Sahilara, Maihar - KJS Cements","28-08-2026 22:00:00",24.2613009,80.7231783,PM2.5,3,26,10
India,"Madhya Pradesh",Mandideep,"Sector-D Industrial Area, Mandideep - MPPCB","28-08-2026 22:00:00",23.10844,77.511428,SO2,NA,NA,NA
India,"Madhya Pradesh",Pithampur,"Sector-2 Industrial Area, Pithampur - MPPCB","28-08-2026 22:00:00",22.624758,75.675238,CO,11,25,18
India,"Madhya Pradesh",Sagar,"Civil Lines, Sagar - MPPCB","28-08-2026 22:00:00",23.838586,78.759431,SO2,6,7,6
India,Maharashtra,Jalgaon,"Prabhat Colony, Jalgaon - MPCB","28-08-2026 22:00:00",21.001264,75.565602,NH3,1,2,1
India,Maharashtra,Jalna,"Old MIDC, Jalna - MPCB","28-08-2026 22:00:00",19.854616,75.905894,NO2,NA,NA,NA
India,Maharashtra,Kalyan,"Khadakpada, Kalyan - MPCB","28-08-2026 22:00:00",19.25292,73.142019,PM2.5,12,197,52
India,Maharashtra,Kalyan,"Pimpleshwar Mandir, Kalyan - MPCB","28-08-2026 22:00:00",19.192056,72.9585188,PM2.5,5,49,27
India,Maharashtra,Kolhapur,"Sinchan Bhavan, Kolhapur - MPCB","28-08-2026 22:00:00",16.7143745,74.2426398,PM2.5,15,29,20
India,Maharashtra,Kolhapur,"Shivaji University, Kolhapur - MPCB","28-08-2026 22:00:00",16.6870449,74.2505872,PM2.5,10,54,34
India,Maharashtra,Kolhapur,"Shivaji University, Kolhapur - MPCB","28-08-2026 22:00:00",16.6870449,74.2505872,PM10,19,53,37
India,Maharashtra,Kolhapur,"Shivaji University, Kolhapur - MPCB","28-08-2026 22:00:00",16.6870449,74.2505872,NO2,2,17,10
India,Maharashtra,Latur,"Sawe Wadi, Latur - MPCB","28-08-2026 22:00:00",18.39963,76.57452,PM2.5,27,50,36
India,Maharashtra,Latur,"Sawe Wadi, Latur - MPCB","28-08-2026 22:00:00",18.39963,76.57452,PM10,31,76,52
India,Maharashtra,Latur,"Sawe Wadi, Latur - MPCB","28-08-2026 22:00:00",18.39963,76.57452,OZONE,24,37,33
India,Maharashtra,Mumbai,"Shivaji Nagar, Mumbai - BMC","28-08-2026 22:00:00",19.060498,72.923356,SO2,0,16,10
India,"Madhya Pradesh",Bhopal,"T T Nagar, Bhopal - MPPCB","28-08-2026 22:00:00",23.233584,77.400574,OZONE,17,26,22
India,"Madhya Pradesh",Dewas,"Bhopal Chauraha, Dewas - MPPCB","28-08-2026 22:00:00",22.9682591,76.064118,PM2.5,16,72,41
India,"Madhya Pradesh",Dewas,"Bhopal Chauraha, Dewas - MPPCB","28-08-2026 22:00:00",22.9682591,76.064118,SO2,46,63,54
India,"Madhya Pradesh",Dewas,"Bhopal Chauraha, Dewas - MPPCB","28-08-2026 22:00:00",22.9682591,76.064118,OZONE,32,42,37
India,"Madhya Pradesh",Gwalior,"Maharaj Bada, Gwalior - MPPCB","28-08-2026 22:00:00",26.200388,78.147714,NH3,2,5,3
India,"Madhya Pradesh",Gwalior,"Maharaj Bada, Gwalior - MPPCB","28-08-2026 22:00:00",26.200388,78.147714,CO,51,113,80
India,"Madhya Pradesh",Indore,"Regional Park, Indore - IMC","28-08-2026 22:00:00",22.678,75.8559,SO2,38,39,38
India,"Madhya Pradesh",Indore,"Chhoti Gwaltoli, Indore - MPPCB","28-08-2026 22:00:00",22.431,75.5213,CO,18,41,27
India,"Madhya Pradesh",Indore,"Airport Area, Indore - IMC","28-08-2026 22:00:00",22.7289,75.8076,PM10,16,105,60
India,"Madhya Pradesh",Indore,"Airport Area, Indore - IMC","28-08-2026 22:00:00",22.7289,75.8076,NH3,0,1,0
India,"Madhya Pradesh",Indore,"Airport Area, Indore - IMC","28-08-2026 22:00:00",22.7289,75.8076,CO,33,37,35
India,Karnataka,Ramanagara,"Vijay Nagar, Ramanagara - KSPCB","28-08-2026 22:00:00",12.733409,77.298051,CO,25,38,31
India,Karnataka,Vijayapura,"Ibrahimpur, Vijayapura - KSPCB","28-08-2026 22:00:00",16.802639,75.722694,NH3,3,4,4
India,Karnataka,Vijayapura,"Ibrahimpur, Vijayapura - KSPCB","28-08-2026 22:00:00",16.802639,75.722694,SO2,3,6,3
India,Karnataka,Yadgir,"Collector Office, Yadgir - KSPCB","28-08-2026 22:00:00",16.7602,77.1428,NH3,0,0,0
India,Karnataka,Yadgir,"Collector Office, Yadgir - KSPCB","28-08-2026 22:00:00",16.7602,77.1428,CO,7,12,10
India,Kerala,Eloor,"Udyogamandal, Eloor - Kerala PCB","28-08-2026 22:00:00",10.073232,76.302765,PM2.5,51,58,55
India,Kerala,Thrissur,"Corporation Ground, Thrissur - Kerala PCB","28-08-2026 22:00:00",10.5324,76.2159,PM10,45,62,53
India,Kerala,Thrissur,"Corporation Ground, Thrissur - Kerala PCB","28-08-2026 22:00:00",10.5324,76.2159,CO,14,17,15
India,Ladakh,Leh,"Skara Yokma, Leh - LPCC","28-08-2026 22:00:00",34.147096,77.55709,PM2.5,1,25,14
India,Ladakh,Leh,"Skara Yokma, Leh - LPCC","28-08-2026 22:00:00",34.147096,77.55709,SO2,8,10,9
India,Maharashtra,Mumbai,"Borivali East, Mumbai - IITM","28-08-2026 22:00:00",19.23241,72.86895,PM10,31,62,45
India,Maharashtra,Mumbai,"Mazgaon, Mumbai - IITM","28-08-2026 22:00:00",18.96702,72.84214,SO2,7,17,11
India,Maharashtra,Mumbai,"Chakala-Andheri East, Mumbai - IITM","28-08-2026 22:00:00",19.11074,72.86084,OZONE,7,10,8
India,Maharashtra,Mumbai,"Bandra Kurla Complex, Mumbai - IITM","28-08-2026 22:00:00",19.053536,72.84643,PM2.5,4,27,14
India,Maharashtra,Mumbai,"Ghatkopar, Mumbai - BMC","28-08-2026 22:00:00",19.083694,72.920967,NH3,3,4,4
India,Maharashtra,Mumbai,"Deonar, Mumbai - IITM","28-08-2026 22:00:00",19.04946,72.923,PM2.5,6,51,19
India,Maharashtra,Mumbai,"Deonar, Mumbai - IITM","28-08-2026 22:00:00",19.04946,72.923,NH3,6,9,7
India,Maharashtra,Mumbai,"Chhatrapati Shivaji Intl. Airport (T2), Mumbai - MPCB","28-08-2026 22:00:00",19.10078,72.87462,PM2.5,16,35,25
India,Punjab,Amritsar,"Golden Temple, Amritsar - PPCB","28-08-2026 22:00:00",31.62,74.876512,NH3,5,6,5
India,Punjab,Amritsar,"Golden Temple, Amritsar - PPCB","28-08-2026 22:00:00",31.62,74.876512,SO2,15,18,16
India,Punjab,Bathinda,"Hardev Nagar, Bathinda - PPCB","28-08-2026 22:00:00",30.233011,74.907758,CO,20,26,22
India,Punjab,Khanna,"Kalal Majra, Khanna - PPCB","28-08-2026 22:00:00",30.736056,76.209694,PM10,79,412,126
India,Punjab,Khanna,"Kalal Majra, Khanna - PPCB","28-08-2026 22:00:00",30.736056,76.209694,NO2,10,24,19
India,Punjab,"Mandi Gobindgarh","RIMT University, Mandi Gobindgarh - PPCB","28-08-2026 22:00:00",30.649961,76.331442,PM10,66,120,93
India,Punjab,"Mandi Gobindgarh","RIMT University, Mandi Gobindgarh - PPCB","28-08-2026 22:00:00",30.649961,76.331442,SO2,8,16,12
India,Punjab,Patiala,"Model Town, Patiala - PPCB","28-08-2026 22:00:00",30.349388,76.366642,NO2,7,23,14
India,Punjab,Patiala,"Model Town, Patiala - PPCB","28-08-2026 22:00:00",30.349388,76.366642,SO2,16,24,20
India,Punjab,Patiala,"Model Town, Patiala - PPCB","28-08-2026 22:00:00",30.349388,76.366642,OZONE,21,46,34
India,Punjab,Rupnagar,"Ratanpura, Rupnagar - Ambuja Cements","28-08-2026 22:00:00",31.0325454,76.5623046,NH3,NA,NA,NA
India,Rajasthan,Ajmer,"Civil Lines,  Ajmer - RSPCB","28-08-2026 22:00:00",26.470859,74.646594,SO2,8,11,10
India,Rajasthan,Ajmer,"Civil Lines,  Ajmer - RSPCB","28-08-2026 22:00:00",26.470859,74.646594,CO,32,47,41
India,Rajasthan,Ajmer,"Civil Lines,  Ajmer - RSPCB","28-08-2026 22:00:00",26.470859,74.646594,OZONE,11,12,12
India,Rajasthan,Alwar,"Moti Doongri, Alwar - RSPCB","28-08-2026 22:00:00",27.554793,76.611536,PM2.5,50,221,104
India,Rajasthan,Alwar,"Moti Doongri, Alwar - RSPCB","28-08-2026 22:00:00",27.554793,76.611536,CO,51,72,65
India,Rajasthan,Banswara,"Rati Talai, Banswara - RSPCB","28-08-2026 22:00:00",23.55519,74.44001,PM2.5,20,29,25
India,Nagaland,Kohima,"PWD Junction, Kohima - NPCB","28-08-2026 22:00:00",25.6635413,94.0989878,OZONE,NA,NA,NA
India,Odisha,Angul,"Hakimapada, Angul - OSPCB","28-08-2026 22:00:00",20.832874,85.104082,PM2.5,22,48,35
India,Odisha,Angul,"Hakimapada, Angul - OSPCB","28-08-2026 22:00:00",20.832874,85.104082,NH3,2,3,2
India,Odisha,Angul,"Hakimapada, Angul - OSPCB","28-08-2026 22:00:00",20.832874,85.104082,SO2,6,18,11
India,Odisha,Balasore,"Kalidaspur, Balasore - OSPCB","28-08-2026 22:00:00",21.51161,86.89088,SO2,4,6,5
India,Odisha,Balasore,"Kalidaspur, Balasore - OSPCB","28-08-2026 22:00:00",21.51161,86.89088,CO,43,55,48
India,Odisha,Barbil,"Forest Office, Barbil - OSPCB","28-08-2026 22:00:00",22.1166054,85.3945546,PM2.5,22,110,54
India,Odisha,Barbil,"Forest Office, Barbil - OSPCB","28-08-2026 22:00:00",22.1166054,85.3945546,SO2,6,13,9
India,Odisha,Bhubaneswar,"Patia, Bhubaneswar - OSPCB","28-08-2026 22:00:00",20.34652,85.8163,PM10,19,58,41
India,Odisha,Bhubaneswar,"Patia, Bhubaneswar - OSPCB","28-08-2026 22:00:00",20.34652,85.8163,NH3,3,9,6
India,Odisha,Bhubaneswar,"Patia, Bhubaneswar - OSPCB","28-08-2026 22:00:00",20.34652,85.8163,SO2,6,10,8
India,Odisha,Bhubaneswar,"Patia, Bhubaneswar - OSPCB","28-08-2026 22:00:00",20.34652,85.8163,CO,41,50,46
India,Odisha,Bhubaneswar,"Patia, Bhubaneswar - OSPCB","28-08-2026 22:00:00",20.34652,85.8163,OZONE,22,45,35
India,Odisha,Bhubaneswar,"Lingraj Mandir, Bhubaneswar - OSPCB","28-08-2026 22:00:00",20.24079,85.836784,PM10,20,128,54
India,Odisha,Byasanagar,"Ferro Chrome Colony, Byasanagar - OSPCB","28-08-2026 22:00:00",20.94185,86.1151,PM2.5,25,85,62
India,Odisha,Byasanagar,"Ferro Chrome Colony, Byasanagar - OSPCB","28-08-2026 22:00:00",20.94185,86.1151,NO2,7,28,14
India,Odisha,Byasanagar,"Ferro Chrome Colony, Byasanagar - OSPCB","28-08-2026 22:00:00",20.94185,86.1151,OZONE,20,63,47
India,Maharashtra,Satara,"Koyana Nagar, Satara - MPCB","28-08-2026 22:00:00",17.696651,74.003387,PM10,9,224,77
India,Maharashtra,Satara,"Koyana Nagar, Satara - MPCB","28-08-2026 22:00:00",17.696651,74.003387,NO2,1,17,7
India,Maharashtra,Satara,"Koyana Nagar, Satara - MPCB","28-08-2026 22:00:00",17.696651,74.003387,NH3,0,3,1
India,Maharashtra,Solapur,"Ratandeep Housing Society, Solapur - MPCB","28-08-2026 22:00:00",17.65439,75.90649,NO2,0,19,13
India,Maharashtra,Solapur,"Ratandeep Housing Society, Solapur - MPCB","28-08-2026 22:00:00",17.65439,75.90649,CO,14,36,23
India,Maharashtra,Thane,"Upvan Fort, Thane - MPCB","28-08-2026 22:00:00",19.222279,72.957979,SO2,0,6,3
India,Maharashtra,Thane,"Kasarvadavali, Thane - MPCB","28-08-2026 22:00:00",19.26777,72.97182,NH3,0,1,0
India,Maharashtra,Thane,"Kasarvadavali, Thane - MPCB","28-08-2026 22:00:00",19.26777,72.97182,CO,32,40,36
India,Maharashtra,Ulhasnagar,"Vithalwadi, Ulhasnagar - MPCB","28-08-2026 22:00:00",19.2307571,73.155192,NO2,4,6,5
India,Maharashtra,Ulhasnagar,"Vithalwadi, Ulhasnagar - MPCB","28-08-2026 22:00:00",19.2307571,73.155192,CO,14,20,17
India,Maharashtra,Virar,"Bolinj, Virar - MPCB","28-08-2026 22:00:00",19.445821,72.7988231,PM2.5,18,32,23
India,Maharashtra,Virar,"Bolinj, Virar - MPCB","28-08-2026 22:00:00",19.445821,72.7988231,PM10,27,48,34
India,Meghalaya,Shillong,"JN Stadium, Shillong - Meghalaya PCB","28-08-2026 22:00:00",25.5803419,91.8942571,PM2.5,1,24,11
India,Meghalaya,Shillong,"JN Stadium, Shillong - Meghalaya PCB","28-08-2026 22:00:00",25.5803419,91.8942571,OZONE,6,13,9
India,Mizoram,Aizawl,"Sikulpuikawn, Aizawl - Mizoram PCB","28-08-2026 22:00:00",23.7176342,92.7192841,PM2.5,NA,NA,NA
India,Rajasthan,Dungarpur,"Bhoiwada, Dungarpur - RSPCB","28-08-2026 22:00:00",23.837789,73.714926,SO2,1,4,3
India,Rajasthan,Hanumangarh,"Housing Board, Hanumangarh - RSPCB","28-08-2026 22:00:00",29.61075,74.283608,PM10,70,153,91
India,Rajasthan,Hanumangarh,"Housing Board, Hanumangarh - RSPCB","28-08-2026 22:00:00",29.61075,74.283608,CO,15,27,21
India,Rajasthan,Jaipur,"Mansarovar Sector-12, Jaipur - RSPCB","28-08-2026 22:00:00",26.843698,75.766894,NO2,1,21,8
India,Rajasthan,Jaipur,"Mansarovar Sector-12, Jaipur - RSPCB","28-08-2026 22:00:00",26.843698,75.766894,SO2,1,3,2
India,Rajasthan,Jaipur,"Police Commissionerate, Jaipur - RSPCB","28-08-2026 22:00:00",26.9164092,75.7994901,NO2,31,52,42
India,Rajasthan,Jaipur,"Police Commissionerate, Jaipur - RSPCB","28-08-2026 22:00:00",26.9164092,75.7994901,OZONE,33,40,36
India,Rajasthan,Jaipur,"RIICO Sitapura, Jaipur - RSPCB","28-08-2026 22:00:00",26.786682,75.827928,PM2.5,67,120,87
India,Rajasthan,Jaipur,"RIICO Sitapura, Jaipur - RSPCB","28-08-2026 22:00:00",26.786682,75.827928,PM10,89,133,111
India,Rajasthan,Jaipur,"RIICO Sitapura, Jaipur - RSPCB","28-08-2026 22:00:00",26.786682,75.827928,OZONE,61,86,72
India,Rajasthan,Jaipur,"Shastri Nagar, Jaipur - RSPCB","28-08-2026 22:00:00",26.9502929,75.730943,NO2,16,40,27
India,Rajasthan,Jaipur,"Shastri Nagar, Jaipur - RSPCB","28-08-2026 22:00:00",26.9502929,75.730943,CO,18,27,23
India,Rajasthan,Jhalawar,"Rajlaxmi Nagar, Jhalawar - RSPCB","28-08-2026 22:00:00",24.588397,76.172782,SO2,7,8,8
India,Rajasthan,Jhalawar,"Rajlaxmi Nagar, Jhalawar - RSPCB","28-08-2026 22:00:00",24.588397,76.172782,CO,41,56,50
India,Rajasthan,Jhunjhunu,"Indra Nagar, Jhunjhunu - RSPCB","28-08-2026 22:00:00",28.108988,75.386577,NH3,16,19,18
India,Odisha,Cuttack,"CDA Area, Cuttack - OSPCB","28-08-2026 22:00:00",20.48891,85.84768,SO2,2,12,9
India,Odisha,Keonjhar,"Jagamohanpur, Keonjhar - OSPCB","28-08-2026 22:00:00",21.6439,85.599355,NH3,2,2,2
India,Odisha,Rairangpur,"Divisional Forest Office, Rairangpur - OSPCB","28-08-2026 22:00:00",22.265816,86.174829,PM2.5,22,32,24
India,Odisha,Rairangpur,"Divisional Forest Office, Rairangpur - OSPCB","28-08-2026 22:00:00",22.265816,86.174829,CO,12,19,15
India,Odisha,Rourkela,"Sector-2, Rourkela - OSPCB","28-08-2026 22:00:00",22.245,84.88111111,PM10,39,39,39
India,Odisha,Rourkela,"Sector-2, Rourkela - OSPCB","28-08-2026 22:00:00",22.245,84.88111111,NO2,11,11,11
India,Odisha,Rourkela,"Raghunathpali, Rourkela - OSPCB","28-08-2026 22:00:00",22.220833,84.809444,PM2.5,11,28,16
India,Odisha,Rourkela,"Raghunathpali, Rourkela - OSPCB","28-08-2026 22:00:00",22.220833,84.809444,SO2,3,5,4
India,Odisha,Rourkela,"Fertilizer Township, Rourkela - OSPCB","28-08-2026 22:00:00",22.18972222,84.86277778,PM2.5,NA,NA,NA
India,Odisha,Rourkela,"Fertilizer Township, Rourkela - OSPCB","28-08-2026 22:00:00",22.18972222,84.86277778,NH3,NA,NA,NA
India,Odisha,Rourkela,"Fertilizer Township, Rourkela - OSPCB","28-08-2026 22:00:00",22.18972222,84.86277778,SO2,NA,NA,NA
India,Odisha,Tensa,"Barsua Iron Ore Mines, Tensa - OSPCB","28-08-2026 22:00:00",21.869985,85.167016,PM2.5,7,22,12
India,Odisha,Tensa,"Barsua Iron Ore Mines, Tensa - OSPCB","28-08-2026 22:00:00",21.869985,85.167016,NO2,NA,NA,NA
India,Odisha,Tensa,"Barsua Iron Ore Mines, Tensa - OSPCB","28-08-2026 22:00:00",21.869985,85.167016,CO,15,35,22
India,Punjab,Amritsar,"Golden Temple, Amritsar - PPCB","28-08-2026 22:00:00",31.62,74.876512,PM2.5,69,99,81
India,Maharashtra,Pimpri-Chinchwad,"Park Street Wakad, Pimpri Chinchwad - MPCB","28-08-2026 22:00:00",18.59051,73.77946,NH3,1,1,1
India,Maharashtra,Pimpri-Chinchwad,"Park Street Wakad, Pimpri Chinchwad - MPCB","28-08-2026 22:00:00",18.59051,73.77946,CO,11,19,14
India,Maharashtra,Pimpri-Chinchwad,"Park Street Wakad, Pimpri Chinchwad - MPCB","28-08-2026 22:00:00",18.59051,73.77946,OZONE,7,20,15
India,Maharashtra,Pimpri-Chinchwad,"Savta Mali Nagar, Pimpri-Chinchwad - IITM","28-08-2026 22:00:00",18.614767,73.799516,OZONE,11,24,17
India,Maharashtra,Pune,"Hadapsar, Pune - IITM","28-08-2026 22:00:00",18.501793,73.927532,PM2.5,9,53,37
India,Maharashtra,Pune,"Hadapsar, Pune - IITM","28-08-2026 22:00:00",18.501793,73.927532,NO2,5,11,7
India,Maharashtra,Pune,"Revenue Colony-Shivajinagar, Pune - IITM","28-08-2026 22:00:00",18.530085,73.849598,PM2.5,17,48,28
India,Maharashtra,Pune,"Mhada Colony, Pune - IITM","28-08-2026 22:00:00",18.57304,73.927715,SO2,NA,NA,NA
India,Maharashtra,Pune,"Dhankawadi, Pune - IITM","28-08-2026 22:00:00",18.459883,73.852193,OZONE,2,5,4
India,Maharashtra,Pune,"Panchawati_Pashan, Pune - IITM","28-08-2026 22:00:00",18.536457,73.805454,NH3,NA,NA,NA
India,Maharashtra,Pune,"Panchawati_Pashan, Pune - IITM","28-08-2026 22:00:00",18.536457,73.805454,SO2,NA,NA,NA
India,Maharashtra,Pune,"Panchawati_Pashan, Pune - IITM","28-08-2026 22:00:00",18.536457,73.805454,CO,17,37,25
India,Maharashtra,Sangli,"Vijay Nagar, Sangli - MPCB","28-08-2026 22:00:00",16.5038,74.3623,CO,14,21,17
India,Maharashtra,Sangli,"Vijay Nagar, Sangli - MPCB","28-08-2026 22:00:00",16.5038,74.3623,OZONE,16,25,20
India,Maharashtra,Nagpur,"Ram Nagar, Nagpur - MPCB","28-08-2026 22:00:00",21.143383,79.048912,NO2,4,13,8
India,Maharashtra,Nagpur,"Ram Nagar, Nagpur - MPCB","28-08-2026 22:00:00",21.143383,79.048912,SO2,2,5,3
India,Maharashtra,Nagpur,"Ram Nagar, Nagpur - MPCB","28-08-2026 22:00:00",21.143383,79.048912,OZONE,13,24,20
India,Maharashtra,Nagpur,"Opp GPO Civil Lines, Nagpur - MPCB","28-08-2026 22:00:00",21.152875,79.0517531,PM10,24,96,50
India,Maharashtra,Nagpur,"Opp GPO Civil Lines, Nagpur - MPCB","28-08-2026 22:00:00",21.152875,79.0517531,NO2,16,16,16
India,Maharashtra,Nagpur,"Ambazari, Nagpur - MPCB","28-08-2026 22:00:00",21.121801,79.04952,PM10,54,81,69
India,Maharashtra,Nagpur,"Ambazari, Nagpur - MPCB","28-08-2026 22:00:00",21.121801,79.04952,NO2,11,35,16
India,Maharashtra,Nanded,"Sneh Nagar, Nanded - MPCB","28-08-2026 22:00:00",19.173852,77.296291,SO2,NA,NA,NA
India,Maharashtra,Nanded,"Sneh Nagar, Nanded - MPCB","28-08-2026 22:00:00",19.173852,77.296291,OZONE,30,47,44
India,Maharashtra,Nashik,"Pandav Nagari, Nashik - MPCB","28-08-2026 22:00:00",19.9591346,73.7788008,NH3,0,2,1
India,Maharashtra,Nashik,"Pandav Nagari, Nashik - MPCB","28-08-2026 22:00:00",19.9591346,73.7788008,CO,9,16,13
India,Maharashtra,Nashik,"MIDC Ambad, Nashik - MPCB","28-08-2026 22:00:00",19.95022,73.73148,PM10,33,66,44
India,Maharashtra,"Navi Mumbai","Kopripada-Vashi, Navi Mumbai - MPCB","28-08-2026 22:00:00",19.090337,73.014232,PM10,34,54,42
India,Maharashtra,"Navi Mumbai","Sanpada, Navi Mumbai - MPCB","28-08-2026 22:00:00",19.0575752,73.0151367,SO2,3,5,4
India,Maharashtra,"Navi Mumbai","Sanpada, Navi Mumbai - MPCB","28-08-2026 22:00:00",19.0575752,73.0151367,OZONE,3,14,7
India,Maharashtra,"Navi Mumbai","Sector-2E Kalamboli, Navi Mumbai - MPCB","28-08-2026 22:00:00",19.02579,73.10297,PM10,23,38,28
India,Maharashtra,"Navi Mumbai","Sector-2E Kalamboli, Navi Mumbai - MPCB","28-08-2026 22:00:00",19.02579,73.10297,OZONE,3,9,6
India,Maharashtra,"Navi Mumbai","Mahape, Navi Mumbai - MPCB","28-08-2026 22:00:00",19.1135051,73.008978,CO,28,28,28
India,Maharashtra,"Navi Mumbai","Nerul, Navi Mumbai - MPCB","28-08-2026 22:00:00",19.008751,73.01662,PM10,NA,NA,NA
India,Maharashtra,"Navi Mumbai","Nerul, Navi Mumbai - MPCB","28-08-2026 22:00:00",19.008751,73.01662,NO2,5,5,5
India,Maharashtra,Parbhani,"Masoom Colony, Parbhani - MPCB","28-08-2026 22:00:00",19.265594,76.761463,PM2.5,14,53,26
India,Maharashtra,Pimpri-Chinchwad,"Bhumkar Nagar, Pune - IITM","28-08-2026 22:00:00",18.60577,73.749976,PM2.5,20,73,41
India,Maharashtra,Pimpri-Chinchwad,"Bhumkar Nagar, Pune - IITM","28-08-2026 22:00:00",18.60577,73.749976,NO2,17,30,21
India,Maharashtra,Pimpri-Chinchwad,"Park Street Wakad, Pimpri Chinchwad - MPCB","28-08-2026 22:00:00",18.59051,73.77946,PM2.5,23,35,28
India,Rajasthan,Barmer,"Railway Colony, Barmer - RSPCB","28-08-2026 22:00:00",25.747299,71.393989,SO2,NA,NA,NA
India,Rajasthan,Bharatpur,"Krishna Nagar, Bharatpur - RSPCB","28-08-2026 22:00:00",27.215415,77.50873,PM10,40,63,50
India,Rajasthan,Bhilwara,"Pratap Nagar, Bhilwara - RSPCB","28-08-2026 22:00:00",25.339605,74.618883,PM2.5,42,88,69
India,Rajasthan,Bhilwara,"Pratap Nagar, Bhilwara - RSPCB","28-08-2026 22:00:00",25.339605,74.618883,CO,28,33,30
India,Rajasthan,Bhiwadi,"Vasundhara Nagar_UIT, Bhiwadi - RSPCB","28-08-2026 22:00:00",28.207266,76.829265,PM2.5,NA,NA,NA
India,Rajasthan,Bhiwadi,"Vasundhara Nagar_UIT, Bhiwadi - RSPCB","28-08-2026 22:00:00",28.207266,76.829265,NH3,NA,NA,NA
India,Rajasthan,Bundi,"New Colony, Bundi - RSPCB","28-08-2026 22:00:00",25.435774,75.644272,PM10,69,105,93
India,Rajasthan,Bundi,"New Colony, Bundi - RSPCB","28-08-2026 22:00:00",25.435774,75.644272,NO2,15,29,21
India,Rajasthan,Churu,"Subash Chowk, Churu - RSPCB","28-08-2026 22:00:00",28.296139,74.961696,PM10,NA,NA,NA
India,Rajasthan,Churu,"Subash Chowk, Churu - RSPCB","28-08-2026 22:00:00",28.296139,74.961696,SO2,NA,NA,NA
India,Rajasthan,Dholpur,"Raja Ganj, Dholpur - RSPCB","28-08-2026 22:00:00",26.699557,77.898881,PM10,49,108,73
India,Rajasthan,Pratapgarh,"Pragati Nagar, Pratapgarh - RSPCB","28-08-2026 22:00:00",24.041198,74.780702,NO2,6,14,9
India,Rajasthan,Pratapgarh,"Pragati Nagar, Pratapgarh - RSPCB","28-08-2026 22:00:00",24.041198,74.780702,CO,7,11,9
India,Rajasthan,Rajsamand,"Dhoinda, Rajsamand - RSPCB","28-08-2026 22:00:00",25.03636,73.883502,NO2,10,14,12
India,Rajasthan,"Sawai Madhopur","Sahu Nagar, Sawai Madhopur - RSPCB","28-08-2026 22:00:00",26.031443,76.359327,NO2,9,21,13
India,Rajasthan,"Sawai Madhopur","Sahu Nagar, Sawai Madhopur - RSPCB","28-08-2026 22:00:00",26.031443,76.359327,SO2,6,11,8
India,Rajasthan,Sikar,"Radhakishan Pura, Sikar - RSPCB","28-08-2026 22:00:00",27.608912,75.153302,PM2.5,33,82,64
India,Rajasthan,Sikar,"Radhakishan Pura, Sikar - RSPCB","28-08-2026 22:00:00",27.608912,75.153302,NO2,4,17,8
India,Rajasthan,Sirohi,"Vedhaynath Colony, Sirohi - RSPCB","28-08-2026 22:00:00",24.885261,72.857549,CO,9,21,13
India,Rajasthan,"Sri Ganganagar","Old City, Sri Ganganagar - RSPCB","28-08-2026 22:00:00",29.931624,73.864511,PM2.5,27,65,36
India,Rajasthan,"Sri Ganganagar","Old City, Sri Ganganagar - RSPCB","28-08-2026 22:00:00",29.931624,73.864511,PM10,125,252,156
India,Rajasthan,Tonk,"Shastri Nagar, Tonk - RSPCB","28-08-2026 22:00:00",26.159933,75.780517,PM2.5,87,140,103
India,Rajasthan,Tonk,"Shastri Nagar, Tonk - RSPCB","28-08-2026 22:00:00",26.159933,75.780517,NH3,4,5,4
India,Rajasthan,Udaipur,"Ashok Nagar, Udaipur - RSPCB","28-08-2026 22:00:00",24.5886166,73.6321397,OZONE,24,39,32
India,Sikkim,Gangtok,"Zero Point GICI, Gangtok - SSPCB","28-08-2026 22:00:00",27.33853,88.614099,SO2,1,1,1
India,Sikkim,Gangtok,"Zero Point GICI, Gangtok - SSPCB","28-08-2026 22:00:00",27.33853,88.614099,CO,2,4,3
India,"Tamil Nadu",Chennai,"Kodungaiyur, Chennai - TNPCB","28-08-2026 22:00:00",13.1278,80.2642,NH3,3,5,4
India,"Tamil Nadu",Chennai,"Arumbakkam, Chennai - TNPCB","28-08-2026 22:00:00",13.0664,80.2112,PM10,61,140,96
India,"Tamil Nadu",Chennai,"Arumbakkam, Chennai - TNPCB","28-08-2026 22:00:00",13.0664,80.2112,SO2,0,3,1
India,"Tamil Nadu",Chennai,"Arumbakkam, Chennai - TNPCB","28-08-2026 22:00:00",13.0664,80.2112,CO,NA,NA,NA
India,"Tamil Nadu",Chennai,"Velachery Res. Area, Chennai - CPCB","28-08-2026 22:00:00",13.0052189,80.2398125,PM2.5,63,63,63
India,Telangana,Hyderabad,"Sanathnagar, Hyderabad - TSPCB","28-08-2026 22:00:00",17.4559458,78.4332152,PM2.5,11,53,21
India,Telangana,Hyderabad,"ICRISAT Patancheru, Hyderabad - TSPCB","28-08-2026 22:00:00",17.5184,78.278777,CO,7,12,10
India,Telangana,Hyderabad,"ICRISAT Patancheru, Hyderabad - TSPCB","28-08-2026 22:00:00",17.5184,78.278777,OZONE,19,48,34
India,Tripura,Agartala,"Bardowali, Agartala - Tripura SPCB","28-08-2026 22:00:00",23.8175497,91.2726974,PM10,34,115,75
India,Tripura,Agartala,"Bardowali, Agartala - Tripura SPCB","28-08-2026 22:00:00",23.8175497,91.2726974,OZONE,0,2,1
India,"Uttar Pradesh",Agra,"Rohta, Agra - UPPCB","28-08-2026 22:00:00",27.106972,78.000111,PM2.5,32,63,45
India,"Uttar Pradesh",Agra,"Rohta, Agra - UPPCB","28-08-2026 22:00:00",27.106972,78.000111,NH3,6,6,6
India,"Uttar Pradesh",Agra,"Rohta, Agra - UPPCB","28-08-2026 22:00:00",27.106972,78.000111,CO,21,26,23
India,"Uttar Pradesh",Agra,"Sector-3B Avas Vikas Colony, Agra - UPPCB","28-08-2026 22:00:00",27.19412,77.96237,NH3,6,7,6
India,"Uttar Pradesh",Agra,"Shahjahan Garden, Agra - UPPCB","28-08-2026 22:00:00",27.169338,78.03582,PM2.5,20,34,28
India,"Uttar Pradesh",Agra,"Shahjahan Garden, Agra - UPPCB","28-08-2026 22:00:00",27.169338,78.03582,NH3,1,1,1
India,"Uttar Pradesh",Agra,"Manoharpur, Agra - UPPCB","28-08-2026 22:00:00",27.23711,78.01936,PM10,74,109,95
India,"Uttar Pradesh",Agra,"Sanjay Palace, Agra - UPPCB","28-08-2026 22:00:00",27.19865833,78.00598056,NH3,NA,NA,NA
India,"Uttar Pradesh",Agra,"Sanjay Palace, Agra - UPPCB","28-08-2026 22:00:00",27.19865833,78.00598056,CO,30,43,37
India,"Uttar Pradesh",Agra,"Shastripuram, Agra - UPPCB","28-08-2026 22:00:00",27.19862,77.92066,NO2,17,18,18
India,"Uttar Pradesh",Baghpat,"Sardar Patel Inter College, Baghpat - UPPCB","28-08-2026 22:00:00",28.964949,77.278761,CO,19,26,22
India,"Uttar Pradesh",Baraut,"Nagar Palika Parishad, Baraut - UPPCB","28-08-2026 22:00:00",29.09956,77.26235,NH3,NA,NA,NA
India,"Uttar Pradesh",Meerut,"MIET College, Meerut - UPPCB","28-08-2026 22:00:00",28.972677,77.641018,OZONE,10,54,31
India,"Uttar Pradesh",Meerut,"Pallavpuram Phase 2, Meerut - UPPCB","28-08-2026 22:00:00",29.06351,77.709723,SO2,7,21,13
India,"Uttar Pradesh",Meerut,"Pallavpuram Phase 2, Meerut - UPPCB","28-08-2026 22:00:00",29.06351,77.709723,CO,15,36,27
India,"Uttar Pradesh",Meerut,"Ganga Nagar, Meerut - UPPCB","28-08-2026 22:00:00",28.999264,77.7590354,PM10,61,165,116
India,"Uttar Pradesh",Meerut,"Ganga Nagar, Meerut - UPPCB","28-08-2026 22:00:00",28.999264,77.7590354,CO,40,65,48
India,"Uttar Pradesh",Meerut,"Ganga Nagar, Meerut - UPPCB","28-08-2026 22:00:00",28.999264,77.7590354,OZONE,23,88,57
India,"Uttar Pradesh",Modinagar,"SRM University, Modinagar - UPPCB","28-08-2026 22:00:00",28.798171,77.540243,SO2,14,15,14
India,"Uttar Pradesh",Moradabad,"Eco Herbal Park, Moradabad - UPPCB","28-08-2026 22:00:00",28.840739,78.697531,NH3,6,6,6
India,"Uttar Pradesh",Moradabad,"Buddhi Vihar, Moradabad - UPPCB","28-08-2026 22:00:00",28.83526,78.7446,SO2,33,35,34
India,"Uttar Pradesh",Moradabad,"Jigar Colony, Moradabad - UPPCB","28-08-2026 22:00:00",28.856664,78.772638,PM10,25,105,63
India,"Uttar Pradesh",Moradabad,"Jigar Colony, Moradabad - UPPCB","28-08-2026 22:00:00",28.856664,78.772638,NO2,25,25,25
India,"Uttar Pradesh",Moradabad,"Transport Nagar, Moradabad - UPPCB","28-08-2026 22:00:00",28.802625,78.753728,PM10,41,128,89
India,"Uttar Pradesh",Moradabad,"Kashiram Nagar, Moradabad - UPPCB","28-08-2026 22:00:00",28.849399,78.742362,NO2,24,25,25
India,"Uttar Pradesh",Moradabad,"Employment Office, Moradabad - UPPCB","28-08-2026 22:00:00",28.88528,78.7388,SO2,31,35,33
India,"Uttar Pradesh",Moradabad,"Employment Office, Moradabad - UPPCB","28-08-2026 22:00:00",28.88528,78.7388,CO,10,14,12
India,"Uttar Pradesh",Muzaffarnagar,"New Mandi, Muzaffarnagar - UPPCB","28-08-2026 22:00:00",29.4723508,77.7194031,PM10,41,181,122
India,"Uttar Pradesh",Muzaffarnagar,"New Mandi, Muzaffarnagar - UPPCB","28-08-2026 22:00:00",29.4723508,77.7194031,NO2,19,41,26
India,"Uttar Pradesh",Ghaziabad,"Vasundhara, Ghaziabad - UPPCB","28-08-2026 22:00:00",28.6603346,77.3572563,SO2,8,12,9
India,"Uttar Pradesh",Ghaziabad,"Wave City, Ghaziabad - UPPCB","28-08-2026 22:00:00",28.646675,77.489049,NH3,NA,NA,NA
India,"Uttar Pradesh",Ghaziabad,"Loni, Ghaziabad - UPPCB","28-08-2026 22:00:00",28.757294,77.278792,PM2.5,41,272,91
India,"Uttar Pradesh",Ghaziabad,"Loni, Ghaziabad - UPPCB","28-08-2026 22:00:00",28.757294,77.278792,NO2,21,95,46
India,"Uttar Pradesh",Ghaziabad,"Govindpuram, Ghaziabad - UPPCB","28-08-2026 22:00:00",28.694528,77.494705,CO,27,63,38
India,"Uttar Pradesh",Gorakhpur,"Madan Mohan Malaviya University of Technology, Gorakhpur - UPPCB","28-08-2026 22:00:00",26.730136,83.433859,NO2,11,12,11
India,"Uttar Pradesh",Gorakhpur,"Madan Mohan Malaviya University of Technology, Gorakhpur - UPPCB","28-08-2026 22:00:00",26.730136,83.433859,CO,6,6,6
India,"Uttar Pradesh","Greater Noida","Knowledge Park - V, Greater Noida - UPPCB","28-08-2026 22:00:00",28.557054,77.453663,PM10,104,292,170
India,"Uttar Pradesh","Greater Noida","Knowledge Park - V, Greater Noida - UPPCB","28-08-2026 22:00:00",28.557054,77.453663,NO2,21,67,35
India,"Uttar Pradesh",Hapur,"Anand Vihar, Hapur - UPPCB","28-08-2026 22:00:00",28.725645,77.749675,PM2.5,35,122,67
India,"Uttar Pradesh",Hapur,"Anand Vihar, Hapur - UPPCB","28-08-2026 22:00:00",28.725645,77.749675,NO2,NA,NA,NA
India,"Uttar Pradesh",Hapur,"Anand Vihar, Hapur - UPPCB","28-08-2026 22:00:00",28.725645,77.749675,CO,40,52,45
India,"Uttar Pradesh",Jhansi,"Shivaji Nagar, Jhansi - UPPCB","28-08-2026 22:00:00",25.4547,78.6039,PM10,63,115,92
India,Rajasthan,Jodhpur,"Digari Kalan, Jodhpur - RSPCB","28-08-2026 22:00:00",26.29581,73.082283,PM10,55,105,82
India,Rajasthan,Jodhpur,"Mandor, Jodhpur - RSPCB","28-08-2026 22:00:00",26.358805,73.047444,NH3,2,3,3
India,Rajasthan,Jodhpur,"Mandor, Jodhpur - RSPCB","28-08-2026 22:00:00",26.358805,73.047444,SO2,3,6,4
India,Rajasthan,Jodhpur,"Collectorate, Jodhpur - RSPCB","28-08-2026 22:00:00",26.268249,73.0193853,CO,6,28,17
India,Rajasthan,Jodhpur,"Samrat Ashok Udhyan, Jodhpur - RSPCB","28-08-2026 22:00:00",26.253384,72.976571,CO,6,9,8
India,Rajasthan,Jodhpur,"Samrat Ashok Udhyan, Jodhpur - RSPCB","28-08-2026 22:00:00",26.253384,72.976571,OZONE,17,35,26
India,Rajasthan,Karauli,"Satyawati Vihar, Karauli - RSPCB","28-08-2026 22:00:00",26.506177,77.025989,CO,14,27,23
India,Rajasthan,Kota,"Nayapura, Kota - RSPCB","28-08-2026 22:00:00",25.196024,75.855668,NO2,8,56,23
India,Rajasthan,Kota,"Dhanmandi, Kota - RSPCB","28-08-2026 22:00:00",25.16409,75.858137,NH3,1,3,3
India,Rajasthan,Kota,"Dhanmandi, Kota - RSPCB","28-08-2026 22:00:00",25.16409,75.858137,CO,13,17,15
India,Rajasthan,Kota,"Shrinath Puram, Kota - RSPCB","28-08-2026 22:00:00",25.14389,75.821256,PM2.5,47,74,64
India,Rajasthan,Pali,"Indira Colony Vistar, Pali - RSPCB","28-08-2026 22:00:00",25.771061,73.340227,PM10,113,224,141
India,Rajasthan,Pali,"Indira Colony Vistar, Pali - RSPCB","28-08-2026 22:00:00",25.771061,73.340227,OZONE,10,73,31
India,"Tamil Nadu",Chennai,"Velachery Res. Area, Chennai - CPCB","28-08-2026 22:00:00",13.0052189,80.2398125,CO,NA,NA,NA
India,"Tamil Nadu",Chennai,"Manali Village, Chennai - TNPCB","28-08-2026 22:00:00",13.1662,80.2584,NH3,1,6,2
India,"Tamil Nadu",Chennai,"Royapuram, Chennai - TNPCB","28-08-2026 22:00:00",13.1036,80.2909,PM2.5,40,54,47
India,"Tamil Nadu",Chennai,"Royapuram, Chennai - TNPCB","28-08-2026 22:00:00",13.1036,80.2909,OZONE,30,32,31
India,"Tamil Nadu",Coimbatore,"SIDCO Kurichi, Coimbatore - TNPCB","28-08-2026 22:00:00",10.942451,76.978996,NH3,NA,NA,NA
India,"Tamil Nadu",Coimbatore,"SIDCO Kurichi, Coimbatore - TNPCB","28-08-2026 22:00:00",10.942451,76.978996,CO,41,41,41
India,"Tamil Nadu",Cuddalore,"Kudikadu, Cuddalore - TNPCB","28-08-2026 22:00:00",11.6829898,79.7532099,PM2.5,10,40,23
India,"Tamil Nadu",Gummidipoondi,"Anthoni Pillai Nagar, Gummidipoondi - TNPCB","28-08-2026 22:00:00",13.4127,80.1081,CO,NA,NA,NA
India,"Tamil Nadu",Thoothukudi,"Meelavittan, Thoothukudi - TNPCB","28-08-2026 22:00:00",8.816428,78.099039,PM10,51,75,64
India,"Tamil Nadu",Thoothukudi,"Meelavittan, Thoothukudi - TNPCB","28-08-2026 22:00:00",8.816428,78.099039,OZONE,26,35,30
India,Telangana,Hyderabad,"Bollaram Industrial Area, Hyderabad - TSPCB","28-08-2026 22:00:00",17.518,78.383,CO,47,56,51
India,Telangana,Hyderabad,"Bollaram Industrial Area, Hyderabad - TSPCB","28-08-2026 22:00:00",17.518,78.383,OZONE,26,26,26
India,"Uttar Pradesh",Baraut,"Nagar Palika Parishad, Baraut - UPPCB","28-08-2026 22:00:00",29.09956,77.26235,OZONE,2,6,4
India,"Uttar Pradesh",Bareilly,"Rajendra Nagar, Bareilly - UPPCB","28-08-2026 22:00:00",28.38910936,79.42963708,NH3,1,1,1
India,"Uttar Pradesh",Bareilly,"Civil Lines, Bareilly - UPPCB","28-08-2026 22:00:00",28.359581,79.414455,PM10,25,49,33
India,"Uttar Pradesh",Firozabad,"Vibhab Nagar, Firozabad - UPPCB","28-08-2026 22:00:00",27.1594,78.3953,SO2,6,7,7
India,"Uttar Pradesh",Gajraula,"Rajanpur, Gajraula - UPPCB","28-08-2026 22:00:00",28.829109,78.248796,NH3,0,2,1
India,"Uttar Pradesh",Gajraula,"Rajanpur, Gajraula - UPPCB","28-08-2026 22:00:00",28.829109,78.248796,OZONE,1,29,17
India,"Uttar Pradesh",Ghaziabad,"Ved Vihar-Loni, Ghaziabad - UPPCB","28-08-2026 22:00:00",28.739153,77.273668,PM2.5,85,209,123
India,"Uttar Pradesh",Ghaziabad,"Sanjay Nagar, Ghaziabad - UPPCB","28-08-2026 22:00:00",28.685382,77.453839,PM10,28,113,61
India,"Uttar Pradesh",Ghaziabad,"Sanjay Nagar, Ghaziabad - UPPCB","28-08-2026 22:00:00",28.685382,77.453839,NO2,13,69,35
India,"Uttar Pradesh",Ghaziabad,"Sanjay Nagar, Ghaziabad - UPPCB","28-08-2026 22:00:00",28.685382,77.453839,OZONE,19,30,25
India,"Uttar Pradesh",Ghaziabad,"Indirapuram, Ghaziabad - UPPCB","28-08-2026 22:00:00",28.646233,77.358075,PM2.5,59,156,85
India,"Uttar Pradesh",Kanpur,"Nehru Nagar, Kanpur - UPPCB","28-08-2026 22:00:00",26.4703136,80.3229863,NO2,45,48,47
India,"Uttar Pradesh",Kanpur,"Nehru Nagar, Kanpur - UPPCB","28-08-2026 22:00:00",26.4703136,80.3229863,OZONE,2,30,8
India,"Uttar Pradesh",Khora,"Prashant Garden, Khora - UPPCB","28-08-2026 22:00:00",28.61119,77.34206,OZONE,14,16,15
India,"Uttar Pradesh",Khurja,"Kalindi Kunj, Khurja - UPPCB","28-08-2026 22:00:00",28.2348927,77.8683002,NO2,12,13,12
India,"Uttar Pradesh",Khurja,"Kalindi Kunj, Khurja - UPPCB","28-08-2026 22:00:00",28.2348927,77.8683002,SO2,10,11,10
India,"Uttar Pradesh",Lucknow,"Kendriya Vidyalaya, Lucknow - CPCB","28-08-2026 22:00:00",26.906111,80.948222,NO2,22,30,26
India,"Uttar Pradesh",Lucknow,"Gomti Nagar, Lucknow - UPPCB","28-08-2026 22:00:00",26.86812,81.005119,NH3,NA,NA,NA
India,"Uttar Pradesh",Lucknow,"Lalbagh, Lucknow - CPCB","28-08-2026 22:00:00",26.8458805,80.9365541,PM2.5,NA,NA,NA
India,"Uttar Pradesh",Lucknow,"Kukrail Picnic Spot-1, Lucknow - UPPCB","28-08-2026 22:00:00",26.90723,80.98579,OZONE,10,10,10
India,"Uttar Pradesh",Mathura,"Pali Dungra, Mathura - UPPCB","28-08-2026 22:00:00",27.410954,77.550619,NH3,1,3,1
India,Telangana,Hyderabad,"IITH Kandi, Hyderabad - TSPCB","28-08-2026 22:00:00",17.585705,78.126199,PM2.5,36,51,42
India,Telangana,Hyderabad,"IITH Kandi, Hyderabad - TSPCB","28-08-2026 22:00:00",17.585705,78.126199,CO,24,38,33
India,Telangana,Hyderabad,"Nacharam_TSIIC IALA, Hyderabad - TSPCB","28-08-2026 22:00:00",17.429398,78.569354,PM2.5,31,40,34
India,Telangana,Hyderabad,"ECIL Kapra, Hyderabad - TSPCB","28-08-2026 22:00:00",17.470431,78.566959,NH3,3,4,3
India,Telangana,Hyderabad,"ECIL Kapra, Hyderabad - TSPCB","28-08-2026 22:00:00",17.470431,78.566959,SO2,6,17,10
India,Telangana,Hyderabad,"ECIL Kapra, Hyderabad - TSPCB","28-08-2026 22:00:00",17.470431,78.566959,CO,15,34,28
India,Telangana,Hyderabad,"Ramachandrapuram, Hyderabad - TSPCB","28-08-2026 22:00:00",17.528544,78.286195,NH3,3,4,3
India,Telangana,Hyderabad,"Ramachandrapuram, Hyderabad - TSPCB","28-08-2026 22:00:00",17.528544,78.286195,SO2,7,13,8
India,Telangana,Hyderabad,"Ramachandrapuram, Hyderabad - TSPCB","28-08-2026 22:00:00",17.528544,78.286195,CO,23,34,31
India,Telangana,Hyderabad,"Kompally Municipal Office, Hyderabad - TSPCB","28-08-2026 22:00:00",17.544899,78.486949,PM2.5,32,38,35
India,Telangana,Hyderabad,"Kompally Municipal Office, Hyderabad - TSPCB","28-08-2026 22:00:00",17.544899,78.486949,CO,19,34,24
India,Telangana,Hyderabad,"Somajiguda, Hyderabad - TSPCB","28-08-2026 22:00:00",17.417094,78.457437,NH3,3,4,3
India,"Uttar Pradesh",Noida,"Sector - 62, Noida - IITM","28-08-2026 22:00:00",28.6245479,77.3577104,SO2,NA,NA,NA
India,"Uttar Pradesh",Noida,"Sector - 62, Noida - IITM","28-08-2026 22:00:00",28.6245479,77.3577104,OZONE,17,46,34
India,"Uttar Pradesh",Noida,"Sector-1, Noida - UPPCB","28-08-2026 22:00:00",28.5898,77.3101,PM2.5,40,244,81
India,"Uttar Pradesh",Noida,"Sector-1, Noida - UPPCB","28-08-2026 22:00:00",28.5898,77.3101,NO2,15,85,35
India,"Uttar Pradesh",Noida,"Sector-1, Noida - UPPCB","28-08-2026 22:00:00",28.5898,77.3101,NH3,9,13,11
India,"Uttar Pradesh",Noida,"Sector-1, Noida - UPPCB","28-08-2026 22:00:00",28.5898,77.3101,SO2,5,10,8
India,"Uttar Pradesh",Noida,"Sector-116, Noida - UPPCB","28-08-2026 22:00:00",28.56923,77.393848,NH3,12,15,13
India,"Uttar Pradesh",Prayagraj,"Motilal Nehru NIT, Prayagraj - UPPCB","28-08-2026 22:00:00",25.494,81.863,NH3,8,8,8
India,"Uttar Pradesh",Prayagraj,"Nagar Nigam, Prayagraj - UPPCB","28-08-2026 22:00:00",25.44919916,81.82735986,NH3,3,5,4
India,"Uttar Pradesh",Prayagraj,"Jhunsi, Prayagraj - UPPCB","28-08-2026 22:00:00",25.425602,81.917152,NH3,6,6,6
India,"Uttar Pradesh",Prayagraj,"Jhunsi, Prayagraj - UPPCB","28-08-2026 22:00:00",25.425602,81.917152,SO2,18,95,48
India,"Uttar Pradesh",Raebareli,"Anand Nagar, Raebareli - UPPCB","28-08-2026 22:00:00",26.219512,81.237648,PM10,49,91,73
India,"Uttar Pradesh",Raebareli," Indira Nagar, Raebareli - NTPC Unchahar","28-08-2026 22:00:00",26.207781,81.245571,SO2,8,15,14
India,"Uttar Pradesh",Shamli,"New Tehsil, Shamli - UPPCB","28-08-2026 22:00:00",29.4603683,77.3410291,PM10,51,143,96
India,"Uttar Pradesh",Shamli,"New Tehsil, Shamli - UPPCB","28-08-2026 22:00:00",29.4603683,77.3410291,SO2,2,3,3
India,"Uttar Pradesh",Varanasi,"Bhelupur, Varanasi - UPPCB","28-08-2026 22:00:00",25.301778,82.996789,NO2,7,8,8
India,"Uttar Pradesh",Varanasi,"Maldahiya, Varanasi - UPPCB","28-08-2026 22:00:00",25.32393,82.99687,PM2.5,0,64,14
India,"Uttar Pradesh",Varanasi,"Ardhali Bazar, Varanasi - UPPCB","28-08-2026 22:00:00",25.3505986,82.9083074,SO2,5,5,5
India,"Uttar Pradesh",Varanasi,"IESD Banaras Hindu University, Varanasi - UPPCB","28-08-2026 22:00:00",25.262326,82.995408,PM2.5,7,20,13
India,"Uttar Pradesh",Varanasi,"IESD Banaras Hindu University, Varanasi - UPPCB","28-08-2026 22:00:00",25.262326,82.995408,PM10,7,24,15
India,"Uttar Pradesh",Varanasi,"IESD Banaras Hindu University, Varanasi - UPPCB","28-08-2026 22:00:00",25.262326,82.995408,SO2,12,29,18
India,"Uttar Pradesh",Vrindavan,"Omex Eternity, Vrindavan - UPPCB","28-08-2026 22:00:00",27.571409,77.655757,PM10,38,122,68
India,"Uttar Pradesh",Vrindavan,"Omex Eternity, Vrindavan - UPPCB","28-08-2026 22:00:00",27.571409,77.655757,NO2,27,27,27
India,"Uttar Pradesh",Vrindavan,"Omex Eternity, Vrindavan - UPPCB","28-08-2026 22:00:00",27.571409,77.655757,SO2,25,26,25
India,Uttarakhand,Dehradun,"Doon University, Dehradun - UKPCB","28-08-2026 22:00:00",30.269444,78.044167,PM10,43,115,68
India,Uttarakhand,Dehradun,"Doon University, Dehradun - UKPCB","28-08-2026 22:00:00",30.269444,78.044167,NH3,NA,NA,NA
India,Uttarakhand,Dehradun,"Doon University, Dehradun - UKPCB","28-08-2026 22:00:00",30.269444,78.044167,SO2,0,1,1
India,Uttarakhand,Dehradun,"Doon University, Dehradun - UKPCB","28-08-2026 22:00:00",30.269444,78.044167,OZONE,5,25,18
India,Uttarakhand,Kashipur,"Govt. Girls Inter College, Kashipur - UKPCB","28-08-2026 22:00:00",29.2124114,78.9611753,PM2.5,NA,NA,NA
India,Uttarakhand,Kashipur,"Govt. Girls Inter College, Kashipur - UKPCB","28-08-2026 22:00:00",29.2124114,78.9611753,NH3,4,16,8
India,Uttarakhand,Rishikesh,"Shivaji Nagar, Rishikesh - UKPCB","28-08-2026 22:00:00",30.075911,78.2859547,PM10,9,9,9
India,Uttarakhand,Rishikesh,"Shivaji Nagar, Rishikesh - UKPCB","28-08-2026 22:00:00",30.075911,78.2859547,NO2,7,7,7
India,Uttarakhand,Rishikesh,"Shivaji Nagar, Rishikesh - UKPCB","28-08-2026 22:00:00",30.075911,78.2859547,OZONE,15,15,15
India,"West Bengal",Asansol,"Asansol Court Area, Asansol - WBPCB","28-08-2026 22:00:00",23.685297,86.945968,CO,44,88,65
India,"West Bengal",Asansol,"Evelyn Lodge, Asansol - WBPCB","28-08-2026 22:00:00",23.697936,86.944395,NO2,7,23,13
India,"West Bengal",Asansol,"Mahabir Colliery, Asansol - WBPCB","28-08-2026 22:00:00",23.618183,87.105718,PM10,24,69,47
India,"West Bengal",Asansol,"Trivenidevi Bhalotia College, Asansol - WBPCB","28-08-2026 22:00:00",23.616515,87.119133,PM10,9,63,33
India,"West Bengal",Asansol,"Trivenidevi Bhalotia College, Asansol - WBPCB","28-08-2026 22:00:00",23.616515,87.119133,CO,42,66,52
India,"West Bengal",Barrackpore,"SVSPA Campus, Barrackpore - WBPCB","28-08-2026 22:00:00",22.7605581,88.3617589,PM2.5,20,58,37
India,"West Bengal",Barrackpore,"SVSPA Campus, Barrackpore - WBPCB","28-08-2026 22:00:00",22.7605581,88.3617589,SO2,12,13,12
India,"West Bengal",Durgapur,"PCBL Residential Complex, Durgapur - WBPCB","28-08-2026 22:00:00",23.508764,87.35444,SO2,11,12,12
India,"West Bengal",Durgapur,"PCBL Residential Complex, Durgapur - WBPCB","28-08-2026 22:00:00",23.508764,87.35444,CO,41,61,51
India,"West Bengal",Durgapur,"Womens College_City Center, Durgapur - WBPCB","28-08-2026 22:00:00",23.549395,87.300496,SO2,12,12,12
India,"West Bengal",Haldia,"Priyambada Housing Estate, Haldia - WBPCB","28-08-2026 22:00:00",22.06047,88.109737,SO2,5,15,8
India,"West Bengal",Howrah,"Belur Math, Howrah - WBPCB","28-08-2026 22:00:00",22.629801,88.352017,SO2,8,9,8
India,"West Bengal",Howrah,"Dasnagar, Howrah - WBPCB","28-08-2026 22:00:00",22.6025571,88.3105664,PM2.5,34,131,71
India,"West Bengal",Howrah,"Dasnagar, Howrah - WBPCB","28-08-2026 22:00:00",22.6025571,88.3105664,OZONE,11,90,36
India,"West Bengal",Howrah,"Botanical Garden, Howrah - WBPCB","28-08-2026 22:00:00",22.554954,88.292568,NO2,7,24,13
India,"West Bengal",Howrah,"Ghusuri, Howrah - WBPCB","28-08-2026 22:00:00",22.611968,88.347422,NO2,43,89,60
India,"West Bengal",Howrah,"Ghusuri, Howrah - WBPCB","28-08-2026 22:00:00",22.611968,88.347422,SO2,4,13,7
India,"West Bengal",Kolkata,"Bidhannagar, Kolkata - WBPCB","28-08-2026 22:00:00",22.58157048,88.41002457,OZONE,20,57,35
India,"West Bengal",Kolkata,"Rabindra Bharati University, Kolkata - WBPCB","28-08-2026 22:00:00",22.627847,88.380669,SO2,7,44,10
India,"West Bengal",Kolkata,"Rabindra Sarobar, Kolkata - WBPCB","28-08-2026 22:00:00",22.51106,88.35142,PM10,31,46,37
India,"West Bengal",Kolkata,"Victoria, Kolkata - WBPCB","28-08-2026 22:00:00",22.5448082,88.3403691,NO2,26,33,31
India,"West Bengal",Kolkata,"Victoria, Kolkata - WBPCB","28-08-2026 22:00:00",22.5448082,88.3403691,CO,40,53,45
India,Bihar,Samastipur,"DM Office_Kasipur, Samastipur - BSPCB","28-08-2026 22:00:00",25.859655,85.77944,OZONE,6,6,6
India,Bihar,Siwan,"Chitragupta Nagar, Siwan - BSPCB","28-08-2026 22:00:00",26.2271665,84.3570427,PM2.5,71,84,78
India,Bihar,Siwan,"Chitragupta Nagar, Siwan - BSPCB","28-08-2026 22:00:00",26.2271665,84.3570427,SO2,4,8,7
India,Chandigarh,Chandigarh,"Sector 22, Chandigarh - CPCC","28-08-2026 22:00:00",30.735567,76.775714,PM2.5,18,52,37
India,Chandigarh,Chandigarh,"Sector 22, Chandigarh - CPCC","28-08-2026 22:00:00",30.735567,76.775714,NH3,4,9,5
India,Chandigarh,Chandigarh,"Sector-25, Chandigarh - CPCC","28-08-2026 22:00:00",30.751462,76.762879,SO2,5,8,6
India,Chandigarh,Chandigarh,"Sector-53, Chandigarh - CPCC","28-08-2026 22:00:00",30.719859,76.738637,PM10,13,59,36
India,Chhattisgarh,Bhilai,"32Bungalows, Bhilai - CECB","28-08-2026 22:00:00",21.194815,81.31477,CO,5,14,8
India,Chhattisgarh,Bhilai,"Civic Center, Bhilai - Bhilai Steel Plant","28-08-2026 22:00:00",21.185571,81.343175,NO2,15,16,16
India,Chhattisgarh,Bhilai,"Hathkhoj, Bhilai - CECB","28-08-2026 22:00:00",21.224231,81.40835,PM2.5,30,53,40
India,Chhattisgarh,Bhilai,"Hathkhoj, Bhilai - CECB","28-08-2026 22:00:00",21.224231,81.40835,NO2,8,29,16
India,Chhattisgarh,Bhilai,"Hathkhoj, Bhilai - CECB","28-08-2026 22:00:00",21.224231,81.40835,SO2,6,27,13
India,Chhattisgarh,Bilaspur,"Mangala, Bilaspur - NTPC","28-08-2026 22:00:00",22.08815,82.13737,NO2,23,28,25
India,Chhattisgarh,Chhal,"Nawapara SECL Colony, Chhal - CECB","28-08-2026 22:00:00",22.118125,83.140608,NO2,5,18,8
India,Chhattisgarh,Chhal,"Nawapara SECL Colony, Chhal - CECB","28-08-2026 22:00:00",22.118125,83.140608,SO2,8,11,10
India,Chhattisgarh,Korba,"Urja Nagar, Korba - CECB","28-08-2026 22:00:00",22.348441,82.549611,NO2,3,4,4
India,Chhattisgarh,Korba,"Urja Nagar, Korba - CECB","28-08-2026 22:00:00",22.348441,82.549611,CO,18,23,20
India,Delhi,Delhi,"Narela, Delhi - DPCC","28-08-2026 22:00:00",28.822836,77.101981,OZONE,15,24,18
India,Delhi,Delhi,"Cantonment Area, Delhi - DPCC","28-08-2026 22:00:00",28.594169,77.1251,PM2.5,15,50,26
India,Delhi,Delhi,"Cantonment Area, Delhi - DPCC","28-08-2026 22:00:00",28.594169,77.1251,PM10,27,111,78
India,Delhi,Delhi,"Cantonment Area, Delhi - DPCC","28-08-2026 22:00:00",28.594169,77.1251,NO2,4,12,6
India,Delhi,Delhi,"Major Dhyan Chand National Stadium, Delhi - DPCC","28-08-2026 22:00:00",28.611281,77.237738,NH3,9,12,10
India,Delhi,Delhi,"Sonia Vihar, Delhi - DPCC","28-08-2026 22:00:00",28.710508,77.249485,SO2,2,19,9
India,Delhi,Delhi,"Bawana, Delhi - DPCC","28-08-2026 22:00:00",28.7762,77.051074,PM2.5,52,143,96
India,Delhi,Delhi,"Bawana, Delhi - DPCC","28-08-2026 22:00:00",28.7762,77.051074,NO2,7,77,16
India,Delhi,Delhi,"Bawana, Delhi - DPCC","28-08-2026 22:00:00",28.7762,77.051074,SO2,12,14,13
India,Delhi,Delhi,"Okhla Phase-2, Delhi - DPCC","28-08-2026 22:00:00",28.530785,77.271255,PM10,115,309,150
India,Delhi,Delhi,"Okhla Phase-2, Delhi - DPCC","28-08-2026 22:00:00",28.530785,77.271255,NO2,17,75,30
India,Delhi,Delhi,"Okhla Phase-2, Delhi - DPCC","28-08-2026 22:00:00",28.530785,77.271255,SO2,6,10,8
India,Delhi,Delhi,"Vivek Vihar, Delhi - DPCC","28-08-2026 22:00:00",28.672342,77.31526,SO2,3,9,6
India,Delhi,Delhi,"Vivek Vihar, Delhi - DPCC","28-08-2026 22:00:00",28.672342,77.31526,CO,29,89,46
India,Delhi,Delhi,"Vivek Vihar, Delhi - DPCC","28-08-2026 22:00:00",28.672342,77.31526,OZONE,1,9,6
India,Delhi,Delhi,"Jahangirpuri, Delhi - DPCC","28-08-2026 22:00:00",28.73282,77.170633,NO2,16,72,31
India,Delhi,Delhi,"Jahangirpuri, Delhi - DPCC","28-08-2026 22:00:00",28.73282,77.170633,CO,104,124,110
India,Chhattisgarh,Korba,"Rampur, Korba - CECB","28-08-2026 22:00:00",22.368195,82.746431,SO2,NA,NA,NA
India,Chhattisgarh,Korba,"Rampur, Korba - CECB","28-08-2026 22:00:00",22.368195,82.746431,CO,8,28,15
India,Chhattisgarh,Milupara,"Govt. Higher Secondary School, Milupara - CECB","28-08-2026 22:00:00",22.1910172,83.5197009,NH3,1,2,1
India,Chhattisgarh,Raipur,"Krishak Nagar, Raipur - CECB","28-08-2026 22:00:00",21.237755,81.705301,PM2.5,19,44,34
India,Chhattisgarh,Raipur,"Krishak Nagar, Raipur - CECB","28-08-2026 22:00:00",21.237755,81.705301,NO2,8,13,10
India,Chhattisgarh,Raipur,"Siltara Phase-II, Raipur - CECB","28-08-2026 22:00:00",21.371751,81.664929,NO2,16,35,23
India,Chhattisgarh,Raipur,"AIIMS, Raipur - CECB","28-08-2026 22:00:00",21.258815,81.578979,OZONE,NA,NA,NA
India,Chhattisgarh,Tumidih,"OP Jindal Industrial Park, Tumidih - CECB","28-08-2026 22:00:00",22.06631475,83.33820077,PM2.5,NA,NA,NA
India,Chhattisgarh,Tumidih,"OP Jindal Industrial Park, Tumidih - CECB","28-08-2026 22:00:00",22.06631475,83.33820077,NO2,8,65,22
India,Chhattisgarh,Tumidih,"OP Jindal Industrial Park, Tumidih - CECB","28-08-2026 22:00:00",22.06631475,83.33820077,SO2,5,5,5
India,Chhattisgarh,Tumidih,"OP Jindal Industrial Park, Tumidih - CECB","28-08-2026 22:00:00",22.06631475,83.33820077,CO,16,25,19
India,Delhi,Delhi,"ITO, Delhi - CPCB","28-08-2026 22:00:00",28.628624,77.24106,NO2,8,120,61
India,Delhi,Delhi,"Narela, Delhi - DPCC","28-08-2026 22:00:00",28.822836,77.101981,PM2.5,38,183,90
India,Delhi,Delhi,"Narela, Delhi - DPCC","28-08-2026 22:00:00",28.822836,77.101981,NO2,22,39,27
India,Delhi,Delhi,"Narela, Delhi - DPCC","28-08-2026 22:00:00",28.822836,77.101981,NH3,5,17,9
India,Bihar,Chhapra,"Darshan Nagar, Chhapra - BSPCB","28-08-2026 22:00:00",25.7808257,84.7446768,OZONE,1,3,2
India,Bihar,Gaya,"SFTI Kusdihra, Gaya - BSPCB","28-08-2026 22:00:00",24.762518,84.982348,PM10,16,39,30
India,Bihar,Gaya,"SFTI Kusdihra, Gaya - BSPCB","28-08-2026 22:00:00",24.762518,84.982348,SO2,7,9,8
India,Bihar,Gaya,"Kareemganj, Gaya - BSPCB","28-08-2026 22:00:00",24.792403,84.992416,PM2.5,NA,NA,NA
India,Bihar,Gaya,"Kareemganj, Gaya - BSPCB","28-08-2026 22:00:00",24.792403,84.992416,OZONE,12,77,43
India,Bihar,Hajipur,"Industrial Area, Hajipur - BSPCB","28-08-2026 22:00:00",25.697189,85.2459,PM10,55,87,73
India,Bihar,Hajipur,"Industrial Area, Hajipur - BSPCB","28-08-2026 22:00:00",25.697189,85.2459,NH3,8,11,9
India,Bihar,Katihar,"Mirchaibari, Katihar - BSPCB","28-08-2026 22:00:00",25.560083,87.553265,OZONE,21,46,29
India,Bihar,Kishanganj,"SDM Office_Khagra, Kishanganj - BSPCB","28-08-2026 22:00:00",26.0881305,87.93840336,PM2.5,47,68,56
India,Bihar,Kishanganj,"SDM Office_Khagra, Kishanganj - BSPCB","28-08-2026 22:00:00",26.0881305,87.93840336,NH3,3,3,3
India,Bihar,Manguraha,"Forest Rest House, Manguraha - BSPCB","28-08-2026 22:00:00",27.308328,84.531742,PM2.5,NA,NA,NA
India,Bihar,Munger,"Town Hall, Munger - BSPCB","28-08-2026 22:00:00",25.376776,86.471523,NH3,3,3,3
India,"Andhra Pradesh",Amaravati,"Secretariat, Amaravati - APPCB","28-08-2026 22:00:00",16.5150833,80.5181667,NH3,1,13,5
India,"Andhra Pradesh",Anantapur,"Gulzarpet, Anantapur - APPCB","28-08-2026 22:00:00",14.675886,77.593027,NO2,15,25,17
India,"Andhra Pradesh",Chittoor,"Gangineni Cheruvu, Chittoor - APPCB","28-08-2026 22:00:00",13.20488,79.097889,OZONE,35,58,43
India,"Andhra Pradesh",Eluru,"District Court, Eluru - APPCB","28-08-2026 22:00:00",16.711754,81.092095,NH3,3,5,4
India,"Andhra Pradesh",Kadapa,"Yerramukkapalli, Kadapa - APPCB","28-08-2026 22:00:00",14.465052,78.824187,NH3,2,5,3
India,"Andhra Pradesh",Kakinada,"Rama Rao Peta, Kakinada - APPCB","28-08-2026 22:00:00",16.962488,82.229513,PM10,33,61,49
India,"Andhra Pradesh",Kakinada,"Rama Rao Peta, Kakinada - APPCB","28-08-2026 22:00:00",16.962488,82.229513,NO2,31,82,49
India,"Andhra Pradesh",Kakinada,"Rama Rao Peta, Kakinada - APPCB","28-08-2026 22:00:00",16.962488,82.229513,SO2,10,13,11
India,"Andhra Pradesh",Kakinada,"Rama Rao Peta, Kakinada - APPCB","28-08-2026 22:00:00",16.962488,82.229513,OZONE,12,24,18
India,"Andhra Pradesh",Kurnool,"Sita Rama Nagar, Kurnool - APPCB","28-08-2026 22:00:00",15.83411,78.028546,PM10,35,51,43
India,"Andhra Pradesh",Kurnool,"Sita Rama Nagar, Kurnool - APPCB","28-08-2026 22:00:00",15.83411,78.028546,NH3,6,6,6
India,"Arunachal Pradesh",Naharlagun,"Naharlagun, Naharlagun - APSPCB","28-08-2026 22:00:00",27.103358,93.679645,PM10,10,56,35
India,"Arunachal Pradesh",Naharlagun,"Naharlagun, Naharlagun - APSPCB","28-08-2026 22:00:00",27.103358,93.679645,NH3,1,1,1
India,"Arunachal Pradesh",Naharlagun,"Naharlagun, Naharlagun - APSPCB","28-08-2026 22:00:00",27.103358,93.679645,OZONE,6,8,7
India,Assam,Byrnihat,"Central Academy for SFS, Byrnihat - PCBA","28-08-2026 22:00:00",26.071318,91.87488,SO2,NA,NA,NA
India,Assam,Guwahati,"IITG, Guwahati - PCBA","28-08-2026 22:00:00",26.2028636,91.70046436,NH3,1,1,1
India,Assam,Guwahati,"Pan Bazaar, Guwahati - PCBA","28-08-2026 22:00:00",26.1875,91.744194,SO2,29,32,31
India,Assam,Guwahati,"Pan Bazaar, Guwahati - PCBA","28-08-2026 22:00:00",26.1875,91.744194,OZONE,11,16,13
India,Assam,Guwahati,"LGBI Airport, Guwahati - PCBA","28-08-2026 22:00:00",26.10887,91.589544,PM10,15,57,45
India,Assam,Guwahati,"LGBI Airport, Guwahati - PCBA","28-08-2026 22:00:00",26.10887,91.589544,CO,21,32,27
India,Assam,Nagaon,"Christianpatty, Nagaon - PCBA","28-08-2026 22:00:00",26.349082,92.68449,SO2,1,16,12
India,Assam,Nalbari,"Bata Chowk, Nalbari - PCBA","28-08-2026 22:00:00",26.446912,91.439057,PM2.5,35,111,72
India,"Andhra Pradesh",Nellore,"Ambedkar Nagar, Nellore - APPCB ","28-08-2026 22:00:00",14.438164,79.966814,NO2,26,34,30
India,"Andhra Pradesh",Nellore,"Ambedkar Nagar, Nellore - APPCB ","28-08-2026 22:00:00",14.438164,79.966814,CO,36,42,40
India,"Andhra Pradesh",Rajamahendravaram,"Anand Kala Kshetram, Rajamahendravaram - APPCB","28-08-2026 22:00:00",16.9872867,81.7363176,SO2,2,8,5
India,"Andhra Pradesh",Rajamahendravaram,"Anand Kala Kshetram, Rajamahendravaram - APPCB","28-08-2026 22:00:00",16.9872867,81.7363176,OZONE,21,46,37
India,"Andhra Pradesh",Tirumala,"Toll Gate, Tirumala - APPCB","28-08-2026 22:00:00",13.67,79.35,PM10,21,43,30
India,"Andhra Pradesh",Tirumala,"Toll Gate, Tirumala - APPCB","28-08-2026 22:00:00",13.67,79.35,CO,12,19,15
India,"Andhra Pradesh",Tirupati,"Vaikuntapuram, Tirupati - APPCB","28-08-2026 22:00:00",13.615387,79.40923,PM2.5,45,73,57
India,"Andhra Pradesh",Tirupati,"Vaikuntapuram, Tirupati - APPCB","28-08-2026 22:00:00",13.615387,79.40923,SO2,13,25,21
India,"Andhra Pradesh",Vijayawada,"Rajiv Nagar, Vijayawada - APPCB","28-08-2026 22:00:00",16.554731,80.64911,CO,17,24,21
India,"Andhra Pradesh",Vijayawada,"Rajiv Nagar, Vijayawada - APPCB","28-08-2026 22:00:00",16.554731,80.64911,OZONE,22,42,30
India,"Andhra Pradesh",Vijayawada,"Rajiv Gandhi Park, Vijayawada - APPCB","28-08-2026 22:00:00",16.509717,80.612222,NH3,4,8,6
India,Assam,Sivasagar,"Girls College, Sivasagar - PCBA","28-08-2026 22:00:00",26.987634,94.636574,NO2,7,15,11
India,Assam,Sivasagar,"Girls College, Sivasagar - PCBA","28-08-2026 22:00:00",26.987634,94.636574,NH3,1,4,3
India,Bihar,Arrah,"New DM Office, Arrah - BSPCB","28-08-2026 22:00:00",25.5626095,84.663264,NH3,2,2,2
India,Bihar,Arrah,"New DM Office, Arrah - BSPCB","28-08-2026 22:00:00",25.5626095,84.663264,CO,47,57,51
India,Bihar,Aurangabad,"Gurdeo Nagar, Aurangabad - BSPCB","28-08-2026 22:00:00",24.75746,84.366208,PM2.5,NA,NA,NA
India,Bihar,Aurangabad,"Gurdeo Nagar, Aurangabad - BSPCB","28-08-2026 22:00:00",24.75746,84.366208,PM10,NA,NA,NA
India,Bihar,Aurangabad,"Gurdeo Nagar, Aurangabad - BSPCB","28-08-2026 22:00:00",24.75746,84.366208,NH3,NA,NA,NA
India,Bihar,Aurangabad,"Gurdeo Nagar, Aurangabad - BSPCB","28-08-2026 22:00:00",24.75746,84.366208,OZONE,1,6,3
India,Bihar,Begusarai,"Lohiyanagar, Begusarai - BSPCB","28-08-2026 22:00:00",25.42742023,86.13886079,PM10,29,234,100
India,Bihar,Begusarai,"Lohiyanagar, Begusarai - BSPCB","28-08-2026 22:00:00",25.42742023,86.13886079,CO,14,19,16
India,Bihar,Begusarai,"Lohiyanagar, Begusarai - BSPCB","28-08-2026 22:00:00",25.42742023,86.13886079,OZONE,35,44,38
India,Bihar,Bhagalpur,"Mayaganj, Bhagalpur - BSPCB","28-08-2026 22:00:00",25.265194,87.012947,OZONE,29,29,29
India,Bihar,Muzaffarpur,"Buddha Colony, Muzaffarpur - BSPCB","28-08-2026 22:00:00",26.11442,85.39813,NO2,7,28,12
India,Bihar,Muzaffarpur,"MIT-Daudpur Kothi, Muzaffarpur - BSPCB","28-08-2026 22:00:00",26.1403345,85.3650192,OZONE,6,59,15
India,Bihar,Patna,"DRM Office Danapur, Patna - BSPCB","28-08-2026 22:00:00",25.586562,85.043586,NH3,8,9,9
India,Bihar,Patna,"Muradpur, Patna - BSPCB","28-08-2026 22:00:00",25.619651,85.147382,PM2.5,44,49,47
India,Bihar,Purnia,"Mariam Nagar, Purnia - BSPCB","28-08-2026 22:00:00",25.366336,87.117468,SO2,16,17,17
India,Bihar,Saharsa,"Police Line, Saharsa - BSPCB","28-08-2026 22:00:00",25.892357,86.590325,NO2,6,8,7
India,Bihar,Saharsa,"Police Line, Saharsa - BSPCB","28-08-2026 22:00:00",25.892357,86.590325,SO2,15,18,17
India,Bihar,Samastipur,"DM Office_Kasipur, Samastipur - BSPCB","28-08-2026 22:00:00",25.859655,85.77944,NO2,8,9,8
India,Bihar,Samastipur,"DM Office_Kasipur, Samastipur - BSPCB","28-08-2026 22:00:00",25.859655,85.77944,SO2,12,14,13
India,"Andhra Pradesh",Amaravati,"Secretariat, Amaravati - APPCB","28-08-2026 22:00:00",16.5150833,80.5181667,PM2.5,17,63,35
India,Haryana,Sirsa,"F-Block, Sirsa - HSPCB","28-08-2026 22:00:00",29.5364,75.0158,CO,72,94,84
India,Haryana,Sonipat,"Murthal, Sonipat - HSPCB","28-08-2026 22:00:00",29.0272,77.0621,PM2.5,NA,NA,NA
India,Haryana,Sonipat,"Murthal, Sonipat - HSPCB","28-08-2026 22:00:00",29.0272,77.0621,CO,19,53,36
India,Haryana,"Yamuna Nagar","Gobind Pura, Yamuna Nagar - HSPCB","28-08-2026 22:00:00",30.1480566,77.2893471,SO2,9,15,12
India,Haryana,"Yamuna Nagar","Gobind Pura, Yamuna Nagar - HSPCB","28-08-2026 22:00:00",30.1480566,77.2893471,CO,47,52,50
India,"Himachal Pradesh",Baddi,"HIMUDA Complex Phase-1, Baddi - HPPCB","28-08-2026 22:00:00",30.943887,76.801991,PM2.5,45,193,92
India,"Himachal Pradesh",Baddi,"HIMUDA Complex Phase-1, Baddi - HPPCB","28-08-2026 22:00:00",30.943887,76.801991,NO2,2,31,11
India,"Himachal Pradesh",Baddi,"HIMUDA Complex Phase-1, Baddi - HPPCB","28-08-2026 22:00:00",30.943887,76.801991,CO,96,108,102
India,"Jammu and Kashmir",Pampore,"Khrew, Pampore - JKPCC","28-08-2026 22:00:00",34.031606,75.009712,OZONE,NA,NA,NA
India,"Jammu and Kashmir",Srinagar,"Rajbagh, Srinagar - JKPCC","28-08-2026 22:00:00",34.066206,74.81982,NO2,19,20,19
India,"Jammu and Kashmir",Srinagar,"Khunmoh, Srinagar - JKPCC","28-08-2026 22:00:00",34.06313,74.96017,PM2.5,7,16,11
India,"Jammu and Kashmir",Srinagar,"Khunmoh, Srinagar - JKPCC","28-08-2026 22:00:00",34.06313,74.96017,NO2,7,30,16
India,"Jammu and Kashmir",Srinagar,"Khunmoh, Srinagar - JKPCC","28-08-2026 22:00:00",34.06313,74.96017,NH3,NA,NA,NA
India,"Jammu and Kashmir",Srinagar,"Khunmoh, Srinagar - JKPCC","28-08-2026 22:00:00",34.06313,74.96017,CO,NA,NA,NA
India,Jharkhand,Dhanbad,"Sardar Patel Nagar, Dhanbad - JSPCB","28-08-2026 22:00:00",23.80569,86.44268,PM2.5,NA,NA,NA
India,Jharkhand,Dhanbad,"Sardar Patel Nagar, Dhanbad - JSPCB","28-08-2026 22:00:00",23.80569,86.44268,CO,12,12,12
India,Jharkhand,Dhanbad,"Sardar Patel Nagar, Dhanbad - JSPCB","28-08-2026 22:00:00",23.80569,86.44268,OZONE,11,37,23
India,Jharkhand,Jorapokhar,"Tata Stadium, Jorapokhar - JSPCB","28-08-2026 22:00:00",23.707909,86.41467,NH3,3,3,3
India,Karnataka,Belgaum,"Ramteerth Nagar, Belgaum - KSPCB","28-08-2026 22:00:00",15.888653,74.541751,NH3,0,7,3
India,Karnataka,Bengaluru,"Jigani, Bengaluru - KSPCB","28-08-2026 22:00:00",12.7816279,77.6299145,SO2,16,17,16
India,Haryana,Faridabad,"Sector 30, Faridabad - HSPCB","28-08-2026 22:00:00",28.4417,77.3217,NH3,11,12,11
India,Haryana,Faridabad,"Sector 30, Faridabad - HSPCB","28-08-2026 22:00:00",28.4417,77.3217,OZONE,7,12,10
India,Haryana,Fatehabad,"Huda Sector, Fatehabad - HSPCB","28-08-2026 22:00:00",29.503664,75.467934,SO2,81,88,84
India,Haryana,Fatehabad,"Huda Sector, Fatehabad - HSPCB","28-08-2026 22:00:00",29.503664,75.467934,OZONE,11,21,16
India,Haryana,Gurugram,"NISE Gwal Pahari, Gurugram - IITM","28-08-2026 22:00:00",28.422681,77.148944,OZONE,9,37,25
India,Haryana,Gurugram,"Sector-51, Gurugram - HSPCB","28-08-2026 22:00:00",28.4227,77.0667,OZONE,16,84,39
India,Haryana,Gurugram,"Vikas Sadan, Gurugram - HSPCB","28-08-2026 22:00:00",28.4501238,77.0263051,CO,23,57,42
India,Haryana,Hisar,"Urban Estate-II, Hisar - HSPCB","28-08-2026 22:00:00",29.14056,75.744941,PM10,92,166,116
India,Haryana,Hisar,"Urban Estate-II, Hisar - HSPCB","28-08-2026 22:00:00",29.14056,75.744941,NO2,25,27,26
India,Haryana,Hisar,"Urban Estate-II, Hisar - HSPCB","28-08-2026 22:00:00",29.14056,75.744941,NH3,10,11,10
India,Haryana,Hisar,"Urban Estate-II, Hisar - HSPCB","28-08-2026 22:00:00",29.14056,75.744941,SO2,5,6,5
India,Haryana,Jind,"Police Lines, Jind - HSPCB","28-08-2026 22:00:00",29.307814,76.337619,PM2.5,107,173,134
India,Haryana,Jind,"Police Lines, Jind - HSPCB","28-08-2026 22:00:00",29.307814,76.337619,NH3,4,6,5
India,Haryana,Kaithal,"Rishi Nagar, Kaithal - HSPCB","28-08-2026 22:00:00",29.8006,76.4155,CO,14,18,16
India,Haryana,Karnal,"Sector-12, Karnal - HSPCB","28-08-2026 22:00:00",29.6953,77.0027,PM10,55,102,83
India,Haryana,Karnal,"Sector-12, Karnal - HSPCB","28-08-2026 22:00:00",29.6953,77.0027,NO2,9,22,15
India,Delhi,Delhi,"IGI Airport (T3), Delhi - IITM","28-08-2026 22:00:00",28.5627763,77.1180053,NH3,NA,NA,NA
India,Delhi,Delhi,"IGNOU_Maidan Garhi, Delhi - DPCC","28-08-2026 22:00:00",28.493624,77.201159,NO2,6,27,13
India,Delhi,Delhi,"IGNOU_Maidan Garhi, Delhi - DPCC","28-08-2026 22:00:00",28.493624,77.201159,SO2,5,7,6
India,Delhi,Delhi,"IGNOU_Maidan Garhi, Delhi - DPCC","28-08-2026 22:00:00",28.493624,77.201159,OZONE,1,5,3
India,Delhi,Delhi,"Talkatora Garden, Delhi - DPCC","28-08-2026 22:00:00",28.62181,77.1944633,PM10,98,132,116
India,Delhi,Delhi,"Talkatora Garden, Delhi - DPCC","28-08-2026 22:00:00",28.62181,77.1944633,NO2,5,44,19
India,Delhi,Delhi,"Talkatora Garden, Delhi - DPCC","28-08-2026 22:00:00",28.62181,77.1944633,NH3,0,5,2
India,Delhi,Delhi,"NSIT Dwarka, Delhi - CPCB","28-08-2026 22:00:00",28.60909,77.0325413,PM10,77,116,103
India,Delhi,Delhi,"NSIT Dwarka, Delhi - CPCB","28-08-2026 22:00:00",28.60909,77.0325413,NH3,4,12,7
India,Delhi,Delhi,"NSIT Dwarka, Delhi - CPCB","28-08-2026 22:00:00",28.60909,77.0325413,OZONE,12,84,24
India,Delhi,Delhi,"Aya Nagar, Delhi - IITM","28-08-2026 22:00:00",28.4706914,77.1099364,NH3,NA,NA,NA
India,Delhi,Delhi,"Aya Nagar, Delhi - IITM","28-08-2026 22:00:00",28.4706914,77.1099364,SO2,NA,NA,NA
India,Delhi,Delhi,"CRRI Mathura Road, Delhi - IITM","28-08-2026 22:00:00",28.5512005,77.2735737,NO2,2,40,26
India,Delhi,Delhi,"CRRI Mathura Road, Delhi - IITM","28-08-2026 22:00:00",28.5512005,77.2735737,OZONE,16,33,24
India,Delhi,Delhi,"IMD Lodhi Road, Delhi - IITM","28-08-2026 22:00:00",28.5918245,77.2273074,NO2,7,59,17
India,Delhi,Delhi,"IMD Lodhi Road, Delhi - IITM","28-08-2026 22:00:00",28.5918245,77.2273074,CO,8,37,16
India,Delhi,Delhi,"JNU, Delhi - DPCC","28-08-2026 22:00:00",28.540721,77.168544,NH3,0,5,3
India,Delhi,Delhi,"Sri Aurobindo Marg, Delhi - DPCC","28-08-2026 22:00:00",28.531346,77.190156,PM2.5,50,193,83
India,Delhi,Delhi,"Sri Aurobindo Marg, Delhi - DPCC","28-08-2026 22:00:00",28.531346,77.190156,SO2,0,2,1
India,Delhi,Delhi,"Nehru Nagar, Delhi - DPCC","28-08-2026 22:00:00",28.56789,77.250515,SO2,2,107,12
India,Delhi,Delhi,"Nehru Nagar, Delhi - DPCC","28-08-2026 22:00:00",28.56789,77.250515,CO,47,89,58
India,Delhi,Delhi,"Patparganj, Delhi - DPCC","28-08-2026 22:00:00",28.623763,77.287209,CO,31,76,45
India,Delhi,Delhi,"Jawaharlal Nehru Stadium, Delhi - DPCC","28-08-2026 22:00:00",28.58028,77.233829,PM2.5,68,163,85
India,Delhi,Delhi,"Jawaharlal Nehru Stadium, Delhi - DPCC","28-08-2026 22:00:00",28.58028,77.233829,PM10,113,174,135
India,Delhi,Delhi,"Jawaharlal Nehru Stadium, Delhi - DPCC","28-08-2026 22:00:00",28.58028,77.233829,NO2,0,15,5
India,Delhi,Delhi,"Jawaharlal Nehru Stadium, Delhi - DPCC","28-08-2026 22:00:00",28.58028,77.233829,NH3,7,10,8
India,Delhi,Delhi,"Jawaharlal Nehru Stadium, Delhi - DPCC","28-08-2026 22:00:00",28.58028,77.233829,OZONE,23,34,30
India,Delhi,Delhi,"NSUT Jaffarpur, Delhi - DPCC","28-08-2026 22:00:00",28.594004,76.909423,PM2.5,44,101,71
India,Delhi,Delhi,"NSUT Jaffarpur, Delhi - DPCC","28-08-2026 22:00:00",28.594004,76.909423,PM10,87,142,116
India,Delhi,Delhi,"NSUT Jaffarpur, Delhi - DPCC","28-08-2026 22:00:00",28.594004,76.909423,OZONE,3,29,17
India,Delhi,Delhi,"Punjabi Bagh, Delhi - DPCC","28-08-2026 22:00:00",28.674045,77.131023,PM2.5,47,183,84
India,Delhi,Delhi,"Ashok Vihar, Delhi - DPCC","28-08-2026 22:00:00",28.695381,77.181665,NO2,10,101,29
India,Delhi,Delhi,"Anand Vihar, Delhi - DPCC","28-08-2026 22:00:00",28.647622,77.315809,NO2,11,46,20
India,Delhi,Delhi,"Alipur, Delhi - DPCC","28-08-2026 22:00:00",28.815329,77.15301,PM10,NA,NA,NA
India,Delhi,Delhi,"Alipur, Delhi - DPCC","28-08-2026 22:00:00",28.815329,77.15301,SO2,8,19,9
India,Delhi,Delhi,"North Campus, DU, Delhi - IITM","28-08-2026 22:00:00",28.6573814,77.1585447,PM2.5,52,81,67
India,Delhi,Delhi,"North Campus, DU, Delhi - IITM","28-08-2026 22:00:00",28.6573814,77.1585447,NO2,44,269,107
India,Delhi,Delhi,"R K Puram, Delhi - DPCC","28-08-2026 22:00:00",28.563262,77.186937,NO2,12,60,27
India,Delhi,Delhi,"R K Puram, Delhi - DPCC","28-08-2026 22:00:00",28.563262,77.186937,NH3,5,8,6
India,Gujarat,Ahmedabad,"SVPI Airport Hansol, Ahmedabad - IITM","28-08-2026 22:00:00",23.076793,72.627874,PM2.5,18,48,26
India,Gujarat,Ahmedabad,"SVPI Airport Hansol, Ahmedabad - IITM","28-08-2026 22:00:00",23.076793,72.627874,NH3,2,3,2
India,Gujarat,Ahmedabad,"SVPI Airport Hansol, Ahmedabad - IITM","28-08-2026 22:00:00",23.076793,72.627874,CO,23,61,39
India,Gujarat,Ahmedabad,"SVPI Airport Hansol, Ahmedabad - IITM","28-08-2026 22:00:00",23.076793,72.627874,OZONE,9,19,16
India,Gujarat,Ahmedabad,"Chandkheda, Ahmedabad - IITM","28-08-2026 22:00:00",23.107969,72.574648,PM10,65,124,83
India,Gujarat,Ahmedabad,"Chandkheda, Ahmedabad - IITM","28-08-2026 22:00:00",23.107969,72.574648,NO2,5,16,8
India,Gujarat,Ahmedabad,"SAC ISRO Satellite, Ahmedabad - IITM","28-08-2026 22:00:00",23.023389,72.515201,PM2.5,33,78,46
India,Gujarat,Ahmedabad,"Raikhad, Ahmedabad - IITM","28-08-2026 22:00:00",23.020509,72.579261,NO2,12,38,18
India,Delhi,Delhi,"Anand Vihar, Delhi - DPCC","28-08-2026 22:00:00",28.647622,77.315809,OZONE,10,10,10
India,Delhi,Delhi,"Shadipur, Delhi - CPCB","28-08-2026 22:00:00",28.6514781,77.1473105,CO,14,39,24
India,Delhi,Delhi,"Sirifort, Delhi - CPCB","28-08-2026 22:00:00",28.5504249,77.2159377,PM10,108,193,141
India,Delhi,Delhi,"Pusa, Delhi - IITM","28-08-2026 22:00:00",28.63611,77.173332,NO2,24,119,52
India,Delhi,Delhi,"Pusa, Delhi - IITM","28-08-2026 22:00:00",28.63611,77.173332,NH3,NA,NA,NA
India,Delhi,Delhi,"DTU, Delhi - CPCB","28-08-2026 22:00:00",28.7500499,77.1112615,CO,1,24,6
India,Delhi,Delhi,"Dwarka-Sector 8, Delhi - DPCC ","28-08-2026 22:00:00",28.5710274,77.0719006,PM2.5,13,113,47
India,Delhi,Delhi,"Dwarka-Sector 8, Delhi - DPCC ","28-08-2026 22:00:00",28.5710274,77.0719006,PM10,115,267,173
India,Delhi,Delhi,"Dr. Karni Singh Shooting Range, Delhi - DPCC","28-08-2026 22:00:00",28.498571,77.26484,PM10,83,221,142
India,Delhi,Delhi,"Dr. Karni Singh Shooting Range, Delhi - DPCC","28-08-2026 22:00:00",28.498571,77.26484,NH3,4,6,5
India,Delhi,Delhi,"Dr. Karni Singh Shooting Range, Delhi - DPCC","28-08-2026 22:00:00",28.498571,77.26484,CO,21,58,36
India,Delhi,Delhi,"IIT Delhi, Delhi - IITM","28-08-2026 22:00:00",28.54246,77.191651,CO,14,45,24
India,Delhi,Delhi,"IGI Airport (T3), Delhi - IITM","28-08-2026 22:00:00",28.5627763,77.1180053,PM2.5,44,90,62
India,Gujarat,Vapi,"Phase-1 GIDC, Vapi - GPCB","28-08-2026 22:00:00",20.362421,72.918013,SO2,16,25,20
India,Gujarat,Vapi,"Phase-1 GIDC, Vapi - GPCB","28-08-2026 22:00:00",20.362421,72.918013,CO,NA,NA,NA
India,Gujarat,Vapi,"Phase-1 GIDC, Vapi - GPCB","28-08-2026 22:00:00",20.362421,72.918013,OZONE,5,16,12
India,Gujarat,Vatva,"Phase-4 GIDC, Vatva - GPCB","28-08-2026 22:00:00",22.969611,72.6435,PM10,88,121,101
India,Gujarat,Vatva,"Phase-4 GIDC, Vatva - GPCB","28-08-2026 22:00:00",22.969611,72.6435,NH3,5,5,5
India,Haryana,Ambala,"Patti Mehar, Ambala - HSPCB","28-08-2026 22:00:00",30.379589,76.778328,CO,34,51,44
India,Haryana,Bahadurgarh,"Arya Nagar, Bahadurgarh - HSPCB","28-08-2026 22:00:00",28.6701,76.9254,NO2,20,27,25
India,Haryana,Bhiwani,"H.B. Colony, Bhiwani - HSPCB","28-08-2026 22:00:00",28.806223,76.141105,OZONE,10,20,15
India,Haryana,"Charkhi Dadri","Mini Secretariat, Charkhi Dadri - HSPCB","28-08-2026 22:00:00",28.593883,76.270653,PM2.5,51,304,148
India,Haryana,Faridabad,"Sector 11, Faridabad - HSPCB","28-08-2026 22:00:00",28.376058,77.315741,CO,55,68,59
India,Haryana,Kurukshetra,"Sector-7, Kurukshetra - HSPCB","28-08-2026 22:00:00",29.966942,76.875879,PM10,62,129,95
India,Haryana,Kurukshetra,"Sector-7, Kurukshetra - HSPCB","28-08-2026 22:00:00",29.966942,76.875879,SO2,1,10,6
India,Haryana,Kurukshetra,"Sector-7, Kurukshetra - HSPCB","28-08-2026 22:00:00",29.966942,76.875879,OZONE,12,22,18
India,Haryana,Manesar,"Sector-2 IMT, Manesar - HSPCB","28-08-2026 22:00:00",28.360699,76.93609,PM10,NA,NA,NA
India,Haryana,Narnaul,"Shastri Nagar, Narnaul - HSPCB","28-08-2026 22:00:00",28.060249,76.113115,PM10,109,144,128
India,Haryana,Narnaul,"Shastri Nagar, Narnaul - HSPCB","28-08-2026 22:00:00",28.060249,76.113115,OZONE,14,58,32
India,Haryana,Palwal,"Shyam Nagar, Palwal - HSPCB","28-08-2026 22:00:00",28.1485564,77.3320667,PM10,51,61,54
India,Haryana,Palwal,"Shyam Nagar, Palwal - HSPCB","28-08-2026 22:00:00",28.1485564,77.3320667,NH3,6,6,6
India,Haryana,Panchgaon,"Amity University, Panchgaon - IITM","28-08-2026 22:00:00",28.3153,76.9143,PM10,26,109,77
India,Haryana,Panchgaon,"Amity University, Panchgaon - IITM","28-08-2026 22:00:00",28.3153,76.9143,NH3,2,3,3
India,Haryana,Panchkula,"Sector-6, Panchkula - HSPCB ","28-08-2026 22:00:00",30.7057778,76.8531805555555,PM10,NA,NA,NA
India,Gujarat,Bhavnagar,"Vidhyanagar, Bhavnagar - Nexteng Enviro","28-08-2026 22:00:00",21.755417,72.139056,SO2,7,8,7
India,Gujarat,Gandhinagar,"Sector-10, Gandhinagar - GPCB","28-08-2026 22:00:00",23.221714,72.654328,NO2,4,5,5
India,Gujarat,Gandhinagar,"Sector-10, Gandhinagar - GPCB","28-08-2026 22:00:00",23.221714,72.654328,SO2,3,6,5
India,Gujarat,Gandhinagar,"IIPHG Lekawada, Gandhinagar - IITM","28-08-2026 22:00:00",23.243639,72.68994,NO2,3,19,7
India,Gujarat,Gandhinagar,"GIFT City, Gandhinagar - IITM","28-08-2026 22:00:00",23.163798,72.677768,OZONE,5,7,6
India,Gujarat,Nandesari,"GIDC, Nandesari - Nandesari Ind. Association","28-08-2026 22:00:00",22.410802,73.097923,PM10,25,98,56
India,Gujarat,Surat,"Science Center, Surat - SMC","28-08-2026 22:00:00",21.170046,72.795405,PM10,28,54,41
India,Gujarat,Surat,"Science Center, Surat - SMC","28-08-2026 22:00:00",21.170046,72.795405,NH3,NA,NA,NA
India,Gujarat,Vadodara,"Bapunagar, Vadodara - Nexteng Enviro","28-08-2026 22:00:00",22.320153,73.216285,NH3,2,2,2
India,Karnataka,Bengaluru,"Jayanagar 5th Block, Bengaluru - KSPCB","28-08-2026 22:00:00",12.920984,77.584908,PM2.5,18,57,34
India,Karnataka,Bengaluru,"Jayanagar 5th Block, Bengaluru - KSPCB","28-08-2026 22:00:00",12.920984,77.584908,NH3,0,1,0
India,Karnataka,Bengaluru,"Jayanagar 5th Block, Bengaluru - KSPCB","28-08-2026 22:00:00",12.920984,77.584908,CO,7,25,17
India,Karnataka,Bengaluru,"Jayanagar 5th Block, Bengaluru - KSPCB","28-08-2026 22:00:00",12.920984,77.584908,OZONE,5,53,31
India,Karnataka,Bengaluru,"Hombegowda Nagar, Bengaluru - KSPCB","28-08-2026 22:00:00",12.938539,77.5901,PM10,28,61,45
India,Karnataka,Bengaluru,"Hombegowda Nagar, Bengaluru - KSPCB","28-08-2026 22:00:00",12.938539,77.5901,NO2,8,31,17
India,Karnataka,Bengaluru,"Peenya, Bengaluru - CPCB","28-08-2026 22:00:00",13.0270199,77.494094,NH3,5,5,5
India,Karnataka,Bengaluru,"Peenya, Bengaluru - CPCB","28-08-2026 22:00:00",13.0270199,77.494094,SO2,6,16,10
India,Karnataka,Bengaluru,"Peenya, Bengaluru - CPCB","28-08-2026 22:00:00",13.0270199,77.494094,CO,32,42,37
India,Karnataka,Bengaluru,"Shivapura_Peenya, Bengaluru - KSPCB","28-08-2026 22:00:00",13.0246342,77.5080115,NH3,3,3,3
India,Karnataka,Bengaluru,"Shivapura_Peenya, Bengaluru - KSPCB","28-08-2026 22:00:00",13.0246342,77.5080115,OZONE,24,25,25
India,Karnataka,Bengaluru,"Hebbal, Bengaluru - KSPCB","28-08-2026 22:00:00",13.029152,77.585901,NO2,14,20,17
India,Karnataka,Bengaluru,"Silk Board, Bengaluru - KSPCB","28-08-2026 22:00:00",12.917348,77.622813,PM10,NA,NA,NA
India,Karnataka,Bengaluru,"Silk Board, Bengaluru - KSPCB","28-08-2026 22:00:00",12.917348,77.622813,CO,35,68,49
India,Karnataka,Bengaluru,"Bapuji Nagar, Bengaluru - KSPCB","28-08-2026 22:00:00",12.951913,77.539784,SO2,17,35,24
India,Karnataka,Chamarajanagar,"Urban, Chamarajanagar - KSPCB","28-08-2026 22:00:00",11.55358,76.55521,NH3,1,3,2
India,Karnataka,Chamarajanagar,"Urban, Chamarajanagar - KSPCB","28-08-2026 22:00:00",11.55358,76.55521,OZONE,26,37,32
India,Karnataka,Chikkaballapur,"Chikkaballapur Rural, Chikkaballapur - KSPCB","28-08-2026 22:00:00",13.428828,77.731418,PM2.5,3,38,15
India,Karnataka,Chikkamagaluru,"Kalyana Nagara, Chikkamagaluru - KSPCB","28-08-2026 22:00:00",13.328028,75.797056,PM2.5,NA,NA,NA
India,Karnataka,Shivamogga,"Vinoba Nagara, Shivamogga - KSPCB","28-08-2026 22:00:00",13.94,75.555917,CO,26,32,30
India,Karnataka,Yadgir,"Collector Office, Yadgir - KSPCB","28-08-2026 22:00:00",16.7602,77.1428,PM10,25,69,51
India,Karnataka,Yadgir,"Collector Office, Yadgir - KSPCB","28-08-2026 22:00:00",16.7602,77.1428,SO2,10,17,15
India,Karnataka,Yadgir,"Collector Office, Yadgir - KSPCB","28-08-2026 22:00:00",16.7602,77.1428,OZONE,15,23,19
India,Kerala,Eloor,"Udyogamandal, Eloor - Kerala PCB","28-08-2026 22:00:00",10.073232,76.302765,NO2,6,6,6
India,Kerala,Eloor,"Udyogamandal, Eloor - Kerala PCB","28-08-2026 22:00:00",10.073232,76.302765,SO2,0,0,0
India,Kerala,Eloor,"Udyogamandal, Eloor - Kerala PCB","28-08-2026 22:00:00",10.073232,76.302765,OZONE,27,30,28
India,Kerala,Thiruvananthapuram,"Plammoodu, Thiruvananthapuram - Kerala PCB","28-08-2026 22:00:00",8.5149093,76.9435879,PM2.5,11,25,19
India,Kerala,Thiruvananthapuram,"Plammoodu, Thiruvananthapuram - Kerala PCB","28-08-2026 22:00:00",8.5149093,76.9435879,CO,2,13,6
India,Kerala,Thiruvananthapuram,"Kariavattom, Thiruvananthapuram - Kerala PCB","28-08-2026 22:00:00",8.5637,76.8865,PM2.5,37,41,39
India,Kerala,Thiruvananthapuram,"Kariavattom, Thiruvananthapuram - Kerala PCB","28-08-2026 22:00:00",8.5637,76.8865,PM10,37,116,66
India,Kerala,Thrissur,"Corporation Ground, Thrissur - Kerala PCB","28-08-2026 22:00:00",10.5324,76.2159,PM2.5,41,57,49
India,Kerala,Thrissur,"Corporation Ground, Thrissur - Kerala PCB","28-08-2026 22:00:00",10.5324,76.2159,NO2,8,11,9
India,"Madhya Pradesh",Bhopal,"Paryavaran Parisar, Bhopal - MPPCB","28-08-2026 22:00:00",23.210494,77.425409,PM2.5,28,63,44
India,"Madhya Pradesh",Bhopal,"Paryavaran Parisar, Bhopal - MPPCB","28-08-2026 22:00:00",23.210494,77.425409,PM10,63,101,84
India,"Madhya Pradesh",Bhopal,"Paryavaran Parisar, Bhopal - MPPCB","28-08-2026 22:00:00",23.210494,77.425409,OZONE,24,36,31
India,"Madhya Pradesh",Bhopal,"Idgah Hills, Bhopal - MPPCB","28-08-2026 22:00:00",23.264759,77.381568,NO2,6,24,12
India,"Madhya Pradesh",Satna,"Bandhavgar Colony, Satna - Birla Cement","28-08-2026 22:00:00",24.58434363,80.8549414,NO2,12,13,13
India,"Madhya Pradesh",Satna,"Bandhavgar Colony, Satna - Birla Cement","28-08-2026 22:00:00",24.58434363,80.8549414,OZONE,40,60,57
India,"Madhya Pradesh",Singrauli,"Suryakiran Bhawan NCL, Singrauli - MPPCB","28-08-2026 22:00:00",24.10897,82.64558,PM10,15,47,26
India,"Madhya Pradesh",Singrauli,"Suryakiran Bhawan NCL, Singrauli - MPPCB","28-08-2026 22:00:00",24.10897,82.64558,SO2,13,86,66
India,"Madhya Pradesh",Singrauli,"Suryakiran Bhawan NCL, Singrauli - MPPCB","28-08-2026 22:00:00",24.10897,82.64558,CO,28,31,29
India,"Madhya Pradesh",Singrauli,"Suryakiran Bhawan NCL, Singrauli - MPPCB","28-08-2026 22:00:00",24.10897,82.64558,OZONE,11,24,17
India,"Madhya Pradesh",Ujjain,"Mahashweta Nagar, Ujjain - MPPCB","28-08-2026 22:00:00",23.1633321,75.800225,SO2,2,5,4
India,Maharashtra,Akola,"Ramdaspeth, Akola - MPCB","28-08-2026 22:00:00",20.719516,77.000253,CO,17,31,23
India,Maharashtra,Ambernath,"Chinchpada, Ambernath - MPCB","28-08-2026 22:00:00",19.215784,73.199781,PM2.5,12,48,25
India,Maharashtra,Ambernath,"Chinchpada, Ambernath - MPCB","28-08-2026 22:00:00",19.215784,73.199781,CO,5,20,11
India,Maharashtra,Amravati,"Shivneri Colony, Amravati - MPCB","28-08-2026 22:00:00",20.9402359,77.7895248,SO2,6,11,8
India,Maharashtra,Aurangabad,"MIDC Chilkalthana, Aurangabad - MPCB","28-08-2026 22:00:00",19.87562,75.38731,NH3,1,2,1
India,Maharashtra,Aurangabad,"MIDC Chilkalthana, Aurangabad - MPCB","28-08-2026 22:00:00",19.87562,75.38731,SO2,5,8,7
India,Maharashtra,Aurangabad,"More Chowk Waluj, Aurangabad - MPCB","28-08-2026 22:00:00",19.8389439,75.244448,CO,18,50,28
India,Karnataka,Chikkamagaluru,"Kalyana Nagara, Chikkamagaluru - KSPCB","28-08-2026 22:00:00",13.328028,75.797056,SO2,NA,NA,NA
India,Karnataka,Davanagere,"Devaraj Urs Badavane, Davanagere - KSPCB","28-08-2026 22:00:00",14.4758,75.9052,PM10,13,44,25
India,Karnataka,Gadag,"Panchal Nagar, Gadag - KSPCB","28-08-2026 22:00:00",15.411456,75.638133,NO2,17,21,19
India,Karnataka,Hubballi,"Lingaraj Nagar, Hubballi - KSPCB","28-08-2026 22:00:00",15.3714823,75.1160168,PM10,46,52,49
India,Karnataka,Hubballi,"Lingaraj Nagar, Hubballi - KSPCB","28-08-2026 22:00:00",15.3714823,75.1160168,NO2,7,11,8
India,Karnataka,Hubballi,"Lingaraj Nagar, Hubballi - KSPCB","28-08-2026 22:00:00",15.3714823,75.1160168,SO2,2,2,2
India,Karnataka,Kalaburagi,"Mahatma Basaveswar Colony, Kalaburgi - KSPCB","28-08-2026 22:00:00",17.336318,76.847397,CO,32,37,35
India,Karnataka,Karwar,"KHB Colony, Karwar - KSPCB","28-08-2026 22:00:00",14.816666,74.141003,NH3,1,3,2
India,Karnataka,Karwar,"KHB Colony, Karwar - KSPCB","28-08-2026 22:00:00",14.816666,74.141003,OZONE,NA,NA,NA
India,Karnataka,Madikeri,"Stuart Hill, Madikeri - KSPCB","28-08-2026 22:00:00",12.415911,75.73505,NO2,2,2,2
India,Karnataka,Mysuru,"Hebbal 1st Stage, Mysuru - KSPCB","28-08-2026 22:00:00",12.21041,76.37376,NH3,2,6,4
India,Karnataka,Ramanagara,"Vijay Nagar, Ramanagara - KSPCB","28-08-2026 22:00:00",12.733409,77.298051,NH3,NA,NA,NA
India,Karnataka,Shivamogga,"Vinoba Nagara, Shivamogga - KSPCB","28-08-2026 22:00:00",13.94,75.555917,PM2.5,33,34,34
India,Maharashtra,Badlapur,"Katrap, Badlapur - MPCB","28-08-2026 22:00:00",19.16485,73.23409,NH3,7,7,7
India,Maharashtra,Beed,"Bir, Beed - MPCB","28-08-2026 22:00:00",18.988474,75.753873,PM10,28,63,44
India,Maharashtra,Beed,"Bir, Beed - MPCB","28-08-2026 22:00:00",18.988474,75.753873,NH3,2,3,3
India,Maharashtra,Belapur,"CBD Belapur, Belapur - MPCB","28-08-2026 22:00:00",19.0243902,73.0406721,PM10,NA,NA,NA
India,Maharashtra,Belapur,"CBD Belapur, Belapur - MPCB","28-08-2026 22:00:00",19.0243902,73.0406721,OZONE,9,15,13
India,Maharashtra,Bhiwandi,"Gokul Nagar, Bhiwandi - MPCB","28-08-2026 22:00:00",19.309073,73.057223,NO2,5,5,5
India,Maharashtra,Bhiwandi,"Gokul Nagar, Bhiwandi - MPCB","28-08-2026 22:00:00",19.309073,73.057223,SO2,3,3,3
India,Maharashtra,Bhiwandi,"Gokul Nagar, Bhiwandi - MPCB","28-08-2026 22:00:00",19.309073,73.057223,CO,16,31,20
India,Maharashtra,Boisar,"Khaira, Boisar - MPCB","28-08-2026 22:00:00",19.786089,72.757971,PM2.5,22,58,43
India,Maharashtra,Chandrapur,"MIDC Khutala, Chandrapur - MPCB","28-08-2026 22:00:00",19.9775302,79.2337086,NH3,NA,NA,NA
India,Maharashtra,Chandrapur,"Chauhan Colony, Chandrapur - MPCB","28-08-2026 22:00:00",19.9629,79.298714,SO2,10,12,11
India,Maharashtra,Chandrapur,"Chauhan Colony, Chandrapur - MPCB","28-08-2026 22:00:00",19.9629,79.298714,CO,27,28,28
India,Maharashtra,Chandrapur,"Chauhan Colony, Chandrapur - MPCB","28-08-2026 22:00:00",19.9629,79.298714,OZONE,2,5,4
India,Maharashtra,Hingoli,"Ashta Vinayak Nagar, Hingoli - MPCB","28-08-2026 22:00:00",19.710842,77.151824,PM2.5,22,52,35
India,Maharashtra,Hingoli,"Ashta Vinayak Nagar, Hingoli - MPCB","28-08-2026 22:00:00",19.710842,77.151824,PM10,37,96,71
India,Maharashtra,Kalyan,"Khadakpada, Kalyan - MPCB","28-08-2026 22:00:00",19.25292,73.142019,NO2,37,37,37
India,Maharashtra,Kalyan,"Pimpleshwar Mandir, Kalyan - MPCB","28-08-2026 22:00:00",19.192056,72.9585188,NO2,14,21,17
India,Maharashtra,Kalyan,"Pimpleshwar Mandir, Kalyan - MPCB","28-08-2026 22:00:00",19.192056,72.9585188,NH3,0,1,1
India,Maharashtra,Kalyan,"Pimpleshwar Mandir, Kalyan - MPCB","28-08-2026 22:00:00",19.192056,72.9585188,CO,40,40,40
India,Maharashtra,Kolhapur,"Sinchan Bhavan, Kolhapur - MPCB","28-08-2026 22:00:00",16.7143745,74.2426398,NO2,2,7,4
India,Maharashtra,Kolhapur,"Sinchan Bhavan, Kolhapur - MPCB","28-08-2026 22:00:00",16.7143745,74.2426398,SO2,0,1,0
India,Maharashtra,Latur,"Sawe Wadi, Latur - MPCB","28-08-2026 22:00:00",18.39963,76.57452,SO2,1,6,4
India,Maharashtra,Malegaon,"Mahesh Nagar, Malegaon - MPCB","28-08-2026 22:00:00",20.555712,74.529236,PM2.5,37,64,50
India,Maharashtra,Malegaon,"Mahesh Nagar, Malegaon - MPCB","28-08-2026 22:00:00",20.555712,74.529236,NH3,1,1,1
India,Maharashtra,Malegaon,"Mahesh Nagar, Malegaon - MPCB","28-08-2026 22:00:00",20.555712,74.529236,CO,11,33,20
India,Maharashtra,Mira-Bhayandar,"Bhayandar West, Mira-Bhayandar - MPCB","28-08-2026 22:00:00",19.296481,72.840923,NO2,3,7,4
India,Maharashtra,Mira-Bhayandar,"Bhayandar West, Mira-Bhayandar - MPCB","28-08-2026 22:00:00",19.296481,72.840923,OZONE,12,14,13
India,Maharashtra,Mumbai,"Shivaji Nagar, Mumbai - BMC","28-08-2026 22:00:00",19.060498,72.923356,PM2.5,8,40,20
India,Maharashtra,Mumbai,"Shivaji Nagar, Mumbai - BMC","28-08-2026 22:00:00",19.060498,72.923356,CO,16,32,21
India,Maharashtra,Mumbai,"Sion, Mumbai - MPCB","28-08-2026 22:00:00",19.047,72.8746,NO2,37,66,50
India,"Madhya Pradesh",Indore,"Maguda Nagar, Indore - IMC","28-08-2026 22:00:00",22.7524,75.8872,NH3,NA,NA,NA
India,"Madhya Pradesh",Jabalpur,"Govindh Bhavan Colony, Jabalpur - JMC","28-08-2026 22:00:00",23.163174,79.973061,NO2,60,69,64
India,"Madhya Pradesh",Jabalpur,"Suhagi, Jabalpur - JMC","28-08-2026 22:00:00",23.218135,79.95777,SO2,5,119,31
India,"Madhya Pradesh",Katni,"Gole Bazar, Katni - MPPCB","28-08-2026 22:00:00",23.50016,80.23284,NH3,2,3,2
India,"Madhya Pradesh",Katni,"Gole Bazar, Katni - MPPCB","28-08-2026 22:00:00",23.50016,80.23284,CO,28,36,31
India,"Madhya Pradesh",Katni,"Gole Bazar, Katni - MPPCB","28-08-2026 22:00:00",23.50016,80.23284,OZONE,15,19,16
India,"Madhya Pradesh",Maihar,"Sahilara, Maihar - KJS Cements","28-08-2026 22:00:00",24.2613009,80.7231783,PM10,5,62,35
India,"Madhya Pradesh",Maihar,"Sahilara, Maihar - KJS Cements","28-08-2026 22:00:00",24.2613009,80.7231783,SO2,11,12,12
India,"Madhya Pradesh",Mandideep,"Sector-D Industrial Area, Mandideep - MPPCB","28-08-2026 22:00:00",23.10844,77.511428,PM2.5,79,153,103
India,"Madhya Pradesh",Mandideep,"Sector-D Industrial Area, Mandideep - MPPCB","28-08-2026 22:00:00",23.10844,77.511428,NH3,NA,NA,NA
India,"Madhya Pradesh",Pithampur,"Sector-2 Industrial Area, Pithampur - MPPCB","28-08-2026 22:00:00",22.624758,75.675238,NH3,6,8,7
India,"Madhya Pradesh",Satna,"Bandhavgar Colony, Satna - Birla Cement","28-08-2026 22:00:00",24.58434363,80.8549414,PM2.5,48,52,50
India,"Madhya Pradesh",Bhopal,"Idgah Hills, Bhopal - MPPCB","28-08-2026 22:00:00",23.264759,77.381568,NH3,3,4,3
India,"Madhya Pradesh",Bhopal,"T T Nagar, Bhopal - MPPCB","28-08-2026 22:00:00",23.233584,77.400574,PM10,62,107,81
India,"Madhya Pradesh",Bhopal,"T T Nagar, Bhopal - MPPCB","28-08-2026 22:00:00",23.233584,77.400574,SO2,19,22,21
India,"Madhya Pradesh",Damoh,"Shrivastav Colony, Damoh - MPPCB","28-08-2026 22:00:00",23.81748678,79.446246,SO2,42,57,49
India,"Madhya Pradesh",Dewas,"Bhopal Chauraha, Dewas - MPPCB","28-08-2026 22:00:00",22.9682591,76.064118,NO2,47,75,60
India,"Madhya Pradesh",Dewas,"Bhopal Chauraha, Dewas - MPPCB","28-08-2026 22:00:00",22.9682591,76.064118,NH3,2,3,2
India,"Madhya Pradesh",Gwalior,"Maharaj Bada, Gwalior - MPPCB","28-08-2026 22:00:00",26.200388,78.147714,NO2,10,34,18
India,"Madhya Pradesh",Gwalior,"City Center, Gwalior - MPPCB","28-08-2026 22:00:00",26.203442,78.193251,NO2,33,52,41
India,"Madhya Pradesh",Gwalior,"City Center, Gwalior - MPPCB","28-08-2026 22:00:00",26.203442,78.193251,CO,20,37,29
India,"Madhya Pradesh",Gwalior,"Deen Dayal Nagar, Gwalior - MPPCB","28-08-2026 22:00:00",26.259242,78.216432,NH3,2,6,4
India,"Madhya Pradesh",Indore,"Chhoti Gwaltoli, Indore - MPPCB","28-08-2026 22:00:00",22.431,75.5213,PM10,77,138,95
India,Maharashtra,Mumbai,"Kherwadi_Bandra East, Mumbai - MPCB","28-08-2026 22:00:00",19.0632143,72.8456324,NO2,NA,NA,NA
India,Maharashtra,Mumbai,"Kherwadi_Bandra East, Mumbai - MPCB","28-08-2026 22:00:00",19.0632143,72.8456324,NH3,NA,NA,NA
India,Maharashtra,Mumbai,"Byculla, Mumbai - BMC","28-08-2026 22:00:00",18.9767,72.838,PM2.5,10,20,15
India,Maharashtra,Mumbai,"Byculla, Mumbai - BMC","28-08-2026 22:00:00",18.9767,72.838,NH3,1,3,2
India,Maharashtra,Mumbai,"Worli, Mumbai - MPCB","28-08-2026 22:00:00",18.9936162,72.8128113,PM2.5,NA,NA,NA
India,Maharashtra,Mumbai,"Chembur, Mumbai - MPCB","28-08-2026 22:00:00",19.0364585,72.8954371,NH3,NA,NA,NA
India,Maharashtra,Mumbai,"Sewri, Mumbai - BMC","28-08-2026 22:00:00",19.000084,72.85673,NO2,NA,NA,NA
India,Rajasthan,Bharatpur,"Krishna Nagar, Bharatpur - RSPCB","28-08-2026 22:00:00",27.215415,77.50873,NH3,3,5,4
India,Rajasthan,Bharatpur,"Krishna Nagar, Bharatpur - RSPCB","28-08-2026 22:00:00",27.215415,77.50873,CO,16,30,22
India,Rajasthan,Bhilwara,"Pratap Nagar, Bhilwara - RSPCB","28-08-2026 22:00:00",25.339605,74.618883,PM10,99,139,116
India,Rajasthan,Bhilwara,"Pratap Nagar, Bhilwara - RSPCB","28-08-2026 22:00:00",25.339605,74.618883,SO2,5,9,7
India,Rajasthan,Bhilwara,"Pratap Nagar, Bhilwara - RSPCB","28-08-2026 22:00:00",25.339605,74.618883,OZONE,9,10,9
India,Rajasthan,Bhiwadi,"RIICO Ind. Area III, Bhiwadi - RSPCB","28-08-2026 22:00:00",28.194909,76.862296,SO2,7,13,9
India,Rajasthan,Bhiwadi,"RIICO Ind. Area III, Bhiwadi - RSPCB","28-08-2026 22:00:00",28.194909,76.862296,CO,8,41,27
India,Rajasthan,Bhiwadi,"Vasundhara Nagar_UIT, Bhiwadi - RSPCB","28-08-2026 22:00:00",28.207266,76.829265,CO,30,51,38
India,Rajasthan,Bikaner,"MM Ground, Bikaner - RSPCB","28-08-2026 22:00:00",28.018792,73.292658,CO,20,51,35
India,Rajasthan,Bundi,"New Colony, Bundi - RSPCB","28-08-2026 22:00:00",25.435774,75.644272,OZONE,29,55,44
India,Rajasthan,Chittorgarh,"Shastri Nagar, Chittorgarh - RSPCB","28-08-2026 22:00:00",24.892047,74.623527,NO2,7,15,11
India,Rajasthan,Chittorgarh,"Shastri Nagar, Chittorgarh - RSPCB","28-08-2026 22:00:00",24.892047,74.623527,CO,2,7,4
India,Rajasthan,Churu,"Subash Chowk, Churu - RSPCB","28-08-2026 22:00:00",28.296139,74.961696,CO,24,28,26
India,Rajasthan,Dausa,"Khatikan Mohalla, Dausa - RSPCB","28-08-2026 22:00:00",26.895552,76.334753,PM10,125,192,152
India,Rajasthan,Dausa,"Khatikan Mohalla, Dausa - RSPCB","28-08-2026 22:00:00",26.895552,76.334753,NH3,4,11,7
India,Rajasthan,Dausa,"Khatikan Mohalla, Dausa - RSPCB","28-08-2026 22:00:00",26.895552,76.334753,SO2,2,7,3
India,Rajasthan,Dausa,"Khatikan Mohalla, Dausa - RSPCB","28-08-2026 22:00:00",26.895552,76.334753,OZONE,17,26,23
India,Rajasthan,Dholpur,"Raja Ganj, Dholpur - RSPCB","28-08-2026 22:00:00",26.699557,77.898881,NH3,4,46,10
India,Rajasthan,Dholpur,"Raja Ganj, Dholpur - RSPCB","28-08-2026 22:00:00",26.699557,77.898881,OZONE,18,28,23
India,Rajasthan,Dungarpur,"Bhoiwada, Dungarpur - RSPCB","28-08-2026 22:00:00",23.837789,73.714926,PM2.5,22,63,39
India,Mizoram,Aizawl,"Sikulpuikawn, Aizawl - Mizoram PCB","28-08-2026 22:00:00",23.7176342,92.7192841,OZONE,1,2,1
India,Nagaland,Kohima,"PWD Junction, Kohima - NPCB","28-08-2026 22:00:00",25.6635413,94.0989878,PM2.5,1,44,20
India,Nagaland,Kohima,"PWD Junction, Kohima - NPCB","28-08-2026 22:00:00",25.6635413,94.0989878,NH3,0,1,1
India,Nagaland,Kohima,"PWD Junction, Kohima - NPCB","28-08-2026 22:00:00",25.6635413,94.0989878,SO2,49,70,59
India,Odisha,Balasore,"Kalidaspur, Balasore - OSPCB","28-08-2026 22:00:00",21.51161,86.89088,PM10,18,64,40
India,Odisha,Balasore,"Kalidaspur, Balasore - OSPCB","28-08-2026 22:00:00",21.51161,86.89088,NH3,3,4,3
India,Odisha,Balasore,"Kalidaspur, Balasore - OSPCB","28-08-2026 22:00:00",21.51161,86.89088,OZONE,14,53,37
India,Odisha,Barbil,"Forest Office, Barbil - OSPCB","28-08-2026 22:00:00",22.1166054,85.3945546,OZONE,38,57,49
India,Odisha,Baripada,"Meher Colony, Baripada - OSPCB","28-08-2026 22:00:00",21.941841,86.728318,NO2,0,30,17
India,Odisha,Baripada,"Meher Colony, Baripada - OSPCB","28-08-2026 22:00:00",21.941841,86.728318,SO2,6,8,7
India,Odisha,Bhubaneswar,"Patia, Bhubaneswar - OSPCB","28-08-2026 22:00:00",20.34652,85.8163,PM2.5,12,48,30
India,Odisha,Brajrajnagar,"GM Office, Brajrajnagar - OSPCB","28-08-2026 22:00:00",21.8004996,83.8396977,NH3,4,4,4
India,Odisha,Brajrajnagar,"GM Office, Brajrajnagar - OSPCB","28-08-2026 22:00:00",21.8004996,83.8396977,CO,45,54,50
India,Odisha,Brajrajnagar,"GM Office, Brajrajnagar - OSPCB","28-08-2026 22:00:00",21.8004996,83.8396977,OZONE,43,44,43
India,Odisha,Cuttack,"CDA Area, Cuttack - OSPCB","28-08-2026 22:00:00",20.48891,85.84768,PM10,47,75,60
India,Odisha,Cuttack,"CDA Area, Cuttack - OSPCB","28-08-2026 22:00:00",20.48891,85.84768,NO2,9,24,14
India,Odisha,Cuttack,"CDA Area, Cuttack - OSPCB","28-08-2026 22:00:00",20.48891,85.84768,NH3,6,10,7
India,Odisha,Cuttack,"CDA Area, Cuttack - OSPCB","28-08-2026 22:00:00",20.48891,85.84768,CO,37,42,40
India,Odisha,Keonjhar,"Jagamohanpur, Keonjhar - OSPCB","28-08-2026 22:00:00",21.6439,85.599355,PM2.5,55,98,70
India,Punjab,Bathinda,"Hardev Nagar, Bathinda - PPCB","28-08-2026 22:00:00",30.233011,74.907758,PM2.5,39,134,78
India,Punjab,Jalandhar,"Civil Line, Jalandhar - PPCB","28-08-2026 22:00:00",31.321907,75.578914,NO2,33,40,38
India,Punjab,Jalandhar,"Civil Line, Jalandhar - PPCB","28-08-2026 22:00:00",31.321907,75.578914,OZONE,23,43,32
India,Punjab,Patiala,"Model Town, Patiala - PPCB","28-08-2026 22:00:00",30.349388,76.366642,PM10,42,110,75
India,Punjab,Rupnagar,"Ratanpura, Rupnagar - Ambuja Cements","28-08-2026 22:00:00",31.0325454,76.5623046,SO2,7,14,11
India,Punjab,Rupnagar,"Ratanpura, Rupnagar - Ambuja Cements","28-08-2026 22:00:00",31.0325454,76.5623046,OZONE,NA,NA,NA
India,Rajasthan,Ajmer,"Civil Lines,  Ajmer - RSPCB","28-08-2026 22:00:00",26.470859,74.646594,PM10,83,329,128
India,Rajasthan,Alwar,"Moti Doongri, Alwar - RSPCB","28-08-2026 22:00:00",27.554793,76.611536,PM10,107,139,119
India,Rajasthan,Alwar,"Moti Doongri, Alwar - RSPCB","28-08-2026 22:00:00",27.554793,76.611536,NH3,7,12,8
India,Rajasthan,Banswara,"Rati Talai, Banswara - RSPCB","28-08-2026 22:00:00",23.55519,74.44001,NO2,23,39,29
India,Rajasthan,Banswara,"Rati Talai, Banswara - RSPCB","28-08-2026 22:00:00",23.55519,74.44001,NH3,2,4,3
India,Rajasthan,Banswara,"Rati Talai, Banswara - RSPCB","28-08-2026 22:00:00",23.55519,74.44001,OZONE,30,30,30
India,Rajasthan,Baran,"Bamboliya, Baran - RSPCB","28-08-2026 22:00:00",25.106006,76.469948,NO2,23,29,26
India,Rajasthan,Baran,"Bamboliya, Baran - RSPCB","28-08-2026 22:00:00",25.106006,76.469948,NH3,4,6,5
India,Rajasthan,Baran,"Bamboliya, Baran - RSPCB","28-08-2026 22:00:00",25.106006,76.469948,CO,40,46,44
India,Rajasthan,Baran,"Bamboliya, Baran - RSPCB","28-08-2026 22:00:00",25.106006,76.469948,OZONE,24,45,33
India,Odisha,Nayagarh,"Dabuna, Nayagarh - OSPCB","28-08-2026 22:00:00",21.847279,85.416905,CO,12,15,14
India,Odisha,Rairangpur,"Divisional Forest Office, Rairangpur - OSPCB","28-08-2026 22:00:00",22.265816,86.174829,SO2,NA,NA,NA
India,Odisha,Rourkela,"Sector-2, Rourkela - OSPCB","28-08-2026 22:00:00",22.245,84.88111111,CO,36,36,36
India,Odisha,Rourkela,"Fertilizer Township, Rourkela - OSPCB","28-08-2026 22:00:00",22.18972222,84.86277778,OZONE,NA,NA,NA
India,Odisha,Talcher,"Talcher Coalfields,Talcher - OSPCB","28-08-2026 22:00:00",20.9360711,85.1707021,PM10,50,118,87
India,Odisha,Talcher,"Talcher Coalfields,Talcher - OSPCB","28-08-2026 22:00:00",20.9360711,85.1707021,NH3,4,7,6
India,Odisha,Tensa,"Barsua Iron Ore Mines, Tensa - OSPCB","28-08-2026 22:00:00",21.869985,85.167016,OZONE,2,51,38
India,Puducherry,Puducherry,"Jawahar Nagar, Puducherry - PPCC","28-08-2026 22:00:00",11.9309,79.8027,PM10,24,66,42
India,Punjab,Amritsar,"Golden Temple, Amritsar - PPCB","28-08-2026 22:00:00",31.62,74.876512,NO2,15,20,17
India,Punjab,Amritsar,"Golden Temple, Amritsar - PPCB","28-08-2026 22:00:00",31.62,74.876512,CO,24,27,25
India,Maharashtra,Nagpur,"Ram Nagar, Nagpur - MPCB","28-08-2026 22:00:00",21.143383,79.048912,PM10,59,85,73
India,Maharashtra,Nagpur,"Opp GPO Civil Lines, Nagpur - MPCB","28-08-2026 22:00:00",21.152875,79.0517531,CO,19,57,35
India,Maharashtra,Nagpur,"Ambazari, Nagpur - MPCB","28-08-2026 22:00:00",21.121801,79.04952,SO2,10,11,11
India,Maharashtra,Nanded,"Sneh Nagar, Nanded - MPCB","28-08-2026 22:00:00",19.173852,77.296291,PM2.5,NA,NA,NA
India,Maharashtra,Nanded,"Sneh Nagar, Nanded - MPCB","28-08-2026 22:00:00",19.173852,77.296291,NO2,NA,NA,NA
India,Maharashtra,Nashik,"Gangapur Road, Nashik - MPCB","28-08-2026 22:00:00",20.0073285,73.7762427,CO,26,27,27
India,Maharashtra,Nashik,"Pandav Nagari, Nashik - MPCB","28-08-2026 22:00:00",19.9591346,73.7788008,PM2.5,9,22,15
India,Maharashtra,Nashik,"Hirawadi, Nashik - MPCB","28-08-2026 22:00:00",20.021503,73.813844,PM10,18,61,42
India,Maharashtra,Nashik,"Hirawadi, Nashik - MPCB","28-08-2026 22:00:00",20.021503,73.813844,NO2,14,19,16
India,Maharashtra,Nashik,"Hirawadi, Nashik - MPCB","28-08-2026 22:00:00",20.021503,73.813844,SO2,12,19,14
India,Maharashtra,Nashik,"Hirawadi, Nashik - MPCB","28-08-2026 22:00:00",20.021503,73.813844,OZONE,16,26,21
India,Maharashtra,"Navi Mumbai","Kopripada-Vashi, Navi Mumbai - MPCB","28-08-2026 22:00:00",19.090337,73.014232,PM2.5,11,36,20
India,Maharashtra,Solapur,"Dnyaneshwar Nagar, Solapur - MPCB","28-08-2026 22:00:00",17.6336264,75.9132495,PM2.5,9,39,21
India,Maharashtra,Solapur,"Dnyaneshwar Nagar, Solapur - MPCB","28-08-2026 22:00:00",17.6336264,75.9132495,SO2,1,3,2
India,Maharashtra,Solapur,"Dnyaneshwar Nagar, Solapur - MPCB","28-08-2026 22:00:00",17.6336264,75.9132495,CO,7,12,9
India,Maharashtra,Solapur,"Ratandeep Housing Society, Solapur - MPCB","28-08-2026 22:00:00",17.65439,75.90649,PM2.5,24,46,33
India,Maharashtra,Ulhasnagar,"Sidhi Vinayak Nagar, Ulhasnagar - MPCB","28-08-2026 22:00:00",19.235581,73.159121,SO2,1,6,3
India,Maharashtra,Ulhasnagar,"Sidhi Vinayak Nagar, Ulhasnagar - MPCB","28-08-2026 22:00:00",19.235581,73.159121,OZONE,2,20,9
India,Maharashtra,Ulhasnagar,"Vithalwadi, Ulhasnagar - MPCB","28-08-2026 22:00:00",19.2307571,73.155192,SO2,3,20,5
India,Maharashtra,Ulhasnagar,"Vithalwadi, Ulhasnagar - MPCB","28-08-2026 22:00:00",19.2307571,73.155192,OZONE,10,15,13
India,Maharashtra,Virar,"Bolinj, Virar - MPCB","28-08-2026 22:00:00",19.445821,72.7988231,NH3,5,6,5
India,Maharashtra,Virar,"Bolinj, Virar - MPCB","28-08-2026 22:00:00",19.445821,72.7988231,CO,9,19,13
India,Maharashtra,Virar,"Bolinj, Virar - MPCB","28-08-2026 22:00:00",19.445821,72.7988231,OZONE,10,22,15
India,Mizoram,Aizawl,"Sikulpuikawn, Aizawl - Mizoram PCB","28-08-2026 22:00:00",23.7176342,92.7192841,PM10,1,25,11
India,Mizoram,Aizawl,"Sikulpuikawn, Aizawl - Mizoram PCB","28-08-2026 22:00:00",23.7176342,92.7192841,NH3,0,0,0
India,Maharashtra,Mumbai,"Malad West, Mumbai - IITM","28-08-2026 22:00:00",19.19709,72.82204,PM10,14,31,20
India,Maharashtra,Mumbai,"Malad West, Mumbai - IITM","28-08-2026 22:00:00",19.19709,72.82204,CO,26,42,33
India,Maharashtra,Mumbai,"Mazgaon, Mumbai - IITM","28-08-2026 22:00:00",18.96702,72.84214,NH3,2,2,2
India,Maharashtra,Mumbai,"Mazgaon, Mumbai - IITM","28-08-2026 22:00:00",18.96702,72.84214,CO,46,64,52
India,Maharashtra,Mumbai,"Bandra Kurla Complex, Mumbai - IITM","28-08-2026 22:00:00",19.053536,72.84643,PM10,42,85,68
India,Maharashtra,Mumbai,"Bandra Kurla Complex, Mumbai - IITM","28-08-2026 22:00:00",19.053536,72.84643,NO2,NA,NA,NA
India,Maharashtra,Mumbai,"Bandra Kurla Complex, Mumbai - IITM","28-08-2026 22:00:00",19.053536,72.84643,NH3,NA,NA,NA
India,Maharashtra,Mumbai,"Kurla, Mumbai - MPCB","28-08-2026 22:00:00",19.0863,72.8888,NO2,9,9,9
India,Maharashtra,Mumbai,"Kurla, Mumbai - MPCB","28-08-2026 22:00:00",19.0863,72.8888,OZONE,27,29,28
India,Maharashtra,Mumbai,"Deonar, Mumbai - IITM","28-08-2026 22:00:00",19.04946,72.923,PM10,15,53,36
India,Maharashtra,Mumbai,"Deonar, Mumbai - IITM","28-08-2026 22:00:00",19.04946,72.923,CO,1,32,20
India,Maharashtra,Nagpur,"Mahal, Nagpur - MPCB","28-08-2026 22:00:00",21.14472,79.107595,PM10,41,79,59
India,Maharashtra,Nagpur,"Mahal, Nagpur - MPCB","28-08-2026 22:00:00",21.14472,79.107595,NO2,10,25,14
India,Maharashtra,"Navi Mumbai","Sector-2E Kalamboli, Navi Mumbai - MPCB","28-08-2026 22:00:00",19.02579,73.10297,SO2,5,6,5
India,Maharashtra,"Navi Mumbai","Sector-2E Kalamboli, Navi Mumbai - MPCB","28-08-2026 22:00:00",19.02579,73.10297,CO,13,23,16
India,Maharashtra,"Navi Mumbai","Mahape, Navi Mumbai - MPCB","28-08-2026 22:00:00",19.1135051,73.008978,PM2.5,3,39,18
India,Maharashtra,"Navi Mumbai","Mahape, Navi Mumbai - MPCB","28-08-2026 22:00:00",19.1135051,73.008978,PM10,28,91,54
India,Maharashtra,"Navi Mumbai","Mahape, Navi Mumbai - MPCB","28-08-2026 22:00:00",19.1135051,73.008978,OZONE,8,12,9
India,Maharashtra,Pimpri-Chinchwad,"Gavalinagar, Pimpri Chinchwad - MPCB","28-08-2026 22:00:00",18.63673,73.82487,NO2,5,18,9
India,Maharashtra,Pimpri-Chinchwad,"Bhosari, Pune - IITM","28-08-2026 22:00:00",18.640051,73.848956,SO2,NA,NA,NA
India,Maharashtra,Pimpri-Chinchwad,"Bhosari, Pune - IITM","28-08-2026 22:00:00",18.640051,73.848956,CO,33,46,40
India,Maharashtra,Pimpri-Chinchwad,"Thergaon, Pimpri Chinchwad - MPCB","28-08-2026 22:00:00",18.616318,73.765797,PM2.5,13,93,51
India,Maharashtra,Pimpri-Chinchwad,"Thergaon, Pimpri Chinchwad - MPCB","28-08-2026 22:00:00",18.616318,73.765797,OZONE,10,17,14
India,Maharashtra,Pimpri-Chinchwad,"Savta Mali Nagar, Pimpri-Chinchwad - IITM","28-08-2026 22:00:00",18.614767,73.799516,PM10,36,69,51
India,Maharashtra,Pune,"Hadapsar, Pune - IITM","28-08-2026 22:00:00",18.501793,73.927532,OZONE,16,19,17
India,Maharashtra,Pune,"Revenue Colony-Shivajinagar, Pune - IITM","28-08-2026 22:00:00",18.530085,73.849598,SO2,12,24,17
India,Maharashtra,Pune,"Revenue Colony-Shivajinagar, Pune - IITM","28-08-2026 22:00:00",18.530085,73.849598,CO,62,82,70
India,Maharashtra,Pune,"Dhankawadi, Pune - IITM","28-08-2026 22:00:00",18.459883,73.852193,SO2,NA,NA,NA
India,Maharashtra,Pune,"Panchawati_Pashan, Pune - IITM","28-08-2026 22:00:00",18.536457,73.805454,NO2,6,10,8
India,"Uttar Pradesh",Ghaziabad,"Wave City, Ghaziabad - UPPCB","28-08-2026 22:00:00",28.646675,77.489049,PM2.5,NA,NA,NA
India,"Uttar Pradesh",Ghaziabad,"Wave City, Ghaziabad - UPPCB","28-08-2026 22:00:00",28.646675,77.489049,PM10,NA,NA,NA
India,"Uttar Pradesh",Ghaziabad,"Wave City, Ghaziabad - UPPCB","28-08-2026 22:00:00",28.646675,77.489049,SO2,1,4,3
India,"Uttar Pradesh",Ghaziabad,"Loni, Ghaziabad - UPPCB","28-08-2026 22:00:00",28.757294,77.278792,SO2,12,14,14
India,"Uttar Pradesh",Ghaziabad,"Govindpuram, Ghaziabad - UPPCB","28-08-2026 22:00:00",28.694528,77.494705,OZONE,10,39,28
India,"Uttar Pradesh",Gorakhpur,"Madan Mohan Malaviya University of Technology, Gorakhpur - UPPCB","28-08-2026 22:00:00",26.730136,83.433859,PM2.5,24,304,117
India,"Uttar Pradesh","Greater Noida","Knowledge Park - V, Greater Noida - UPPCB","28-08-2026 22:00:00",28.557054,77.453663,PM2.5,61,132,76
India,"Uttar Pradesh","Greater Noida","Knowledge Park - III, Greater Noida - UPPCB","28-08-2026 22:00:00",28.47272,77.482,PM2.5,43,99,67
India,"Uttar Pradesh","Greater Noida","Knowledge Park - III, Greater Noida - UPPCB","28-08-2026 22:00:00",28.47272,77.482,PM10,44,203,98
India,"Uttar Pradesh",Hapur,"Anand Vihar, Hapur - UPPCB","28-08-2026 22:00:00",28.725645,77.749675,OZONE,21,105,69
India,"Uttar Pradesh",Jhansi,"Shivaji Nagar, Jhansi - UPPCB","28-08-2026 22:00:00",25.4547,78.6039,NO2,6,6,6
India,"Uttar Pradesh",Jhansi,"Shivaji Nagar, Jhansi - UPPCB","28-08-2026 22:00:00",25.4547,78.6039,NH3,4,4,4
India,"Uttar Pradesh",Jhansi,"Shivaji Nagar, Jhansi - UPPCB","28-08-2026 22:00:00",25.4547,78.6039,OZONE,6,6,6
India,"Uttar Pradesh",Kanpur,"FTI Kidwai Nagar, Kanpur - UPPCB","28-08-2026 22:00:00",26.428282,80.327067,PM10,27,161,59
India,"Uttar Pradesh",Kanpur,"FTI Kidwai Nagar, Kanpur - UPPCB","28-08-2026 22:00:00",26.428282,80.327067,NO2,26,27,27
India,"Uttar Pradesh",Kanpur,"NSI Kalyanpur, Kanpur - UPPCB","28-08-2026 22:00:00",26.509954,80.249612,OZONE,20,21,21
India,"Uttar Pradesh",Kanpur,"Nehru Nagar, Kanpur - UPPCB","28-08-2026 22:00:00",26.4703136,80.3229863,PM10,10,92,35
India,Rajasthan,Dungarpur,"Bhoiwada, Dungarpur - RSPCB","28-08-2026 22:00:00",23.837789,73.714926,CO,26,37,32
India,Rajasthan,Dungarpur,"Bhoiwada, Dungarpur - RSPCB","28-08-2026 22:00:00",23.837789,73.714926,OZONE,33,41,39
India,Rajasthan,Hanumangarh,"Housing Board, Hanumangarh - RSPCB","28-08-2026 22:00:00",29.61075,74.283608,NH3,5,12,7
India,Rajasthan,Hanumangarh,"Housing Board, Hanumangarh - RSPCB","28-08-2026 22:00:00",29.61075,74.283608,OZONE,43,50,46
India,Rajasthan,Jaipur,"Mansarovar Sector-12, Jaipur - RSPCB","28-08-2026 22:00:00",26.843698,75.766894,OZONE,26,96,60
India,Rajasthan,Jaipur,"Sector-2 Murlipura, Jaipur - RSPCB","28-08-2026 22:00:00",26.960669,75.771817,NO2,8,34,21
India,Rajasthan,Jaipur,"Sector-2 Murlipura, Jaipur - RSPCB","28-08-2026 22:00:00",26.960669,75.771817,SO2,2,8,4
India,Rajasthan,Jaipur,"Sector-2 Murlipura, Jaipur - RSPCB","28-08-2026 22:00:00",26.960669,75.771817,OZONE,6,20,14
India,Rajasthan,Jaipur,"Police Commissionerate, Jaipur - RSPCB","28-08-2026 22:00:00",26.9164092,75.7994901,PM2.5,39,86,57
India,Rajasthan,Jaipur,"Police Commissionerate, Jaipur - RSPCB","28-08-2026 22:00:00",26.9164092,75.7994901,CO,36,93,58
India,Rajasthan,Jaipur,"Shastri Nagar, Jaipur - RSPCB","28-08-2026 22:00:00",26.9502929,75.730943,NH3,4,12,8
India,Rajasthan,Jaipur,"Shastri Nagar, Jaipur - RSPCB","28-08-2026 22:00:00",26.9502929,75.730943,OZONE,3,11,7
India,Rajasthan,Jaipur,"Adarsh Nagar, Jaipur - RSPCB","28-08-2026 22:00:00",26.902909,75.836858,NO2,9,23,14
India,Rajasthan,Jaipur,"Adarsh Nagar, Jaipur - RSPCB","28-08-2026 22:00:00",26.902909,75.836858,CO,17,31,24
India,Rajasthan,Jhalawar,"Rajlaxmi Nagar, Jhalawar - RSPCB","28-08-2026 22:00:00",24.588397,76.172782,PM2.5,22,75,54
India,Rajasthan,Jhalawar,"Rajlaxmi Nagar, Jhalawar - RSPCB","28-08-2026 22:00:00",24.588397,76.172782,PM10,59,96,75
India,Rajasthan,Jhunjhunu,"Indra Nagar, Jhunjhunu - RSPCB","28-08-2026 22:00:00",28.108988,75.386577,PM2.5,22,69,35
India,Telangana,Hyderabad,"ICRISAT Patancheru, Hyderabad - TSPCB","28-08-2026 22:00:00",17.5184,78.278777,NO2,8,35,16
India,Tripura,Agartala,"Bardowali, Agartala - Tripura SPCB","28-08-2026 22:00:00",23.8175497,91.2726974,SO2,13,14,14
India,"Uttar Pradesh",Agra,"Sector-3B Avas Vikas Colony, Agra - UPPCB","28-08-2026 22:00:00",27.19412,77.96237,NO2,35,35,35
India,"Uttar Pradesh",Agra,"Sector-3B Avas Vikas Colony, Agra - UPPCB","28-08-2026 22:00:00",27.19412,77.96237,SO2,26,28,27
India,"Uttar Pradesh",Agra,"Sector-3B Avas Vikas Colony, Agra - UPPCB","28-08-2026 22:00:00",27.19412,77.96237,CO,6,29,12
India,"Uttar Pradesh",Agra,"Shahjahan Garden, Agra - UPPCB","28-08-2026 22:00:00",27.169338,78.03582,SO2,67,88,75
India,"Uttar Pradesh",Agra,"Manoharpur, Agra - UPPCB","28-08-2026 22:00:00",27.23711,78.01936,NO2,31,31,31
India,"Uttar Pradesh",Agra,"Manoharpur, Agra - UPPCB","28-08-2026 22:00:00",27.23711,78.01936,CO,20,20,20
India,"Uttar Pradesh",Agra,"Sanjay Palace, Agra - UPPCB","28-08-2026 22:00:00",27.19865833,78.00598056,PM2.5,5,46,10
India,"Uttar Pradesh",Agra,"Sanjay Palace, Agra - UPPCB","28-08-2026 22:00:00",27.19865833,78.00598056,SO2,17,18,18
India,"Uttar Pradesh",Agra,"Shastripuram, Agra - UPPCB","28-08-2026 22:00:00",27.19862,77.92066,PM2.5,33,59,45
India,"Uttar Pradesh",Baghpat,"Sardar Patel Inter College, Baghpat - UPPCB","28-08-2026 22:00:00",28.964949,77.278761,PM2.5,36,92,55
India,"Uttar Pradesh",Baghpat,"Sardar Patel Inter College, Baghpat - UPPCB","28-08-2026 22:00:00",28.964949,77.278761,SO2,9,17,13
India,"Uttar Pradesh",Baraut,"Nagar Palika Parishad, Baraut - UPPCB","28-08-2026 22:00:00",29.09956,77.26235,NO2,NA,NA,NA
India,"Tamil Nadu",Chennai,"Velachery Res. Area, Chennai - CPCB","28-08-2026 22:00:00",13.0052189,80.2398125,OZONE,8,15,10
India,"Tamil Nadu",Chennai,"Perungudi, Chennai - TNPCB","28-08-2026 22:00:00",12.9533,80.2357,PM2.5,18,62,32
India,"Tamil Nadu",Chennai,"Perungudi, Chennai - TNPCB","28-08-2026 22:00:00",12.9533,80.2357,NH3,0,1,1
India,"Tamil Nadu",Chennai,"Perungudi, Chennai - TNPCB","28-08-2026 22:00:00",12.9533,80.2357,CO,30,46,39
India,"Tamil Nadu",Chennai,"Manali Village, Chennai - TNPCB","28-08-2026 22:00:00",13.1662,80.2584,PM2.5,21,51,32
India,"Tamil Nadu",Chennai,"Manali Village, Chennai - TNPCB","28-08-2026 22:00:00",13.1662,80.2584,CO,37,45,42
India,"Tamil Nadu",Chennai,"Manali, Chennai - CPCB","28-08-2026 22:00:00",13.164544,80.26285,NO2,NA,NA,NA
India,"Tamil Nadu",Chennai,"Manali, Chennai - CPCB","28-08-2026 22:00:00",13.164544,80.26285,NH3,NA,NA,NA
India,"Tamil Nadu",Chennai,"Manali, Chennai - CPCB","28-08-2026 22:00:00",13.164544,80.26285,SO2,NA,NA,NA
India,"Tamil Nadu",Cuddalore,"Kudikadu, Cuddalore - TNPCB","28-08-2026 22:00:00",11.6829898,79.7532099,PM10,NA,NA,NA
India,"Tamil Nadu",Gummidipoondi,"Anthoni Pillai Nagar, Gummidipoondi - TNPCB","28-08-2026 22:00:00",13.4127,80.1081,NH3,0,1,1
India,Telangana,Hyderabad,"Bollaram Industrial Area, Hyderabad - TSPCB","28-08-2026 22:00:00",17.518,78.383,PM2.5,12,68,28
India,Telangana,Hyderabad,"Bollaram Industrial Area, Hyderabad - TSPCB","28-08-2026 22:00:00",17.518,78.383,PM10,14,81,34
India,Telangana,Hyderabad,"Zoo Park, Hyderabad - TSPCB","28-08-2026 22:00:00",17.349694,78.451437,PM10,11,42,26
India,Telangana,Hyderabad,"Zoo Park, Hyderabad - TSPCB","28-08-2026 22:00:00",17.349694,78.451437,NH3,2,2,2
India,Telangana,Hyderabad,"Zoo Park, Hyderabad - TSPCB","28-08-2026 22:00:00",17.349694,78.451437,CO,2,34,20
India,Telangana,Hyderabad,"IITH Kandi, Hyderabad - TSPCB","28-08-2026 22:00:00",17.585705,78.126199,NH3,2,4,3
India,Telangana,Hyderabad,"Nacharam_TSIIC IALA, Hyderabad - TSPCB","28-08-2026 22:00:00",17.429398,78.569354,PM10,55,69,60
India,Telangana,Hyderabad,"Nacharam_TSIIC IALA, Hyderabad - TSPCB","28-08-2026 22:00:00",17.429398,78.569354,SO2,9,9,9
India,Telangana,Hyderabad,"Nacharam_TSIIC IALA, Hyderabad - TSPCB","28-08-2026 22:00:00",17.429398,78.569354,CO,28,36,34
India,Telangana,Hyderabad,"New Malakpet, Hyderabad - TSPCB","28-08-2026 22:00:00",17.37206,78.50864,PM10,51,54,52
India,Telangana,Hyderabad,"ECIL Kapra, Hyderabad - TSPCB","28-08-2026 22:00:00",17.470431,78.566959,PM2.5,39,45,42
India,Telangana,Hyderabad,"ECIL Kapra, Hyderabad - TSPCB","28-08-2026 22:00:00",17.470431,78.566959,PM10,53,59,54
India,Telangana,Hyderabad,"ECIL Kapra, Hyderabad - TSPCB","28-08-2026 22:00:00",17.470431,78.566959,NO2,12,16,14
India,Telangana,Hyderabad,"Kompally Municipal Office, Hyderabad - TSPCB","28-08-2026 22:00:00",17.544899,78.486949,PM10,52,67,57
India,Telangana,Hyderabad,"Kompally Municipal Office, Hyderabad - TSPCB","28-08-2026 22:00:00",17.544899,78.486949,NH3,2,3,2
India,Telangana,Hyderabad,"Kompally Municipal Office, Hyderabad - TSPCB","28-08-2026 22:00:00",17.544899,78.486949,OZONE,25,26,25
India,Telangana,Hyderabad,"Somajiguda, Hyderabad - TSPCB","28-08-2026 22:00:00",17.417094,78.457437,SO2,7,8,7
India,Telangana,Hyderabad,"IDA Pashamylaram, Hyderabad - TSPCB","28-08-2026 22:00:00",17.5316895,78.218939,PM2.5,13,76,29
India,Telangana,Hyderabad,"IDA Pashamylaram, Hyderabad - TSPCB","28-08-2026 22:00:00",17.5316895,78.218939,SO2,9,10,10
India,Telangana,Hyderabad,"IDA Pashamylaram, Hyderabad - TSPCB","28-08-2026 22:00:00",17.5316895,78.218939,OZONE,39,40,39
India,Telangana,Hyderabad,"Sanathnagar, Hyderabad - TSPCB","28-08-2026 22:00:00",17.4559458,78.4332152,PM10,NA,NA,NA
India,Rajasthan,Rajsamand,"Dhoinda, Rajsamand - RSPCB","28-08-2026 22:00:00",25.03636,73.883502,NH3,6,12,8
India,Rajasthan,"Sawai Madhopur","Sahu Nagar, Sawai Madhopur - RSPCB","28-08-2026 22:00:00",26.031443,76.359327,PM2.5,27,82,51
India,Rajasthan,"Sawai Madhopur","Sahu Nagar, Sawai Madhopur - RSPCB","28-08-2026 22:00:00",26.031443,76.359327,PM10,90,122,104
India,Rajasthan,"Sawai Madhopur","Sahu Nagar, Sawai Madhopur - RSPCB","28-08-2026 22:00:00",26.031443,76.359327,NH3,4,6,4
India,Rajasthan,"Sawai Madhopur","Sahu Nagar, Sawai Madhopur - RSPCB","28-08-2026 22:00:00",26.031443,76.359327,OZONE,37,72,51
India,Rajasthan,Sikar,"Radhakishan Pura, Sikar - RSPCB","28-08-2026 22:00:00",27.608912,75.153302,SO2,4,5,4
India,Rajasthan,Tonk,"Shastri Nagar, Tonk - RSPCB","28-08-2026 22:00:00",26.159933,75.780517,CO,54,76,66
India,Rajasthan,Udaipur,"Ashok Nagar, Udaipur - RSPCB","28-08-2026 22:00:00",24.5886166,73.6321397,NH3,2,4,3
India,Sikkim,Gangtok,"Zero Point GICI, Gangtok - SSPCB","28-08-2026 22:00:00",27.33853,88.614099,PM10,8,25,18
India,"Tamil Nadu",Chennai,"Kodungaiyur, Chennai - TNPCB","28-08-2026 22:00:00",13.1278,80.2642,NO2,9,16,13
India,"Tamil Nadu",Chennai,"Kodungaiyur, Chennai - TNPCB","28-08-2026 22:00:00",13.1278,80.2642,SO2,5,7,6
India,"Tamil Nadu",Chennai,"Arumbakkam, Chennai - TNPCB","28-08-2026 22:00:00",13.0664,80.2112,PM2.5,20,51,34
India,"Tamil Nadu",Chennai,"Arumbakkam, Chennai - TNPCB","28-08-2026 22:00:00",13.0664,80.2112,NO2,11,37,19
India,"Tamil Nadu",Chennai,"Arumbakkam, Chennai - TNPCB","28-08-2026 22:00:00",13.0664,80.2112,OZONE,NA,NA,NA
India,"Uttar Pradesh",Bareilly,"Rajendra Nagar, Bareilly - UPPCB","28-08-2026 22:00:00",28.38910936,79.42963708,NO2,9,10,9
India,"Uttar Pradesh",Bareilly,"Rajendra Nagar, Bareilly - UPPCB","28-08-2026 22:00:00",28.38910936,79.42963708,SO2,1,3,2
India,"Uttar Pradesh",Bareilly,"Civil Lines, Bareilly - UPPCB","28-08-2026 22:00:00",28.359581,79.414455,SO2,29,71,47
India,"Uttar Pradesh",Bareilly,"Civil Lines, Bareilly - UPPCB","28-08-2026 22:00:00",28.359581,79.414455,CO,31,38,34
India,"Uttar Pradesh",Bareilly,"Civil Lines, Bareilly - UPPCB","28-08-2026 22:00:00",28.359581,79.414455,OZONE,NA,NA,NA
India,"Uttar Pradesh",Bulandshahr,"Yamunapuram, Bulandshahr - UPPCB","28-08-2026 22:00:00",28.406963,77.849831,NH3,8,12,9
India,"Uttar Pradesh",Bulandshahr,"Yamunapuram, Bulandshahr - UPPCB","28-08-2026 22:00:00",28.406963,77.849831,SO2,9,26,17
India,"Uttar Pradesh",Bulandshahr,"Yamunapuram, Bulandshahr - UPPCB","28-08-2026 22:00:00",28.406963,77.849831,CO,21,46,31
India,"Uttar Pradesh","Fatehpur Sikri","Dadupura, Fatehpur Sikri - UPPCB","28-08-2026 22:00:00",27.097694,77.671335,PM2.5,48,66,57
India,"Uttar Pradesh",Ghaziabad,"Ved Vihar-Loni, Ghaziabad - UPPCB","28-08-2026 22:00:00",28.739153,77.273668,NH3,5,32,12
India,"Uttar Pradesh",Ghaziabad,"Indirapuram, Ghaziabad - UPPCB","28-08-2026 22:00:00",28.646233,77.358075,PM10,64,125,87
India,"Uttar Pradesh",Ghaziabad,"Indirapuram, Ghaziabad - UPPCB","28-08-2026 22:00:00",28.646233,77.358075,NO2,20,64,37
India,"Uttar Pradesh",Ghaziabad,"Indirapuram, Ghaziabad - UPPCB","28-08-2026 22:00:00",28.646233,77.358075,SO2,10,18,14
India,"Uttar Pradesh",Ghaziabad,"Vasundhara, Ghaziabad - UPPCB","28-08-2026 22:00:00",28.6603346,77.3572563,NO2,21,99,50
India,"Uttar Pradesh",Ghaziabad,"Vasundhara, Ghaziabad - UPPCB","28-08-2026 22:00:00",28.6603346,77.3572563,NH3,5,9,7
India,"Uttar Pradesh",Khora,"Prashant Garden, Khora - UPPCB","28-08-2026 22:00:00",28.61119,77.34206,NO2,21,32,25
India,"Uttar Pradesh",Khora,"Prashant Garden, Khora - UPPCB","28-08-2026 22:00:00",28.61119,77.34206,NH3,5,7,6
India,"Uttar Pradesh",Lucknow,"Talkatora District Industries Center, Lucknow - CPCB","28-08-2026 22:00:00",26.83399722,80.8917361,NO2,18,23,20
India,"Uttar Pradesh",Lucknow,"Talkatora District Industries Center, Lucknow - CPCB","28-08-2026 22:00:00",26.83399722,80.8917361,NH3,11,16,14
India,"Uttar Pradesh",Lucknow,"Kendriya Vidyalaya, Lucknow - CPCB","28-08-2026 22:00:00",26.906111,80.948222,SO2,5,10,8
India,"Uttar Pradesh",Lucknow,"B R Ambedkar University, Lucknow - UPPCB","28-08-2026 22:00:00",26.766433,80.927299,NH3,3,3,3
India,"Uttar Pradesh",Lucknow,"Lalbagh, Lucknow - CPCB","28-08-2026 22:00:00",26.8458805,80.9365541,PM10,NA,NA,NA
India,"Uttar Pradesh",Lucknow,"Lalbagh, Lucknow - CPCB","28-08-2026 22:00:00",26.8458805,80.9365541,NO2,18,27,22
India,"Uttar Pradesh",Lucknow,"Kukrail Picnic Spot-1, Lucknow - UPPCB","28-08-2026 22:00:00",26.90723,80.98579,PM2.5,19,59,33
India,"Uttar Pradesh",Lucknow,"Kukrail Picnic Spot-1, Lucknow - UPPCB","28-08-2026 22:00:00",26.90723,80.98579,NH3,6,6,6
India,"Uttar Pradesh",Meerut,"MIET College, Meerut - UPPCB","28-08-2026 22:00:00",28.972677,77.641018,PM2.5,45,45,45
India,"Uttar Pradesh",Meerut,"MIET College, Meerut - UPPCB","28-08-2026 22:00:00",28.972677,77.641018,NH3,2,5,3
India,Rajasthan,Jodhpur,"Jhalamand, Jodhpur - RSPCB","28-08-2026 22:00:00",26.215415,73.070156,SO2,5,7,5
India,Rajasthan,Jodhpur,"Jhalamand, Jodhpur - RSPCB","28-08-2026 22:00:00",26.215415,73.070156,OZONE,41,47,45
India,Rajasthan,Jodhpur,"Collectorate, Jodhpur - RSPCB","28-08-2026 22:00:00",26.268249,73.0193853,NO2,17,30,24
India,Rajasthan,Jodhpur,"Samrat Ashok Udhyan, Jodhpur - RSPCB","28-08-2026 22:00:00",26.253384,72.976571,PM10,62,105,82
India,Rajasthan,Karauli,"Satyawati Vihar, Karauli - RSPCB","28-08-2026 22:00:00",26.506177,77.025989,NH3,4,7,6
India,Rajasthan,Kota,"Nayapura, Kota - RSPCB","28-08-2026 22:00:00",25.196024,75.855668,NH3,1,2,1
India,Rajasthan,Nagaur,"Karni Colony, Nagaur - RSPCB","28-08-2026 22:00:00",27.213494,73.734444,PM2.5,12,52,25
India,Rajasthan,Pali,"Indira Colony Vistar, Pali - RSPCB","28-08-2026 22:00:00",25.771061,73.340227,NH3,4,11,6
India,Rajasthan,Pratapgarh,"Pragati Nagar, Pratapgarh - RSPCB","28-08-2026 22:00:00",24.041198,74.780702,PM2.5,37,68,53
India,Rajasthan,Pratapgarh,"Pragati Nagar, Pratapgarh - RSPCB","28-08-2026 22:00:00",24.041198,74.780702,PM10,83,113,97
India,Rajasthan,Pratapgarh,"Pragati Nagar, Pratapgarh - RSPCB","28-08-2026 22:00:00",24.041198,74.780702,NH3,6,6,6
India,"Uttar Pradesh",Meerut,"Pallavpuram Phase 2, Meerut - UPPCB","28-08-2026 22:00:00",29.06351,77.709723,OZONE,8,41,22
India,"Uttar Pradesh",Meerut,"Ganga Nagar, Meerut - UPPCB","28-08-2026 22:00:00",28.999264,77.7590354,NH3,6,7,7
India,"Uttar Pradesh",Meerut,"Ganga Nagar, Meerut - UPPCB","28-08-2026 22:00:00",28.999264,77.7590354,SO2,19,23,22
India,"Uttar Pradesh",Modinagar,"SRM University, Modinagar - UPPCB","28-08-2026 22:00:00",28.798171,77.540243,PM2.5,53,85,74
India,"Uttar Pradesh",Moradabad,"Eco Herbal Park, Moradabad - UPPCB","28-08-2026 22:00:00",28.840739,78.697531,NO2,13,22,17
India,"Uttar Pradesh",Moradabad,"Buddhi Vihar, Moradabad - UPPCB","28-08-2026 22:00:00",28.83526,78.7446,NO2,28,29,29
India,"Uttar Pradesh",Moradabad,"Jigar Colony, Moradabad - UPPCB","28-08-2026 22:00:00",28.856664,78.772638,OZONE,19,25,22
India,"Uttar Pradesh",Moradabad,"Kashiram Nagar, Moradabad - UPPCB","28-08-2026 22:00:00",28.849399,78.742362,PM2.5,13,93,54
India,"Uttar Pradesh",Moradabad,"Kashiram Nagar, Moradabad - UPPCB","28-08-2026 22:00:00",28.849399,78.742362,PM10,22,104,60
India,"Uttar Pradesh",Moradabad,"Employment Office, Moradabad - UPPCB","28-08-2026 22:00:00",28.88528,78.7388,PM2.5,34,101,63
India,"Uttar Pradesh",Moradabad,"Employment Office, Moradabad - UPPCB","28-08-2026 22:00:00",28.88528,78.7388,PM10,23,103,58
India,"Uttar Pradesh",Moradabad,"Employment Office, Moradabad - UPPCB","28-08-2026 22:00:00",28.88528,78.7388,NO2,23,24,23
India,"Uttar Pradesh",Muzaffarnagar,"New Mandi, Muzaffarnagar - UPPCB","28-08-2026 22:00:00",29.4723508,77.7194031,SO2,12,21,16
India,"Uttar Pradesh",Noida,"Sector - 125, Noida - UPPCB","28-08-2026 22:00:00",28.5447608,77.3231257,PM2.5,31,203,69
India,"Uttar Pradesh",Noida,"Sector - 125, Noida - UPPCB","28-08-2026 22:00:00",28.5447608,77.3231257,CO,1,47,17
India,"Uttar Pradesh",Noida,"Sector - 62, Noida - IITM","28-08-2026 22:00:00",28.6245479,77.3577104,CO,18,64,32
India,"Uttar Pradesh",Noida,"Sector-1, Noida - UPPCB","28-08-2026 22:00:00",28.5898,77.3101,OZONE,10,52,34
India,"Uttar Pradesh",Noida,"Sector-116, Noida - UPPCB","28-08-2026 22:00:00",28.56923,77.393848,PM10,126,333,168
India,"Uttar Pradesh",Prayagraj,"Motilal Nehru NIT, Prayagraj - UPPCB","28-08-2026 22:00:00",25.494,81.863,PM10,15,76,36
India,"Uttar Pradesh",Prayagraj,"Motilal Nehru NIT, Prayagraj - UPPCB","28-08-2026 22:00:00",25.494,81.863,CO,5,10,8
India,"Uttar Pradesh",Prayagraj,"Nagar Nigam, Prayagraj - UPPCB","28-08-2026 22:00:00",25.44919916,81.82735986,NO2,5,5,5
India,"Uttar Pradesh",Prayagraj,"Nagar Nigam, Prayagraj - UPPCB","28-08-2026 22:00:00",25.44919916,81.82735986,CO,14,17,16
India,"Uttar Pradesh",Prayagraj,"Jhunsi, Prayagraj - UPPCB","28-08-2026 22:00:00",25.425602,81.917152,PM10,3,53,19
India,"Uttar Pradesh",Prayagraj,"Jhunsi, Prayagraj - UPPCB","28-08-2026 22:00:00",25.425602,81.917152,NO2,6,6,6
India,"Uttar Pradesh",Raebareli,"Anand Nagar, Raebareli - UPPCB","28-08-2026 22:00:00",26.219512,81.237648,NH3,NA,NA,NA
India,"Uttar Pradesh",Shamli,"New Tehsil, Shamli - UPPCB","28-08-2026 22:00:00",29.4603683,77.3410291,PM2.5,37,137,79
India,"Uttar Pradesh",Shamli,"New Tehsil, Shamli - UPPCB","28-08-2026 22:00:00",29.4603683,77.3410291,OZONE,17,18,17
India,"Uttar Pradesh",Varanasi,"Maldahiya, Varanasi - UPPCB","28-08-2026 22:00:00",25.32393,82.99687,PM10,11,60,33
India,"Uttar Pradesh",Varanasi,"Maldahiya, Varanasi - UPPCB","28-08-2026 22:00:00",25.32393,82.99687,NH3,0,0,0
India,"Uttar Pradesh",Varanasi,"Maldahiya, Varanasi - UPPCB","28-08-2026 22:00:00",25.32393,82.99687,OZONE,4,5,4
India,"Uttar Pradesh",Varanasi,"Ardhali Bazar, Varanasi - UPPCB","28-08-2026 22:00:00",25.3505986,82.9083074,PM2.5,NA,NA,NA
India,"Uttar Pradesh",Varanasi,"IESD Banaras Hindu University, Varanasi - UPPCB","28-08-2026 22:00:00",25.262326,82.995408,OZONE,5,16,8
India,"Uttar Pradesh",Vrindavan,"Omex Eternity, Vrindavan - UPPCB","28-08-2026 22:00:00",27.571409,77.655757,CO,6,7,7
India,Uttarakhand,Kashipur,"Govt. Girls Inter College, Kashipur - UKPCB","28-08-2026 22:00:00",29.2124114,78.9611753,PM10,NA,NA,NA
India,Uttarakhand,Kashipur,"Govt. Girls Inter College, Kashipur - UKPCB","28-08-2026 22:00:00",29.2124114,78.9611753,SO2,NA,NA,NA
India,Uttarakhand,Rishikesh,"Shivaji Nagar, Rishikesh - UKPCB","28-08-2026 22:00:00",30.075911,78.2859547,SO2,1,1,1
India,"West Bengal",Asansol,"Asansol Court Area, Asansol - WBPCB","28-08-2026 22:00:00",23.685297,86.945968,NH3,4,10,6
India,"West Bengal",Asansol,"Evelyn Lodge, Asansol - WBPCB","28-08-2026 22:00:00",23.697936,86.944395,PM2.5,15,75,40
India,"West Bengal",Asansol,"Trivenidevi Bhalotia College, Asansol - WBPCB","28-08-2026 22:00:00",23.616515,87.119133,OZONE,5,7,6
India,"West Bengal",Barrackpore,"SVSPA Campus, Barrackpore - WBPCB","28-08-2026 22:00:00",22.7605581,88.3617589,OZONE,4,14,8
India,"West Bengal",Durgapur,"PCBL Residential Complex, Durgapur - WBPCB","28-08-2026 22:00:00",23.508764,87.35444,NH3,2,3,3
India,"West Bengal",Durgapur,"PCBL Residential Complex, Durgapur - WBPCB","28-08-2026 22:00:00",23.508764,87.35444,OZONE,5,13,9
India,"West Bengal",Durgapur,"Mahishkapur Road_B-Zone, Durgapur - WBPCB","28-08-2026 22:00:00",23.567923,87.306843,NO2,2,12,7
India,"West Bengal",Durgapur,"Womens College_City Center, Durgapur - WBPCB","28-08-2026 22:00:00",23.549395,87.300496,NH3,5,8,6
India,"West Bengal",Haldia,"Priyambada Housing Estate, Haldia - WBPCB","28-08-2026 22:00:00",22.06047,88.109737,PM10,30,89,54
India,"West Bengal",Haldia,"Priyambada Housing Estate, Haldia - WBPCB","28-08-2026 22:00:00",22.06047,88.109737,OZONE,25,31,27
India,"West Bengal",Howrah,"Belur Math, Howrah - WBPCB","28-08-2026 22:00:00",22.629801,88.352017,PM10,47,114,67
India,"West Bengal",Howrah,"Belur Math, Howrah - WBPCB","28-08-2026 22:00:00",22.629801,88.352017,NH3,3,4,4
India,"West Bengal",Howrah,"Belur Math, Howrah - WBPCB","28-08-2026 22:00:00",22.629801,88.352017,CO,20,45,31
India,"West Bengal",Howrah,"Dasnagar, Howrah - WBPCB","28-08-2026 22:00:00",22.6025571,88.3105664,PM10,25,114,68
India,"West Bengal",Howrah,"Botanical Garden, Howrah - WBPCB","28-08-2026 22:00:00",22.554954,88.292568,PM10,35,86,55
India,"West Bengal",Howrah,"Botanical Garden, Howrah - WBPCB","28-08-2026 22:00:00",22.554954,88.292568,SO2,3,4,3
India,"West Bengal",Howrah,"Botanical Garden, Howrah - WBPCB","28-08-2026 22:00:00",22.554954,88.292568,OZONE,25,43,29
India,"West Bengal",Howrah,"Ghusuri, Howrah - WBPCB","28-08-2026 22:00:00",22.611968,88.347422,CO,9,45,27
India,"West Bengal",Kolkata,"Jadavpur, Kolkata - WBPCB","28-08-2026 22:00:00",22.49929,88.36917,PM10,44,86,65
India,"West Bengal",Kolkata,"Jadavpur, Kolkata - WBPCB","28-08-2026 22:00:00",22.49929,88.36917,OZONE,12,14,13
India,"West Bengal",Kolkata,"Rabindra Bharati University, Kolkata - WBPCB","28-08-2026 22:00:00",22.627847,88.380669,NH3,5,17,9
India,"West Bengal",Kolkata,"Rabindra Bharati University, Kolkata - WBPCB","28-08-2026 22:00:00",22.627847,88.380669,OZONE,12,82,42
India,"West Bengal",Kolkata,"Fort William, Kolkata - WBPCB","28-08-2026 22:00:00",22.55664,88.342674,PM10,43,81,59
India,"West Bengal",Kolkata,"Fort William, Kolkata - WBPCB","28-08-2026 22:00:00",22.55664,88.342674,NH3,7,8,7
India,"West Bengal",Kolkata,"Rabindra Sarobar, Kolkata - WBPCB","28-08-2026 22:00:00",22.51106,88.35142,NH3,5,6,6
India,"West Bengal",Kolkata,"Rabindra Sarobar, Kolkata - WBPCB","28-08-2026 22:00:00",22.51106,88.35142,SO2,4,14,9
India,"West Bengal",Kolkata,"Ballygunge, Kolkata - WBPCB","28-08-2026 22:00:00",22.5367507,88.3638022,PM10,55,81,67
India,Bihar,Munger,"Town Hall, Munger - BSPCB","28-08-2026 22:00:00",25.376776,86.471523,PM2.5,NA,NA,NA
India,Bihar,Munger,"Town Hall, Munger - BSPCB","28-08-2026 22:00:00",25.376776,86.471523,NO2,11,12,12
India,Bihar,Muzaffarpur,"Buddha Colony, Muzaffarpur - BSPCB","28-08-2026 22:00:00",26.11442,85.39813,SO2,4,6,5
India,Bihar,Patna,"Rajbansi Nagar, Patna - BSPCB","28-08-2026 22:00:00",25.599486,85.113666,PM10,25,63,41
India,Bihar,Patna,"Rajbansi Nagar, Patna - BSPCB","28-08-2026 22:00:00",25.599486,85.113666,NO2,28,33,31
India,Bihar,Patna,"Rajbansi Nagar, Patna - BSPCB","28-08-2026 22:00:00",25.599486,85.113666,SO2,5,10,6
India,Bihar,Patna,"Rajbansi Nagar, Patna - BSPCB","28-08-2026 22:00:00",25.599486,85.113666,CO,14,83,44
India,Bihar,Patna,"Govt. High School Shikarpur, Patna - BSPCB","28-08-2026 22:00:00",25.592539,85.227158,OZONE,41,87,68
India,Bihar,Patna,"DRM Office Danapur, Patna - BSPCB","28-08-2026 22:00:00",25.586562,85.043586,PM2.5,29,84,48
India,Bihar,Patna,"DRM Office Danapur, Patna - BSPCB","28-08-2026 22:00:00",25.586562,85.043586,NO2,21,25,23
India,Bihar,Patna,"Muradpur, Patna - BSPCB","28-08-2026 22:00:00",25.619651,85.147382,PM10,55,69,61
India,Bihar,Patna,"Muradpur, Patna - BSPCB","28-08-2026 22:00:00",25.619651,85.147382,NO2,4,4,4
India,Bihar,Patna,"Samanpura, Patna - BSPCB","28-08-2026 22:00:00",25.596727,85.085624,CO,21,25,22
India,Bihar,Purnia,"Mariam Nagar, Purnia - BSPCB","28-08-2026 22:00:00",25.366336,87.117468,CO,57,59,58
India,Bihar,Purnia,"Mariam Nagar, Purnia - BSPCB","28-08-2026 22:00:00",25.366336,87.117468,OZONE,17,32,24
India,Bihar,Saharsa,"Police Line, Saharsa - BSPCB","28-08-2026 22:00:00",25.892357,86.590325,OZONE,12,16,15
India,Bihar,Samastipur,"DM Office_Kasipur, Samastipur - BSPCB","28-08-2026 22:00:00",25.859655,85.77944,NH3,1,2,1
India,"Andhra Pradesh",Kadapa,"Yerramukkapalli, Kadapa - APPCB","28-08-2026 22:00:00",14.465052,78.824187,OZONE,35,58,42
India,"Andhra Pradesh",Kakinada,"Rama Rao Peta, Kakinada - APPCB","28-08-2026 22:00:00",16.962488,82.229513,CO,7,21,14
India,"Andhra Pradesh",Kurnool,"Sita Rama Nagar, Kurnool - APPCB","28-08-2026 22:00:00",15.83411,78.028546,CO,3,16,10
India,"Andhra Pradesh",Nellore,"Ambedkar Nagar, Nellore - APPCB ","28-08-2026 22:00:00",14.438164,79.966814,NH3,5,8,7
India,"Andhra Pradesh",Rajamahendravaram,"Anand Kala Kshetram, Rajamahendravaram - APPCB","28-08-2026 22:00:00",16.9872867,81.7363176,NO2,4,19,9
India,"Andhra Pradesh",Srikakulam,"Chinna Bharatham Colony, Srikakulam - APPCB","28-08-2026 22:00:00",18.292191,83.897173,PM2.5,48,95,66
India,"Andhra Pradesh",Tirumala,"Toll Gate, Tirumala - APPCB","28-08-2026 22:00:00",13.67,79.35,NO2,22,69,46
India,"Andhra Pradesh",Tirumala,"Toll Gate, Tirumala - APPCB","28-08-2026 22:00:00",13.67,79.35,NH3,2,3,2
India,"Andhra Pradesh",Tirumala,"Toll Gate, Tirumala - APPCB","28-08-2026 22:00:00",13.67,79.35,SO2,5,8,6
India,"Andhra Pradesh",Tirumala,"Toll Gate, Tirumala - APPCB","28-08-2026 22:00:00",13.67,79.35,OZONE,8,16,13
India,"Andhra Pradesh",Tirupati,"Vaikuntapuram, Tirupati - APPCB","28-08-2026 22:00:00",13.615387,79.40923,CO,21,31,27
India,"Andhra Pradesh",Vijayawada,"Rajiv Nagar, Vijayawada - APPCB","28-08-2026 22:00:00",16.554731,80.64911,PM2.5,46,67,53
India,"Andhra Pradesh",Vijayawada,"Rajiv Nagar, Vijayawada - APPCB","28-08-2026 22:00:00",16.554731,80.64911,PM10,51,74,59
India,"Andhra Pradesh",Vijayawada,"Rajiv Nagar, Vijayawada - APPCB","28-08-2026 22:00:00",16.554731,80.64911,NO2,15,23,19
India,Assam,Guwahati,"Railway Colony, Guwahati - PCBA","28-08-2026 22:00:00",26.181742,91.78063,OZONE,10,29,15
India,Assam,Nagaon,"Christianpatty, Nagaon - PCBA","28-08-2026 22:00:00",26.349082,92.68449,PM2.5,42,80,59
India,Assam,Nagaon,"Christianpatty, Nagaon - PCBA","28-08-2026 22:00:00",26.349082,92.68449,NO2,1,9,1
India,Assam,Nagaon,"Christianpatty, Nagaon - PCBA","28-08-2026 22:00:00",26.349082,92.68449,CO,12,28,23
India,Assam,Nagaon,"Christianpatty, Nagaon - PCBA","28-08-2026 22:00:00",26.349082,92.68449,OZONE,6,15,12
India,Assam,Nalbari,"Bata Chowk, Nalbari - PCBA","28-08-2026 22:00:00",26.446912,91.439057,PM10,26,78,52
India,Assam,Nalbari,"Bata Chowk, Nalbari - PCBA","28-08-2026 22:00:00",26.446912,91.439057,CO,20,22,21
India,Assam,Silchar,"Tarapur, Silchar - PCBA","28-08-2026 22:00:00",24.82827,92.79525,PM2.5,36,38,37
India,Assam,Silchar,"Tarapur, Silchar - PCBA","28-08-2026 22:00:00",24.82827,92.79525,NH3,1,1,1
India,Assam,Sivasagar,"Girls College, Sivasagar - PCBA","28-08-2026 22:00:00",26.987634,94.636574,OZONE,23,48,37
India,Bihar,Araria,"Kharahiya Basti, Araria - BSPCB","28-08-2026 22:00:00",26.146529,87.454184,PM10,3,94,29
India,Bihar,Araria,"Kharahiya Basti, Araria - BSPCB","28-08-2026 22:00:00",26.146529,87.454184,NO2,11,28,15
India,Bihar,Araria,"Kharahiya Basti, Araria - BSPCB","28-08-2026 22:00:00",26.146529,87.454184,SO2,18,24,20
India,Bihar,Arrah,"New DM Office, Arrah - BSPCB","28-08-2026 22:00:00",25.5626095,84.663264,OZONE,7,15,9
India,Bihar,Begusarai,"Lohiyanagar, Begusarai - BSPCB","28-08-2026 22:00:00",25.42742023,86.13886079,PM2.5,15,197,62
India,Bihar,Begusarai,"Lohiyanagar, Begusarai - BSPCB","28-08-2026 22:00:00",25.42742023,86.13886079,NO2,8,11,9
India,Bihar,Bhagalpur,"DM Office_Kachari Chowk, Bhagalpur - BSPCB","28-08-2026 22:00:00",25.251013,86.989001,OZONE,17,22,19
India,Bihar,Chhapra,"Darshan Nagar, Chhapra - BSPCB","28-08-2026 22:00:00",25.7808257,84.7446768,NH3,0,1,1
India,Bihar,Chhapra,"Darshan Nagar, Chhapra - BSPCB","28-08-2026 22:00:00",25.7808257,84.7446768,SO2,26,31,28
India,Bihar,Chhapra,"Darshan Nagar, Chhapra - BSPCB","28-08-2026 22:00:00",25.7808257,84.7446768,CO,86,97,90
India,Bihar,Gaya,"Collectorate, Gaya - BSPCB","28-08-2026 22:00:00",24.7955,84.9994,PM10,NA,NA,NA
India,Bihar,Gaya,"Collectorate, Gaya - BSPCB","28-08-2026 22:00:00",24.7955,84.9994,NO2,7,12,9
India,Bihar,Gaya,"Collectorate, Gaya - BSPCB","28-08-2026 22:00:00",24.7955,84.9994,SO2,7,8,7
India,Bihar,Gaya,"Collectorate, Gaya - BSPCB","28-08-2026 22:00:00",24.7955,84.9994,CO,11,12,12
India,Bihar,Gaya,"SFTI Kusdihra, Gaya - BSPCB","28-08-2026 22:00:00",24.762518,84.982348,NO2,21,37,29
India,Bihar,Gaya,"SFTI Kusdihra, Gaya - BSPCB","28-08-2026 22:00:00",24.762518,84.982348,NH3,4,9,6
India,Bihar,Gaya,"Kareemganj, Gaya - BSPCB","28-08-2026 22:00:00",24.792403,84.992416,NO2,NA,NA,NA
India,Bihar,Katihar,"Mirchaibari, Katihar - BSPCB","28-08-2026 22:00:00",25.560083,87.553265,PM2.5,23,58,33
India,Bihar,Katihar,"Mirchaibari, Katihar - BSPCB","28-08-2026 22:00:00",25.560083,87.553265,NO2,2,2,2
India,Bihar,Katihar,"Mirchaibari, Katihar - BSPCB","28-08-2026 22:00:00",25.560083,87.553265,SO2,16,24,21
India,Bihar,Kishanganj,"SDM Office_Khagra, Kishanganj - BSPCB","28-08-2026 22:00:00",26.0881305,87.93840336,CO,38,42,40
India,Bihar,Manguraha,"Forest Rest House, Manguraha - BSPCB","28-08-2026 22:00:00",27.308328,84.531742,NH3,NA,NA,NA
India,Delhi,Delhi,"Sri Aurobindo Marg, Delhi - DPCC","28-08-2026 22:00:00",28.531346,77.190156,OZONE,1,23,13
India,Delhi,Delhi,"Patparganj, Delhi - DPCC","28-08-2026 22:00:00",28.623763,77.287209,PM10,95,156,130
India,Delhi,Delhi,"Patparganj, Delhi - DPCC","28-08-2026 22:00:00",28.623763,77.287209,NO2,18,63,32
India,Delhi,Delhi,"Najafgarh, Delhi - DPCC","28-08-2026 22:00:00",28.570173,76.933762,PM10,100,155,125
India,Delhi,Delhi,"Najafgarh, Delhi - DPCC","28-08-2026 22:00:00",28.570173,76.933762,SO2,13,23,17
India,Delhi,Delhi,"Najafgarh, Delhi - DPCC","28-08-2026 22:00:00",28.570173,76.933762,OZONE,10,18,14
India,Delhi,Delhi,"Wazirpur, Delhi - DPCC","28-08-2026 22:00:00",28.699793,77.165453,PM2.5,75,183,104
India,Delhi,Delhi,"NSUT Jaffarpur, Delhi - DPCC","28-08-2026 22:00:00",28.594004,76.909423,NO2,2,26,11
India,Delhi,Delhi,"Mundka, Delhi - DPCC","28-08-2026 22:00:00",28.684678,77.076574,PM10,111,221,141
India,Delhi,Delhi,"Mundka, Delhi - DPCC","28-08-2026 22:00:00",28.684678,77.076574,OZONE,5,9,7
India,Delhi,Delhi,"Punjabi Bagh, Delhi - DPCC","28-08-2026 22:00:00",28.674045,77.131023,NH3,1,4,3
India,Delhi,Delhi,"Punjabi Bagh, Delhi - DPCC","28-08-2026 22:00:00",28.674045,77.131023,SO2,28,58,42
India,Delhi,Delhi,"Ashok Vihar, Delhi - DPCC","28-08-2026 22:00:00",28.695381,77.181665,PM2.5,47,163,83
India,Delhi,Delhi,"Anand Vihar, Delhi - DPCC","28-08-2026 22:00:00",28.647622,77.315809,PM10,140,490,249
India,Delhi,Delhi,"Anand Vihar, Delhi - DPCC","28-08-2026 22:00:00",28.647622,77.315809,NH3,5,13,10
India,Chhattisgarh,Korba,"Rampur, Korba - CECB","28-08-2026 22:00:00",22.368195,82.746431,PM2.5,NA,NA,NA
India,Chhattisgarh,Korba,"Rampur, Korba - CECB","28-08-2026 22:00:00",22.368195,82.746431,PM10,NA,NA,NA
India,Chhattisgarh,Korba,"Rampur, Korba - CECB","28-08-2026 22:00:00",22.368195,82.746431,NO2,NA,NA,NA
India,Chhattisgarh,Kunjemura,"OP Jindal School, Kunjemura - CECB","28-08-2026 22:00:00",22.12665,83.483212,PM10,11,58,31
India,Chhattisgarh,Kunjemura,"OP Jindal School, Kunjemura - CECB","28-08-2026 22:00:00",22.12665,83.483212,SO2,11,19,14
India,Chhattisgarh,Raipur,"Krishak Nagar, Raipur - CECB","28-08-2026 22:00:00",21.237755,81.705301,PM10,25,60,42
India,Chhattisgarh,Raipur,"Krishak Nagar, Raipur - CECB","28-08-2026 22:00:00",21.237755,81.705301,OZONE,1,2,1
India,Chhattisgarh,Raipur,"Bhatagaon New ISBT, Raipur - CECB","28-08-2026 22:00:00",21.219665,81.630094,OZONE,3,6,4
India,Chhattisgarh,Raipur,"AIIMS, Raipur - CECB","28-08-2026 22:00:00",21.258815,81.578979,NO2,0,8,3
India,Chhattisgarh,Tumidih,"OP Jindal Industrial Park, Tumidih - CECB","28-08-2026 22:00:00",22.06631475,83.33820077,OZONE,NA,NA,NA
India,Delhi,Delhi,"ITO, Delhi - CPCB","28-08-2026 22:00:00",28.628624,77.24106,SO2,8,40,18
India,Delhi,Delhi,"Narela, Delhi - DPCC","28-08-2026 22:00:00",28.822836,77.101981,CO,51,86,67
India,Bihar,Siwan,"Chitragupta Nagar, Siwan - BSPCB","28-08-2026 22:00:00",26.2271665,84.3570427,NO2,2,2,2
India,Chandigarh,Chandigarh,"Sector 22, Chandigarh - CPCC","28-08-2026 22:00:00",30.735567,76.775714,NO2,1,6,3
India,Chandigarh,Chandigarh,"Sector-25, Chandigarh - CPCC","28-08-2026 22:00:00",30.751462,76.762879,CO,17,28,21
India,Chandigarh,Chandigarh,"Sector-25, Chandigarh - CPCC","28-08-2026 22:00:00",30.751462,76.762879,OZONE,9,40,21
India,Chhattisgarh,Bhilai,"32Bungalows, Bhilai - CECB","28-08-2026 22:00:00",21.194815,81.31477,PM10,28,63,43
India,Chhattisgarh,Bhilai,"Civic Center, Bhilai - Bhilai Steel Plant","28-08-2026 22:00:00",21.185571,81.343175,SO2,8,12,10
India,Chhattisgarh,Bhilai,"Hathkhoj, Bhilai - CECB","28-08-2026 22:00:00",21.224231,81.40835,CO,8,28,16
India,Chhattisgarh,Korba,"Urja Nagar, Korba - CECB","28-08-2026 22:00:00",22.348441,82.549611,PM10,8,20,13
India,"Andhra Pradesh",Vijayawada,"Rajiv Nagar, Vijayawada - APPCB","28-08-2026 22:00:00",16.554731,80.64911,SO2,7,14,10
India,"Andhra Pradesh",Vijayawada,"HB Colony, Vijayawada - APPCB","28-08-2026 22:00:00",16.536107,80.594233,SO2,7,18,11
India,"Arunachal Pradesh",Naharlagun,"Naharlagun, Naharlagun - APSPCB","28-08-2026 22:00:00",27.103358,93.679645,PM2.5,8,46,30
India,"Arunachal Pradesh",Naharlagun,"Naharlagun, Naharlagun - APSPCB","28-08-2026 22:00:00",27.103358,93.679645,SO2,11,13,11
India,Assam,Byrnihat,"Central Academy for SFS, Byrnihat - PCBA","28-08-2026 22:00:00",26.071318,91.87488,NO2,NA,NA,NA
India,Assam,Guwahati,"IITG, Guwahati - PCBA","28-08-2026 22:00:00",26.2028636,91.70046436,PM10,4,30,13
India,Assam,Guwahati,"LGBI Airport, Guwahati - PCBA","28-08-2026 22:00:00",26.10887,91.589544,SO2,10,13,11
India,Assam,Guwahati,"LGBI Airport, Guwahati - PCBA","28-08-2026 22:00:00",26.10887,91.589544,OZONE,13,14,13
India,Delhi,Delhi,"Major Dhyan Chand National Stadium, Delhi - DPCC","28-08-2026 22:00:00",28.611281,77.237738,SO2,19,21,20
India,Delhi,Delhi,"Sonia Vihar, Delhi - DPCC","28-08-2026 22:00:00",28.710508,77.249485,PM2.5,42,183,86
India,Delhi,Delhi,"Sonia Vihar, Delhi - DPCC","28-08-2026 22:00:00",28.710508,77.249485,NO2,20,84,37
India,Delhi,Delhi,"Bawana, Delhi - DPCC","28-08-2026 22:00:00",28.7762,77.051074,PM10,75,163,118
India,Delhi,Delhi,"Bawana, Delhi - DPCC","28-08-2026 22:00:00",28.7762,77.051074,CO,NA,NA,NA
India,Delhi,Delhi,"Bawana, Delhi - DPCC","28-08-2026 22:00:00",28.7762,77.051074,OZONE,11,11,11
India,Delhi,Delhi,"Rohini, Delhi - DPCC","28-08-2026 22:00:00",28.732528,77.11992,SO2,7,10,9
India,Delhi,Delhi,"Rohini, Delhi - DPCC","28-08-2026 22:00:00",28.732528,77.11992,OZONE,11,17,15
India,Delhi,Delhi,"Jahangirpuri, Delhi - DPCC","28-08-2026 22:00:00",28.73282,77.170633,PM2.5,2,301,99
India,Delhi,Delhi,"Jahangirpuri, Delhi - DPCC","28-08-2026 22:00:00",28.73282,77.170633,PM10,133,217,165
India,"Andhra Pradesh",Amaravati,"Secretariat, Amaravati - APPCB","28-08-2026 22:00:00",16.5150833,80.5181667,SO2,1,66,12
India,"Andhra Pradesh",Amaravati,"Secretariat, Amaravati - APPCB","28-08-2026 22:00:00",16.5150833,80.5181667,CO,4,18,12
India,"Andhra Pradesh",Anantapur,"Gulzarpet, Anantapur - APPCB","28-08-2026 22:00:00",14.675886,77.593027,NH3,3,5,4
India,"Andhra Pradesh",Anantapur,"Gulzarpet, Anantapur - APPCB","28-08-2026 22:00:00",14.675886,77.593027,OZONE,23,45,29
India,"Andhra Pradesh",Chittoor,"Gangineni Cheruvu, Chittoor - APPCB","28-08-2026 22:00:00",13.20488,79.097889,PM2.5,58,74,66
India,"Andhra Pradesh",Chittoor,"Gangineni Cheruvu, Chittoor - APPCB","28-08-2026 22:00:00",13.20488,79.097889,NH3,6,9,7
India,"Andhra Pradesh",Chittoor,"Gangineni Cheruvu, Chittoor - APPCB","28-08-2026 22:00:00",13.20488,79.097889,SO2,18,28,24
India,"Andhra Pradesh",Eluru,"District Court, Eluru - APPCB","28-08-2026 22:00:00",16.711754,81.092095,PM2.5,51,63,58
India,"Andhra Pradesh",Eluru,"District Court, Eluru - APPCB","28-08-2026 22:00:00",16.711754,81.092095,NO2,11,33,20
India,Delhi,Delhi,"R K Puram, Delhi - DPCC","28-08-2026 22:00:00",28.563262,77.186937,PM2.5,58,283,117
India,Delhi,Delhi,"R K Puram, Delhi - DPCC","28-08-2026 22:00:00",28.563262,77.186937,PM10,115,165,144
India,Gujarat,Ahmedabad,"SVPI Airport Hansol, Ahmedabad - IITM","28-08-2026 22:00:00",23.076793,72.627874,PM10,73,127,89
India,Gujarat,Ahmedabad,"Rakhial, Ahmedabad - IITM","28-08-2026 22:00:00",23.016834,72.625775,SO2,24,26,25
India,Gujarat,Ahmedabad,"Rakhial, Ahmedabad - IITM","28-08-2026 22:00:00",23.016834,72.625775,CO,4,17,10
India,Gujarat,Ahmedabad,"Maninagar, Ahmedabad - GPCB","28-08-2026 22:00:00",23.002657,72.591912,PM10,56,101,80
India,Gujarat,Ahmedabad,"Maninagar, Ahmedabad - GPCB","28-08-2026 22:00:00",23.002657,72.591912,CO,50,102,77
India,Gujarat,Ahmedabad,"Chandkheda, Ahmedabad - IITM","28-08-2026 22:00:00",23.107969,72.574648,SO2,7,11,9
India,Gujarat,Ahmedabad,"Chandkheda, Ahmedabad - IITM","28-08-2026 22:00:00",23.107969,72.574648,CO,14,24,19
India,Gujarat,Ahmedabad,"SAC ISRO Bopal, Ahmedabad - IITM","28-08-2026 22:00:00",23.041137,72.456691,SO2,2,4,3
India,Gujarat,Ahmedabad,"SAC ISRO Bopal, Ahmedabad - IITM","28-08-2026 22:00:00",23.041137,72.456691,CO,22,32,26
India,Gujarat,Ahmedabad,"SAC ISRO Satellite, Ahmedabad - IITM","28-08-2026 22:00:00",23.023389,72.515201,NO2,18,24,21
India,Gujarat,Ahmedabad,"SAC ISRO Satellite, Ahmedabad - IITM","28-08-2026 22:00:00",23.023389,72.515201,CO,1,2,1
India,Gujarat,Ahmedabad,"Gyaspur, Ahmedabad - IITM","28-08-2026 22:00:00",22.977134,72.553024,NH3,2,5,3
India,Gujarat,Ahmedabad,"Gyaspur, Ahmedabad - IITM","28-08-2026 22:00:00",22.977134,72.553024,OZONE,11,16,12
India,Gujarat,Ahmedabad,"Raikhad, Ahmedabad - IITM","28-08-2026 22:00:00",23.020509,72.579261,PM2.5,21,73,37
India,Gujarat,Ahmedabad,"Raikhad, Ahmedabad - IITM","28-08-2026 22:00:00",23.020509,72.579261,SO2,8,45,14
India,Gujarat,Ahmedabad,"Raikhad, Ahmedabad - IITM","28-08-2026 22:00:00",23.020509,72.579261,CO,30,76,57
India,Gujarat,Ankleshwar,"GIDC, Ankleshwar - GPCB","28-08-2026 22:00:00",21.613267,73.010555,NO2,30,30,30
India,Gujarat,Ankleshwar,"GIDC, Ankleshwar - GPCB","28-08-2026 22:00:00",21.613267,73.010555,SO2,20,20,20
India,Gujarat,Ankleshwar,"GIDC, Ankleshwar - GPCB","28-08-2026 22:00:00",21.613267,73.010555,CO,20,46,32
India,Gujarat,Ankleshwar,"GIDC, Ankleshwar - GPCB","28-08-2026 22:00:00",21.613267,73.010555,OZONE,39,49,45
India,Gujarat,Bhavnagar,"Vidhyanagar, Bhavnagar - Nexteng Enviro","28-08-2026 22:00:00",21.755417,72.139056,PM10,48,71,61
India,Gujarat,Bhavnagar,"Vidhyanagar, Bhavnagar - Nexteng Enviro","28-08-2026 22:00:00",21.755417,72.139056,NO2,38,49,44
India,Gujarat,Gandhinagar,"Sector-10, Gandhinagar - GPCB","28-08-2026 22:00:00",23.221714,72.654328,PM10,16,154,55
India,Haryana,Bahadurgarh,"Arya Nagar, Bahadurgarh - HSPCB","28-08-2026 22:00:00",28.6701,76.9254,NH3,7,9,8
India,Haryana,Ballabgarh,"Nathu Colony, Ballabgarh - HSPCB","28-08-2026 22:00:00",28.3419248,77.319699,PM2.5,17,67,37
India,Haryana,Dharuhera,"Municipal Corporation Office, Dharuhera -  HSPCB","28-08-2026 22:00:00",28.2068,76.7997,PM2.5,22,76,45
India,Haryana,Dharuhera,"Municipal Corporation Office, Dharuhera -  HSPCB","28-08-2026 22:00:00",28.2068,76.7997,PM10,21,72,43
India,Haryana,Faridabad,"New Industrial Town, Faridabad - HSPCB","28-08-2026 22:00:00",28.39072,77.30059,PM10,55,175,114
India,Haryana,Faridabad,"New Industrial Town, Faridabad - HSPCB","28-08-2026 22:00:00",28.39072,77.30059,NH3,11,12,11
India,Haryana,Faridabad,"New Industrial Town, Faridabad - HSPCB","28-08-2026 22:00:00",28.39072,77.30059,SO2,2,9,6
India,Haryana,Faridabad,"Sector 11, Faridabad - HSPCB","28-08-2026 22:00:00",28.376058,77.315741,NO2,30,33,31
India,Haryana,Faridabad,"Sector 11, Faridabad - HSPCB","28-08-2026 22:00:00",28.376058,77.315741,OZONE,15,17,16
India,Haryana,Faridabad,"Sector 30, Faridabad - HSPCB","28-08-2026 22:00:00",28.4417,77.3217,PM10,147,181,162
India,Haryana,Faridabad,"Sector 30, Faridabad - HSPCB","28-08-2026 22:00:00",28.4417,77.3217,NO2,35,40,37
India,Haryana,Fatehabad,"Huda Sector, Fatehabad - HSPCB","28-08-2026 22:00:00",29.503664,75.467934,PM10,29,121,109
India,Haryana,Fatehabad,"Huda Sector, Fatehabad - HSPCB","28-08-2026 22:00:00",29.503664,75.467934,NO2,18,21,19
India,Haryana,Gurugram,"Teri Gram, Gurugram - HSPCB","28-08-2026 22:00:00",28.4275,77.1465,NH3,9,20,13
India,Delhi,Delhi,"Shadipur, Delhi - CPCB","28-08-2026 22:00:00",28.6514781,77.1473105,NH3,7,11,8
India,Delhi,Delhi,"Mandir Marg, Delhi - DPCC","28-08-2026 22:00:00",28.636429,77.201067,NO2,7,62,16
India,Delhi,Delhi,"Mandir Marg, Delhi - DPCC","28-08-2026 22:00:00",28.636429,77.201067,SO2,26,45,31
India,Delhi,Delhi,"Pusa, Delhi - DPCC","28-08-2026 22:00:00",28.639652,77.146275,NO2,22,54,33
India,Delhi,Delhi,"Sirifort, Delhi - CPCB","28-08-2026 22:00:00",28.5504249,77.2159377,NH3,10,13,11
India,Delhi,Delhi,"Sirifort, Delhi - CPCB","28-08-2026 22:00:00",28.5504249,77.2159377,SO2,30,33,31
India,Delhi,Delhi,"Sirifort, Delhi - CPCB","28-08-2026 22:00:00",28.5504249,77.2159377,OZONE,8,15,11
India,Delhi,Delhi,"Chandni Chowk, Delhi - IITM","28-08-2026 22:00:00",28.656756,77.227234,CO,75,114,89
India,Delhi,Delhi,"DTU, Delhi - CPCB","28-08-2026 22:00:00",28.7500499,77.1112615,NH3,7,8,7
India,Delhi,Delhi,"Dwarka-Sector 8, Delhi - DPCC ","28-08-2026 22:00:00",28.5710274,77.0719006,NO2,14,79,33
India,Delhi,Delhi,"Dwarka-Sector 8, Delhi - DPCC ","28-08-2026 22:00:00",28.5710274,77.0719006,OZONE,5,21,15
India,Delhi,Delhi,"IIT Delhi, Delhi - IITM","28-08-2026 22:00:00",28.54246,77.191651,PM2.5,50,159,69
India,Delhi,Delhi,"IGI Airport (T3), Delhi - IITM","28-08-2026 22:00:00",28.5627763,77.1180053,OZONE,25,85,59
India,Delhi,Delhi,"IGNOU_Maidan Garhi, Delhi - DPCC","28-08-2026 22:00:00",28.493624,77.201159,PM10,104,136,116
India,Gujarat,Gandhinagar,"GIFT City, Gandhinagar - IITM","28-08-2026 22:00:00",23.163798,72.677768,NO2,27,47,37
India,Gujarat,Mehsana,"Sadanand Nagar, Mehsana - Nexteng Enviro","28-08-2026 22:00:00",23.59315,72.372792,NH3,0,0,0
India,Gujarat,Mehsana,"Sadanand Nagar, Mehsana - Nexteng Enviro","28-08-2026 22:00:00",23.59315,72.372792,SO2,14,15,14
India,Gujarat,Nandesari,"GIDC, Nandesari - Nandesari Ind. Association","28-08-2026 22:00:00",22.410802,73.097923,NO2,1,41,13
India,Gujarat,Nandesari,"GIDC, Nandesari - Nandesari Ind. Association","28-08-2026 22:00:00",22.410802,73.097923,CO,19,114,39
India,Gujarat,Nandesari,"GIDC, Nandesari - Nandesari Ind. Association","28-08-2026 22:00:00",22.410802,73.097923,OZONE,NA,NA,NA
India,Gujarat,Rajkot,"Mavdi, Rajkot - Nexteng Enviro ","28-08-2026 22:00:00",22.248853,70.776774,PM2.5,12,55,39
India,Gujarat,Surat,"Science Center, Surat - SMC","28-08-2026 22:00:00",21.170046,72.795405,NO2,2,8,5
India,Gujarat,Surat,"Science Center, Surat - SMC","28-08-2026 22:00:00",21.170046,72.795405,SO2,15,17,16
India,Gujarat,Surat,"Science Center, Surat - SMC","28-08-2026 22:00:00",21.170046,72.795405,OZONE,NA,NA,NA
India,Gujarat,Vatva,"Phase-4 GIDC, Vatva - GPCB","28-08-2026 22:00:00",22.969611,72.6435,OZONE,16,27,25
India,Haryana,Ambala,"Patti Mehar, Ambala - HSPCB","28-08-2026 22:00:00",30.379589,76.778328,PM10,40,454,169
India,"Jammu and Kashmir",Srinagar,"Rajbagh, Srinagar - JKPCC","28-08-2026 22:00:00",34.066206,74.81982,NH3,9,9,9
India,"Jammu and Kashmir",Srinagar,"Rajbagh, Srinagar - JKPCC","28-08-2026 22:00:00",34.066206,74.81982,SO2,3,4,3
India,"Jammu and Kashmir",Srinagar,"Khunmoh, Srinagar - JKPCC","28-08-2026 22:00:00",34.06313,74.96017,OZONE,NA,NA,NA
India,Jharkhand,Jorapokhar,"Tata Stadium, Jorapokhar - JSPCB","28-08-2026 22:00:00",23.707909,86.41467,CO,37,40,39
India,Karnataka,Belgaum,"Ramteerth Nagar, Belgaum - KSPCB","28-08-2026 22:00:00",15.888653,74.541751,CO,1,1,1
India,Karnataka,Bengaluru,"Jigani, Bengaluru - KSPCB","28-08-2026 22:00:00",12.7816279,77.6299145,NH3,3,3,3
India,Karnataka,Bengaluru,"Jigani, Bengaluru - KSPCB","28-08-2026 22:00:00",12.7816279,77.6299145,OZONE,20,22,21
India,Karnataka,Bengaluru,"City Railway Station, Bengaluru - KSPCB","28-08-2026 22:00:00",12.9756843,77.5660749,PM2.5,NA,NA,NA
India,Karnataka,Bengaluru,"Peenya, Bengaluru - CPCB","28-08-2026 22:00:00",13.0270199,77.494094,OZONE,26,27,27
India,Karnataka,Bengaluru,"Shivapura_Peenya, Bengaluru - KSPCB","28-08-2026 22:00:00",13.0246342,77.5080115,PM2.5,36,39,37
India,Karnataka,Bengaluru,"Hebbal, Bengaluru - KSPCB","28-08-2026 22:00:00",13.029152,77.585901,PM2.5,16,48,25
India,Karnataka,Bengaluru,"Silk Board, Bengaluru - KSPCB","28-08-2026 22:00:00",12.917348,77.622813,NO2,NA,NA,NA
India,Karnataka,Bengaluru,"Silk Board, Bengaluru - KSPCB","28-08-2026 22:00:00",12.917348,77.622813,NH3,NA,NA,NA
India,Karnataka,Bengaluru,"Silk Board, Bengaluru - KSPCB","28-08-2026 22:00:00",12.917348,77.622813,OZONE,12,21,17
India,Karnataka,Chamarajanagar,"Urban, Chamarajanagar - KSPCB","28-08-2026 22:00:00",11.55358,76.55521,PM2.5,16,46,28
India,Karnataka,Chikkaballapur,"Chikkaballapur Rural, Chikkaballapur - KSPCB","28-08-2026 22:00:00",13.428828,77.731418,PM10,27,127,57
India,Karnataka,Chikkaballapur,"Chikkaballapur Rural, Chikkaballapur - KSPCB","28-08-2026 22:00:00",13.428828,77.731418,SO2,15,21,17
India,Karnataka,Davanagere,"Devaraj Urs Badavane, Davanagere - KSPCB","28-08-2026 22:00:00",14.4758,75.9052,NO2,7,11,8
India,Karnataka,Dharwad,"Kalabhavan, Dharwad - KSPCB","28-08-2026 22:00:00",15.459706,75.008381,PM2.5,47,55,52
India,Karnataka,Dharwad,"Kalabhavan, Dharwad - KSPCB","28-08-2026 22:00:00",15.459706,75.008381,NO2,22,25,23
India,Karnataka,Dharwad,"Kalabhavan, Dharwad - KSPCB","28-08-2026 22:00:00",15.459706,75.008381,NH3,6,7,6
India,Karnataka,Gadag,"Panchal Nagar, Gadag - KSPCB","28-08-2026 22:00:00",15.411456,75.638133,PM10,65,94,70
India,Karnataka,Kalaburagi,"Mahatma Basaveswar Colony, Kalaburgi - KSPCB","28-08-2026 22:00:00",17.336318,76.847397,SO2,1,5,3
India,Haryana,Gurugram,"Sector-51, Gurugram - HSPCB","28-08-2026 22:00:00",28.4227,77.0667,PM2.5,94,237,139
India,Haryana,Gurugram,"Sector-51, Gurugram - HSPCB","28-08-2026 22:00:00",28.4227,77.0667,CO,38,65,44
India,Haryana,Gurugram,"Vikas Sadan, Gurugram - HSPCB","28-08-2026 22:00:00",28.4501238,77.0263051,PM10,9,20,12
India,Haryana,Gurugram,"Vikas Sadan, Gurugram - HSPCB","28-08-2026 22:00:00",28.4501238,77.0263051,SO2,7,15,11
India,Haryana,Jind,"Police Lines, Jind - HSPCB","28-08-2026 22:00:00",29.307814,76.337619,CO,2,10,7
India,Haryana,Kurukshetra,"Sector-7, Kurukshetra - HSPCB","28-08-2026 22:00:00",29.966942,76.875879,NH3,5,6,6
India,Haryana,Manesar,"Sector-2 IMT, Manesar - HSPCB","28-08-2026 22:00:00",28.360699,76.93609,NH3,NA,NA,NA
India,Haryana,Narnaul,"Shastri Nagar, Narnaul - HSPCB","28-08-2026 22:00:00",28.060249,76.113115,PM2.5,68,113,87
India,Haryana,Narnaul,"Shastri Nagar, Narnaul - HSPCB","28-08-2026 22:00:00",28.060249,76.113115,CO,10,17,13
India,Delhi,Delhi,"Aya Nagar, Delhi - IITM","28-08-2026 22:00:00",28.4706914,77.1099364,NO2,20,37,28
India,Delhi,Delhi,"CRRI Mathura Road, Delhi - IITM","28-08-2026 22:00:00",28.5512005,77.2735737,CO,15,116,49
India,Delhi,Delhi,"Burari Crossing, Delhi - IITM","28-08-2026 22:00:00",28.7256504,77.2011573,NO2,3,29,14
India,Delhi,Delhi,"Burari Crossing, Delhi - IITM","28-08-2026 22:00:00",28.7256504,77.2011573,CO,24,52,34
India,Delhi,Delhi,"IMD Lodhi Road, Delhi - IITM","28-08-2026 22:00:00",28.5918245,77.2273074,OZONE,6,68,40
India,Delhi,Delhi,"JNU, Delhi - DPCC","28-08-2026 22:00:00",28.540721,77.168544,CO,32,61,43
India,Delhi,Delhi,"JNU, Delhi - DPCC","28-08-2026 22:00:00",28.540721,77.168544,OZONE,NA,NA,NA
India,Delhi,Delhi,"Alipur, Delhi - DPCC","28-08-2026 22:00:00",28.815329,77.15301,NO2,34,97,64
India,Haryana,Panchgaon,"Amity University, Panchgaon - IITM","28-08-2026 22:00:00",28.3153,76.9143,CO,2,120,28
India,Haryana,Panchkula,"Sector-6, Panchkula - HSPCB ","28-08-2026 22:00:00",30.7057778,76.8531805555555,NH3,NA,NA,NA
India,Haryana,Rohtak,"MD University, Rohtak - HSPCB","28-08-2026 22:00:00",28.52123,76.37138,NH3,NA,NA,NA
India,Haryana,Sirsa,"F-Block, Sirsa - HSPCB","28-08-2026 22:00:00",29.5364,75.0158,PM2.5,34,87,52
India,"Jammu and Kashmir",Pampore,"Khrew, Pampore - JKPCC","28-08-2026 22:00:00",34.031606,75.009712,CO,NA,NA,NA
India,Kerala,Thrissur,"Corporation Ground, Thrissur - Kerala PCB","28-08-2026 22:00:00",10.5324,76.2159,NH3,0,0,0
India,Kerala,Thrissur,"Corporation Ground, Thrissur - Kerala PCB","28-08-2026 22:00:00",10.5324,76.2159,SO2,0,1,0
India,Kerala,Thrissur,"Corporation Ground, Thrissur - Kerala PCB","28-08-2026 22:00:00",10.5324,76.2159,OZONE,30,31,30
India,Ladakh,Leh,"Skara Yokma, Leh - LPCC","28-08-2026 22:00:00",34.147096,77.55709,NO2,NA,NA,NA
India,Ladakh,Leh,"Skara Yokma, Leh - LPCC","28-08-2026 22:00:00",34.147096,77.55709,NH3,NA,NA,NA
India,Ladakh,Leh,"Skara Yokma, Leh - LPCC","28-08-2026 22:00:00",34.147096,77.55709,CO,188,190,189
India,Ladakh,Leh,"Skara Yokma, Leh - LPCC","28-08-2026 22:00:00",34.147096,77.55709,OZONE,48,311,177
India,"Madhya Pradesh",Bhopal,"Paryavaran Parisar, Bhopal - MPPCB","28-08-2026 22:00:00",23.210494,77.425409,SO2,5,7,6
India,"Madhya Pradesh",Bhopal,"T T Nagar, Bhopal - MPPCB","28-08-2026 22:00:00",23.233584,77.400574,NO2,8,17,12
India,"Madhya Pradesh",Bhopal,"T T Nagar, Bhopal - MPPCB","28-08-2026 22:00:00",23.233584,77.400574,NH3,5,6,6
India,"Madhya Pradesh",Damoh,"Shrivastav Colony, Damoh - MPPCB","28-08-2026 22:00:00",23.81748678,79.446246,PM10,NA,NA,NA
India,"Madhya Pradesh",Damoh,"Shrivastav Colony, Damoh - MPPCB","28-08-2026 22:00:00",23.81748678,79.446246,NO2,5,6,6
India,"Madhya Pradesh",Dewas,"Bhopal Chauraha, Dewas - MPPCB","28-08-2026 22:00:00",22.9682591,76.064118,CO,19,39,28
India,"Madhya Pradesh",Gwalior,"Maharaj Bada, Gwalior - MPPCB","28-08-2026 22:00:00",26.200388,78.147714,SO2,9,93,19
India,"Madhya Pradesh",Gwalior,"Maharaj Bada, Gwalior - MPPCB","28-08-2026 22:00:00",26.200388,78.147714,OZONE,14,26,23
India,"Madhya Pradesh",Gwalior,"City Center, Gwalior - MPPCB","28-08-2026 22:00:00",26.203442,78.193251,PM2.5,43,65,52
India,"Madhya Pradesh",Gwalior,"City Center, Gwalior - MPPCB","28-08-2026 22:00:00",26.203442,78.193251,OZONE,13,45,30
India,"Madhya Pradesh",Gwalior,"Deen Dayal Nagar, Gwalior - MPPCB","28-08-2026 22:00:00",26.259242,78.216432,NO2,42,58,49
India,"Madhya Pradesh",Gwalior,"Deen Dayal Nagar, Gwalior - MPPCB","28-08-2026 22:00:00",26.259242,78.216432,CO,50,63,55
India,"Madhya Pradesh",Indore,"Regional Park, Indore - IMC","28-08-2026 22:00:00",22.678,75.8559,NO2,2,7,4
India,Maharashtra,Nagpur,"Ram Nagar, Nagpur - MPCB","28-08-2026 22:00:00",21.143383,79.048912,CO,10,15,12
India,Maharashtra,Nagpur,"Opp GPO Civil Lines, Nagpur - MPCB","28-08-2026 22:00:00",21.152875,79.0517531,SO2,1,8,5
India,Maharashtra,Nagpur,"Ambazari, Nagpur - MPCB","28-08-2026 22:00:00",21.121801,79.04952,PM2.5,38,76,49
India,Maharashtra,Nagpur,"Ambazari, Nagpur - MPCB","28-08-2026 22:00:00",21.121801,79.04952,NH3,1,3,2
India,Maharashtra,Nanded,"Sneh Nagar, Nanded - MPCB","28-08-2026 22:00:00",19.173852,77.296291,PM10,NA,NA,NA
India,Maharashtra,Nashik,"Gangapur Road, Nashik - MPCB","28-08-2026 22:00:00",20.0073285,73.7762427,NH3,3,3,3
India,Maharashtra,Nashik,"Hirawadi, Nashik - MPCB","28-08-2026 22:00:00",20.021503,73.813844,PM2.5,1,27,13
India,Maharashtra,Nashik,"Hirawadi, Nashik - MPCB","28-08-2026 22:00:00",20.021503,73.813844,NH3,3,3,3
India,Maharashtra,Nashik,"MIDC Ambad, Nashik - MPCB","28-08-2026 22:00:00",19.95022,73.73148,PM2.5,16,41,26
India,Maharashtra,Nashik,"MIDC Ambad, Nashik - MPCB","28-08-2026 22:00:00",19.95022,73.73148,NH3,2,4,3
India,Maharashtra,"Navi Mumbai","Kopripada-Vashi, Navi Mumbai - MPCB","28-08-2026 22:00:00",19.090337,73.014232,CO,13,50,27
India,Maharashtra,"Navi Mumbai","Kopripada-Vashi, Navi Mumbai - MPCB","28-08-2026 22:00:00",19.090337,73.014232,OZONE,9,16,13
India,Maharashtra,"Navi Mumbai","Tondare-Taloja, Navi Mumbai - MPCB","28-08-2026 22:00:00",19.063,73.1209,NH3,5,9,7
India,Maharashtra,"Navi Mumbai","Sanpada, Navi Mumbai - MPCB","28-08-2026 22:00:00",19.0575752,73.0151367,PM10,31,45,37
India,Maharashtra,"Navi Mumbai","Sanpada, Navi Mumbai - MPCB","28-08-2026 22:00:00",19.0575752,73.0151367,NO2,2,11,6
India,Maharashtra,"Navi Mumbai","Sanpada, Navi Mumbai - MPCB","28-08-2026 22:00:00",19.0575752,73.0151367,NH3,4,4,4
India,Maharashtra,"Navi Mumbai","Sanpada, Navi Mumbai - MPCB","28-08-2026 22:00:00",19.0575752,73.0151367,CO,5,25,14
India,Karnataka,Karwar,"KHB Colony, Karwar - KSPCB","28-08-2026 22:00:00",14.816666,74.141003,NO2,10,13,11
India,Karnataka,Karwar,"KHB Colony, Karwar - KSPCB","28-08-2026 22:00:00",14.816666,74.141003,SO2,NA,NA,NA
India,Karnataka,Madikeri,"Stuart Hill, Madikeri - KSPCB","28-08-2026 22:00:00",12.415911,75.73505,PM2.5,15,32,22
India,Karnataka,Madikeri,"Stuart Hill, Madikeri - KSPCB","28-08-2026 22:00:00",12.415911,75.73505,PM10,19,29,23
India,Karnataka,Madikeri,"Stuart Hill, Madikeri - KSPCB","28-08-2026 22:00:00",12.415911,75.73505,CO,8,17,12
India,Karnataka,Mysuru,"Hebbal 1st Stage, Mysuru - KSPCB","28-08-2026 22:00:00",12.21041,76.37376,PM2.5,11,40,23
India,Karnataka,Mysuru,"Hebbal 1st Stage, Mysuru - KSPCB","28-08-2026 22:00:00",12.21041,76.37376,SO2,0,5,3
India,Karnataka,Ramanagara,"Vijay Nagar, Ramanagara - KSPCB","28-08-2026 22:00:00",12.733409,77.298051,PM10,32,229,69
India,Karnataka,Ramanagara,"Vijay Nagar, Ramanagara - KSPCB","28-08-2026 22:00:00",12.733409,77.298051,OZONE,24,36,29
India,Karnataka,Vijayapura,"Ibrahimpur, Vijayapura - KSPCB","28-08-2026 22:00:00",16.802639,75.722694,PM2.5,26,28,27
India,Karnataka,Vijayapura,"Ibrahimpur, Vijayapura - KSPCB","28-08-2026 22:00:00",16.802639,75.722694,CO,10,35,22
India,Kerala,Eloor,"Udyogamandal, Eloor - Kerala PCB","28-08-2026 22:00:00",10.073232,76.302765,NH3,0,0,0
India,Kerala,Eloor,"Udyogamandal, Eloor - Kerala PCB","28-08-2026 22:00:00",10.073232,76.302765,CO,44,47,45
India,Kerala,Thiruvananthapuram,"Plammoodu, Thiruvananthapuram - Kerala PCB","28-08-2026 22:00:00",8.5149093,76.9435879,NH3,1,1,1
India,Kerala,Thiruvananthapuram,"Plammoodu, Thiruvananthapuram - Kerala PCB","28-08-2026 22:00:00",8.5149093,76.9435879,SO2,11,21,18
India,Kerala,Thiruvananthapuram,"Plammoodu, Thiruvananthapuram - Kerala PCB","28-08-2026 22:00:00",8.5149093,76.9435879,OZONE,12,21,18
India,"Madhya Pradesh",Pithampur,"Sector-2 Industrial Area, Pithampur - MPPCB","28-08-2026 22:00:00",22.624758,75.675238,OZONE,31,60,49
India,"Madhya Pradesh",Ujjain,"Mahashweta Nagar, Ujjain - MPPCB","28-08-2026 22:00:00",23.1633321,75.800225,PM10,56,84,68
India,Maharashtra,Akola,"Ramdaspeth, Akola - MPCB","28-08-2026 22:00:00",20.719516,77.000253,OZONE,16,28,22
India,Maharashtra,Ambernath,"Chinchpada, Ambernath - MPCB","28-08-2026 22:00:00",19.215784,73.199781,PM10,28,107,71
India,Maharashtra,Ambernath,"Chinchpada, Ambernath - MPCB","28-08-2026 22:00:00",19.215784,73.199781,NH3,2,3,3
India,Maharashtra,Ambernath,"Chinchpada, Ambernath - MPCB","28-08-2026 22:00:00",19.215784,73.199781,SO2,22,28,25
India,Maharashtra,Amravati,"Shri Shivaji Science College, Amravati - MPCB","28-08-2026 22:00:00",20.939198,77.765701,PM10,52,76,63
India,Maharashtra,Amravati,"Shri Shivaji Science College, Amravati - MPCB","28-08-2026 22:00:00",20.939198,77.765701,NH3,2,4,3
India,Maharashtra,Amravati,"Shri Shivaji Science College, Amravati - MPCB","28-08-2026 22:00:00",20.939198,77.765701,CO,23,26,24
India,Maharashtra,Amravati,"Shivneri Colony, Amravati - MPCB","28-08-2026 22:00:00",20.9402359,77.7895248,NH3,2,2,2
India,Maharashtra,Aurangabad,"MIDC Chilkalthana, Aurangabad - MPCB","28-08-2026 22:00:00",19.87562,75.38731,PM10,40,46,43
India,Maharashtra,Aurangabad,"MIDC Chilkalthana, Aurangabad - MPCB","28-08-2026 22:00:00",19.87562,75.38731,OZONE,20,32,28
India,Maharashtra,Aurangabad,"Rachnakar Colony, Aurangabad - MPCB","28-08-2026 22:00:00",19.863756,75.321188,SO2,2,5,3
India,Maharashtra,Mumbai,"Khindipada-Bhandup West, Mumbai - IITM","28-08-2026 22:00:00",19.1653323,72.922099,CO,32,39,35
India,Maharashtra,Mumbai,"Malad West, Mumbai - IITM","28-08-2026 22:00:00",19.19709,72.82204,OZONE,6,14,10
India,Maharashtra,Mumbai,"Borivali East, Mumbai - IITM","28-08-2026 22:00:00",19.23241,72.86895,SO2,NA,NA,NA
India,Maharashtra,Mumbai,"Chakala-Andheri East, Mumbai - IITM","28-08-2026 22:00:00",19.11074,72.86084,SO2,5,10,7
India,Maharashtra,Mumbai,"Bandra Kurla Complex, Mumbai - IITM","28-08-2026 22:00:00",19.053536,72.84643,CO,19,30,26
India,Maharashtra,Mumbai,"Ghatkopar, Mumbai - BMC","28-08-2026 22:00:00",19.083694,72.920967,PM2.5,11,22,16
India,Maharashtra,Mumbai,"Ghatkopar, Mumbai - BMC","28-08-2026 22:00:00",19.083694,72.920967,CO,18,27,22
India,Maharashtra,Mumbai,"Deonar, Mumbai - IITM","28-08-2026 22:00:00",19.04946,72.923,NO2,2,11,6
India,Maharashtra,Mumbai,"Chhatrapati Shivaji Intl. Airport (T2), Mumbai - MPCB","28-08-2026 22:00:00",19.10078,72.87462,SO2,7,8,7
India,Maharashtra,Nagpur,"Mahal, Nagpur - MPCB","28-08-2026 22:00:00",21.14472,79.107595,NH3,3,7,4
India,Maharashtra,Nagpur,"Mahal, Nagpur - MPCB","28-08-2026 22:00:00",21.14472,79.107595,SO2,2,27,14
India,Maharashtra,Nagpur,"Mahal, Nagpur - MPCB","28-08-2026 22:00:00",21.14472,79.107595,CO,34,63,47
India,Maharashtra,Nagpur,"Ram Nagar, Nagpur - MPCB","28-08-2026 22:00:00",21.143383,79.048912,PM2.5,44,98,69
India,Maharashtra,Mumbai,"Shivaji Nagar, Mumbai - BMC","28-08-2026 22:00:00",19.060498,72.923356,OZONE,11,13,12
India,Maharashtra,Mumbai,"Sion, Mumbai - MPCB","28-08-2026 22:00:00",19.047,72.8746,NH3,1,1,1
India,Maharashtra,Mumbai,"Sion, Mumbai - MPCB","28-08-2026 22:00:00",19.047,72.8746,OZONE,NA,NA,NA
India,Maharashtra,Mumbai,"Siddharth Nagar-Worli, Mumbai - IITM","28-08-2026 22:00:00",19.000083,72.813993,PM2.5,9,13,11
India,Maharashtra,Mumbai,"Siddharth Nagar-Worli, Mumbai - IITM","28-08-2026 22:00:00",19.000083,72.813993,OZONE,12,27,18
India,Maharashtra,Mumbai,"Kherwadi_Bandra East, Mumbai - MPCB","28-08-2026 22:00:00",19.0632143,72.8456324,PM10,NA,NA,NA
India,Maharashtra,Mumbai,"Worli, Mumbai - MPCB","28-08-2026 22:00:00",18.9936162,72.8128113,PM10,NA,NA,NA
India,Maharashtra,Mumbai,"Worli, Mumbai - MPCB","28-08-2026 22:00:00",18.9936162,72.8128113,CO,34,37,35
India,Maharashtra,Mumbai,"Worli, Mumbai - MPCB","28-08-2026 22:00:00",18.9936162,72.8128113,OZONE,7,8,7
India,Maharashtra,Mumbai,"Chembur, Mumbai - MPCB","28-08-2026 22:00:00",19.0364585,72.8954371,SO2,0,9,2
India,Maharashtra,Mumbai,"Chembur, Mumbai - MPCB","28-08-2026 22:00:00",19.0364585,72.8954371,CO,4,12,7
India,Maharashtra,Mumbai,"Kandivali West, Mumbai - BMC","28-08-2026 22:00:00",19.215859,72.831718,PM2.5,5,17,11
India,Maharashtra,Mumbai,"Kandivali West, Mumbai - BMC","28-08-2026 22:00:00",19.215859,72.831718,NO2,10,65,20
India,Maharashtra,Mumbai,"Khindipada-Bhandup West, Mumbai - IITM","28-08-2026 22:00:00",19.1653323,72.922099,PM10,38,60,46
India,Maharashtra,Mumbai,"Khindipada-Bhandup West, Mumbai - IITM","28-08-2026 22:00:00",19.1653323,72.922099,NH3,2,2,2
India,"Madhya Pradesh",Indore,"Regional Park, Indore - IMC","28-08-2026 22:00:00",22.678,75.8559,OZONE,5,5,5
India,"Madhya Pradesh",Indore,"Airport Area, Indore - IMC","28-08-2026 22:00:00",22.7289,75.8076,OZONE,4,6,5
India,"Madhya Pradesh",Indore,"Maguda Nagar, Indore - IMC","28-08-2026 22:00:00",22.7524,75.8872,NO2,1,3,3
India,"Madhya Pradesh",Indore,"Residency Area, Indore - IMC","28-08-2026 22:00:00",22.7084,75.8815,SO2,1,3,2
India,"Madhya Pradesh",Jabalpur,"Govindh Bhavan Colony, Jabalpur - JMC","28-08-2026 22:00:00",23.163174,79.973061,PM2.5,7,55,31
India,"Madhya Pradesh",Jabalpur,"Govindh Bhavan Colony, Jabalpur - JMC","28-08-2026 22:00:00",23.163174,79.973061,NH3,9,9,9
India,"Madhya Pradesh",Jabalpur,"Govindh Bhavan Colony, Jabalpur - JMC","28-08-2026 22:00:00",23.163174,79.973061,OZONE,32,41,36
India,"Madhya Pradesh",Jabalpur,"Suhagi, Jabalpur - JMC","28-08-2026 22:00:00",23.218135,79.95777,NO2,37,45,40
India,"Madhya Pradesh",Katni,"Gole Bazar, Katni - MPPCB","28-08-2026 22:00:00",23.50016,80.23284,SO2,11,32,21
India,"Madhya Pradesh",Mandideep,"Sector-D Industrial Area, Mandideep - MPPCB","28-08-2026 22:00:00",23.10844,77.511428,CO,23,35,31
India,"Madhya Pradesh",Mandideep,"Sector-D Industrial Area, Mandideep - MPPCB","28-08-2026 22:00:00",23.10844,77.511428,OZONE,16,34,25
India,"Madhya Pradesh",Pithampur,"Sector-2 Industrial Area, Pithampur - MPPCB","28-08-2026 22:00:00",22.624758,75.675238,NO2,6,22,10
India,Maharashtra,Hingoli,"Ashta Vinayak Nagar, Hingoli - MPCB","28-08-2026 22:00:00",19.710842,77.151824,CO,12,19,16
India,Maharashtra,Jalgaon,"Prabhat Colony, Jalgaon - MPCB","28-08-2026 22:00:00",21.001264,75.565602,SO2,3,5,4
India,Maharashtra,Jalgaon,"Prabhat Colony, Jalgaon - MPCB","28-08-2026 22:00:00",21.001264,75.565602,OZONE,17,39,30
India,Maharashtra,Jalna,"Old MIDC, Jalna - MPCB","28-08-2026 22:00:00",19.854616,75.905894,PM2.5,NA,NA,NA
India,Maharashtra,Jalna,"Old MIDC, Jalna - MPCB","28-08-2026 22:00:00",19.854616,75.905894,SO2,NA,NA,NA
India,Maharashtra,Jalna,"Old MIDC, Jalna - MPCB","28-08-2026 22:00:00",19.854616,75.905894,OZONE,30,45,37
India,Maharashtra,Kalyan,"Pimpleshwar Mandir, Kalyan - MPCB","28-08-2026 22:00:00",19.192056,72.9585188,OZONE,10,19,14
India,Maharashtra,Kolhapur,"Sinchan Bhavan, Kolhapur - MPCB","28-08-2026 22:00:00",16.7143745,74.2426398,PM10,19,36,28
India,Maharashtra,Mahad,"Kamble Tarf Birwadi, Mahad - MPCB","28-08-2026 22:00:00",18.1023399,73.4783687,PM2.5,12,52,29
India,Maharashtra,Mahad,"Kamble Tarf Birwadi, Mahad - MPCB","28-08-2026 22:00:00",18.1023399,73.4783687,NO2,3,24,10
India,Maharashtra,Aurangabad,"More Chowk Waluj, Aurangabad - MPCB","28-08-2026 22:00:00",19.8389439,75.244448,NO2,9,14,10
India,Maharashtra,Aurangabad,"More Chowk Waluj, Aurangabad - MPCB","28-08-2026 22:00:00",19.8389439,75.244448,NH3,7,8,7
India,Maharashtra,Aurangabad,"More Chowk Waluj, Aurangabad - MPCB","28-08-2026 22:00:00",19.8389439,75.244448,OZONE,12,18,14
India,Maharashtra,Badlapur,"Katrap, Badlapur - MPCB","28-08-2026 22:00:00",19.16485,73.23409,OZONE,1,6,3
India,Maharashtra,Beed,"Bir, Beed - MPCB","28-08-2026 22:00:00",18.988474,75.753873,PM2.5,9,33,22
India,Maharashtra,Chandrapur,"Chauhan Colony, Chandrapur - MPCB","28-08-2026 22:00:00",19.9629,79.298714,PM10,76,115,95
India,Maharashtra,Chandrapur,"Chauhan Colony, Chandrapur - MPCB","28-08-2026 22:00:00",19.9629,79.298714,NH3,1,1,1
India,Maharashtra,Dhule,"Deopur, Dhule - MPCB","28-08-2026 22:00:00",20.918946,74.776388,PM2.5,18,45,29
India,Maharashtra,Dhule,"Deopur, Dhule - MPCB","28-08-2026 22:00:00",20.918946,74.776388,NO2,4,20,8
India,Rajasthan,Nagaur,"Karni Colony, Nagaur - RSPCB","28-08-2026 22:00:00",27.213494,73.734444,NO2,3,6,4
India,Rajasthan,Pali,"Indira Colony Vistar, Pali - RSPCB","28-08-2026 22:00:00",25.771061,73.340227,CO,1,26,17
India,Rajasthan,Pratapgarh,"Pragati Nagar, Pratapgarh - RSPCB","28-08-2026 22:00:00",24.041198,74.780702,OZONE,39,56,48
India,Rajasthan,Rajsamand,"Dhoinda, Rajsamand - RSPCB","28-08-2026 22:00:00",25.03636,73.883502,OZONE,35,41,38
India,Rajasthan,"Sawai Madhopur","Sahu Nagar, Sawai Madhopur - RSPCB","28-08-2026 22:00:00",26.031443,76.359327,CO,9,17,12
India,Rajasthan,Sikar,"Radhakishan Pura, Sikar - RSPCB","28-08-2026 22:00:00",27.608912,75.153302,OZONE,26,40,35
India,Rajasthan,Sirohi,"Vedhaynath Colony, Sirohi - RSPCB","28-08-2026 22:00:00",24.885261,72.857549,PM2.5,22,40,30
India,Rajasthan,Sirohi,"Vedhaynath Colony, Sirohi - RSPCB","28-08-2026 22:00:00",24.885261,72.857549,NH3,4,5,4
India,Rajasthan,"Sri Ganganagar","Old City, Sri Ganganagar - RSPCB","28-08-2026 22:00:00",29.931624,73.864511,NH3,6,10,8
India,Rajasthan,"Sri Ganganagar","Old City, Sri Ganganagar - RSPCB","28-08-2026 22:00:00",29.931624,73.864511,CO,30,56,43
India,Rajasthan,Tonk,"Shastri Nagar, Tonk - RSPCB","28-08-2026 22:00:00",26.159933,75.780517,NO2,5,15,8
India,Rajasthan,Udaipur,"Ashok Nagar, Udaipur - RSPCB","28-08-2026 22:00:00",24.5886166,73.6321397,SO2,3,13,7
India,Rajasthan,Udaipur,"Ashok Nagar, Udaipur - RSPCB","28-08-2026 22:00:00",24.5886166,73.6321397,CO,23,62,42
India,Sikkim,Gangtok,"Zero Point GICI, Gangtok - SSPCB","28-08-2026 22:00:00",27.33853,88.614099,PM2.5,1,35,23
India,Sikkim,Gangtok,"Zero Point GICI, Gangtok - SSPCB","28-08-2026 22:00:00",27.33853,88.614099,NO2,7,8,8
India,Sikkim,Gangtok,"Zero Point GICI, Gangtok - SSPCB","28-08-2026 22:00:00",27.33853,88.614099,NH3,1,1,1
India,"Tamil Nadu",Chennai,"Kodungaiyur, Chennai - TNPCB","28-08-2026 22:00:00",13.1278,80.2642,PM2.5,22,76,40
India,"Tamil Nadu",Chennai,"Kodungaiyur, Chennai - TNPCB","28-08-2026 22:00:00",13.1278,80.2642,PM10,37,91,63
India,"Tamil Nadu",Chennai,"Kodungaiyur, Chennai - TNPCB","28-08-2026 22:00:00",13.1278,80.2642,OZONE,26,34,30
India,Punjab,Rupnagar,"Ratanpura, Rupnagar - Ambuja Cements","28-08-2026 22:00:00",31.0325454,76.5623046,CO,50,56,53
India,Rajasthan,Baran,"Bamboliya, Baran - RSPCB","28-08-2026 22:00:00",25.106006,76.469948,PM2.5,8,32,23
India,Rajasthan,Barmer,"Railway Colony, Barmer - RSPCB","28-08-2026 22:00:00",25.747299,71.393989,PM2.5,8,42,27
India,Rajasthan,Barmer,"Railway Colony, Barmer - RSPCB","28-08-2026 22:00:00",25.747299,71.393989,NO2,3,10,6
India,Rajasthan,Barmer,"Railway Colony, Barmer - RSPCB","28-08-2026 22:00:00",25.747299,71.393989,OZONE,33,63,52
India,Rajasthan,Bharatpur,"Krishna Nagar, Bharatpur - RSPCB","28-08-2026 22:00:00",27.215415,77.50873,SO2,3,5,4
India,Rajasthan,Bhilwara,"Pratap Nagar, Bhilwara - RSPCB","28-08-2026 22:00:00",25.339605,74.618883,NH3,4,7,6
India,Rajasthan,Bhiwadi,"RIICO Ind. Area III, Bhiwadi - RSPCB","28-08-2026 22:00:00",28.194909,76.862296,PM2.5,66,173,100
India,Rajasthan,Bhiwadi,"RIICO Ind. Area III, Bhiwadi - RSPCB","28-08-2026 22:00:00",28.194909,76.862296,PM10,111,236,144
India,Rajasthan,Bhiwadi,"RIICO Ind. Area III, Bhiwadi - RSPCB","28-08-2026 22:00:00",28.194909,76.862296,NH3,9,23,13
India,Rajasthan,Bhiwadi,"RIICO Ind. Area III, Bhiwadi - RSPCB","28-08-2026 22:00:00",28.194909,76.862296,OZONE,24,25,25
India,Rajasthan,Bhiwadi,"Vasundhara Nagar_UIT, Bhiwadi - RSPCB","28-08-2026 22:00:00",28.207266,76.829265,PM10,NA,NA,NA
India,Rajasthan,Bhiwadi,"Vasundhara Nagar_UIT, Bhiwadi - RSPCB","28-08-2026 22:00:00",28.207266,76.829265,SO2,NA,NA,NA
India,Rajasthan,Bikaner,"MM Ground, Bikaner - RSPCB","28-08-2026 22:00:00",28.018792,73.292658,NO2,5,19,9
India,Rajasthan,Bikaner,"MM Ground, Bikaner - RSPCB","28-08-2026 22:00:00",28.018792,73.292658,NH3,3,6,4
India,Rajasthan,Bundi,"New Colony, Bundi - RSPCB","28-08-2026 22:00:00",25.435774,75.644272,PM2.5,13,68,40
India,Rajasthan,Chittorgarh,"Shastri Nagar, Chittorgarh - RSPCB","28-08-2026 22:00:00",24.892047,74.623527,PM2.5,43,113,66
India,Rajasthan,Chittorgarh,"Shastri Nagar, Chittorgarh - RSPCB","28-08-2026 22:00:00",24.892047,74.623527,PM10,74,116,93
India,Rajasthan,Chittorgarh,"Shastri Nagar, Chittorgarh - RSPCB","28-08-2026 22:00:00",24.892047,74.623527,NH3,7,11,9
India,Rajasthan,Chittorgarh,"Shastri Nagar, Chittorgarh - RSPCB","28-08-2026 22:00:00",24.892047,74.623527,SO2,2,6,4
India,Rajasthan,Jhunjhunu,"Indra Nagar, Jhunjhunu - RSPCB","28-08-2026 22:00:00",28.108988,75.386577,PM10,71,117,96
India,Rajasthan,Jhunjhunu,"Indra Nagar, Jhunjhunu - RSPCB","28-08-2026 22:00:00",28.108988,75.386577,NO2,4,15,7
India,Rajasthan,Jhunjhunu,"Indra Nagar, Jhunjhunu - RSPCB","28-08-2026 22:00:00",28.108988,75.386577,CO,17,19,18
India,Rajasthan,Jodhpur,"Digari Kalan, Jodhpur - RSPCB","28-08-2026 22:00:00",26.29581,73.082283,NH3,3,4,3
India,Rajasthan,Jodhpur,"Digari Kalan, Jodhpur - RSPCB","28-08-2026 22:00:00",26.29581,73.082283,SO2,5,7,6
India,Rajasthan,Jodhpur,"Digari Kalan, Jodhpur - RSPCB","28-08-2026 22:00:00",26.29581,73.082283,OZONE,38,56,48
India,Rajasthan,Jodhpur,"Jhalamand, Jodhpur - RSPCB","28-08-2026 22:00:00",26.215415,73.070156,PM2.5,10,37,23
India,Rajasthan,Jodhpur,"Jhalamand, Jodhpur - RSPCB","28-08-2026 22:00:00",26.215415,73.070156,PM10,48,88,64
India,Rajasthan,Jodhpur,"Jhalamand, Jodhpur - RSPCB","28-08-2026 22:00:00",26.215415,73.070156,NH3,3,4,3
India,Rajasthan,Jodhpur,"Mandor, Jodhpur - RSPCB","28-08-2026 22:00:00",26.358805,73.047444,NO2,3,11,5
India,Rajasthan,Jodhpur,"Mandor, Jodhpur - RSPCB","28-08-2026 22:00:00",26.358805,73.047444,OZONE,40,75,65
India,Rajasthan,Jodhpur,"Samrat Ashok Udhyan, Jodhpur - RSPCB","28-08-2026 22:00:00",26.253384,72.976571,SO2,2,6,3
India,Rajasthan,Karauli,"Satyawati Vihar, Karauli - RSPCB","28-08-2026 22:00:00",26.506177,77.025989,NO2,30,56,46
India,Rajasthan,Karauli,"Satyawati Vihar, Karauli - RSPCB","28-08-2026 22:00:00",26.506177,77.025989,SO2,0,6,2
India,Rajasthan,Karauli,"Satyawati Vihar, Karauli - RSPCB","28-08-2026 22:00:00",26.506177,77.025989,OZONE,0,3,1
India,Rajasthan,Kota,"Nayapura, Kota - RSPCB","28-08-2026 22:00:00",25.196024,75.855668,PM10,78,135,103
India,Rajasthan,Kota,"Dhanmandi, Kota - RSPCB","28-08-2026 22:00:00",25.16409,75.858137,SO2,2,37,9
India,Rajasthan,Kota,"Dhanmandi, Kota - RSPCB","28-08-2026 22:00:00",25.16409,75.858137,OZONE,40,62,48
India,Rajasthan,Kota,"Shrinath Puram, Kota - RSPCB","28-08-2026 22:00:00",25.14389,75.821256,NO2,2,14,8
India,Rajasthan,Kota,"Shrinath Puram, Kota - RSPCB","28-08-2026 22:00:00",25.14389,75.821256,SO2,5,7,6
India,Rajasthan,Kota,"Shrinath Puram, Kota - RSPCB","28-08-2026 22:00:00",25.14389,75.821256,OZONE,9,13,11
India,Odisha,Baripada,"Meher Colony, Baripada - OSPCB","28-08-2026 22:00:00",21.941841,86.728318,OZONE,43,59,54
India,Odisha,Bhubaneswar,"Patia, Bhubaneswar - OSPCB","28-08-2026 22:00:00",20.34652,85.8163,NO2,3,12,8
India,Odisha,Bhubaneswar,"Lingraj Mandir, Bhubaneswar - OSPCB","28-08-2026 22:00:00",20.24079,85.836784,PM2.5,17,188,50
India,Odisha,Bhubaneswar,"Lingraj Mandir, Bhubaneswar - OSPCB","28-08-2026 22:00:00",20.24079,85.836784,NO2,8,20,14
India,Odisha,Bhubaneswar,"Lingraj Mandir, Bhubaneswar - OSPCB","28-08-2026 22:00:00",20.24079,85.836784,CO,33,39,35
India,Odisha,Bhubaneswar,"Lingraj Mandir, Bhubaneswar - OSPCB","28-08-2026 22:00:00",20.24079,85.836784,OZONE,3,13,9
India,Odisha,Brajrajnagar,"GM Office, Brajrajnagar - OSPCB","28-08-2026 22:00:00",21.8004996,83.8396977,PM2.5,11,40,26
India,Odisha,Byasanagar,"Ferro Chrome Colony, Byasanagar - OSPCB","28-08-2026 22:00:00",20.94185,86.1151,CO,40,48,43
India,Odisha,Cuttack,"CDA Area, Cuttack - OSPCB","28-08-2026 22:00:00",20.48891,85.84768,PM2.5,22,63,44
India,Odisha,Nayagarh,"Dabuna, Nayagarh - OSPCB","28-08-2026 22:00:00",21.847279,85.416905,PM2.5,37,81,50
India,Odisha,Nayagarh,"Dabuna, Nayagarh - OSPCB","28-08-2026 22:00:00",21.847279,85.416905,NO2,6,7,7
India,Odisha,Rairangpur,"Divisional Forest Office, Rairangpur - OSPCB","28-08-2026 22:00:00",22.265816,86.174829,OZONE,8,17,12
India,Odisha,Rourkela,"Sector-2, Rourkela - OSPCB","28-08-2026 22:00:00",22.245,84.88111111,PM2.5,33,33,33
India,Odisha,Rourkela,"Sector-2, Rourkela - OSPCB","28-08-2026 22:00:00",22.245,84.88111111,NH3,NA,NA,NA
India,Odisha,Rourkela,"Sector-2, Rourkela - OSPCB","28-08-2026 22:00:00",22.245,84.88111111,SO2,NA,NA,NA
India,Odisha,Rourkela,"Raghunathpali, Rourkela - OSPCB","28-08-2026 22:00:00",22.220833,84.809444,NO2,10,10,10
India,Odisha,Rourkela,"Raghunathpali, Rourkela - OSPCB","28-08-2026 22:00:00",22.220833,84.809444,OZONE,7,17,11
India,Odisha,Rourkela,"Fertilizer Township, Rourkela - OSPCB","28-08-2026 22:00:00",22.18972222,84.86277778,CO,20,20,20
India,Odisha,Talcher,"Talcher Coalfields,Talcher - OSPCB","28-08-2026 22:00:00",20.9360711,85.1707021,NO2,12,80,62
India,Odisha,Talcher,"Talcher Coalfields,Talcher - OSPCB","28-08-2026 22:00:00",20.9360711,85.1707021,CO,17,26,23
India,Puducherry,Puducherry,"Jawahar Nagar, Puducherry - PPCC","28-08-2026 22:00:00",11.9309,79.8027,NH3,1,6,3
India,Puducherry,Puducherry,"Jawahar Nagar, Puducherry - PPCC","28-08-2026 22:00:00",11.9309,79.8027,CO,8,17,12
India,Punjab,Amritsar,"Golden Temple, Amritsar - PPCB","28-08-2026 22:00:00",31.62,74.876512,PM10,91,119,103
India,Punjab,Bathinda,"Hardev Nagar, Bathinda - PPCB","28-08-2026 22:00:00",30.233011,74.907758,SO2,9,24,15
India,Punjab,Jalandhar,"Civil Line, Jalandhar - PPCB","28-08-2026 22:00:00",31.321907,75.578914,PM2.5,26,83,53
India,Punjab,Jalandhar,"Civil Line, Jalandhar - PPCB","28-08-2026 22:00:00",31.321907,75.578914,NH3,2,2,2
India,Punjab,Jalandhar,"Civil Line, Jalandhar - PPCB","28-08-2026 22:00:00",31.321907,75.578914,SO2,18,19,19
India,Punjab,"Mandi Gobindgarh","RIMT University, Mandi Gobindgarh - PPCB","28-08-2026 22:00:00",30.649961,76.331442,PM2.5,35,117,62
India,Punjab,"Mandi Gobindgarh","RIMT University, Mandi Gobindgarh - PPCB","28-08-2026 22:00:00",30.649961,76.331442,NH3,5,5,5
India,Punjab,Patiala,"Model Town, Patiala - PPCB","28-08-2026 22:00:00",30.349388,76.366642,NH3,3,9,5
India,Punjab,Patiala,"Model Town, Patiala - PPCB","28-08-2026 22:00:00",30.349388,76.366642,CO,21,46,34
India,Punjab,Rupnagar,"Ratanpura, Rupnagar - Ambuja Cements","28-08-2026 22:00:00",31.0325454,76.5623046,PM2.5,8,126,27
India,Punjab,Rupnagar,"Ratanpura, Rupnagar - Ambuja Cements","28-08-2026 22:00:00",31.0325454,76.5623046,PM10,9,117,29
India,Maharashtra,"Navi Mumbai","Mahape, Navi Mumbai - MPCB","28-08-2026 22:00:00",19.1135051,73.008978,NH3,1,1,1
India,Maharashtra,"Navi Mumbai","Nerul, Navi Mumbai - MPCB","28-08-2026 22:00:00",19.008751,73.01662,PM2.5,13,29,21
India,Maharashtra,Parbhani,"Masoom Colony, Parbhani - MPCB","28-08-2026 22:00:00",19.265594,76.761463,NO2,1,16,7
India,Maharashtra,Parbhani,"Masoom Colony, Parbhani - MPCB","28-08-2026 22:00:00",19.265594,76.761463,CO,8,15,12
India,Maharashtra,Pimpri-Chinchwad,"Gavalinagar, Pimpri Chinchwad - MPCB","28-08-2026 22:00:00",18.63673,73.82487,PM2.5,22,42,31
India,Maharashtra,Pimpri-Chinchwad,"Gavalinagar, Pimpri Chinchwad - MPCB","28-08-2026 22:00:00",18.63673,73.82487,NH3,1,3,2
India,Maharashtra,Pimpri-Chinchwad,"Bhosari, Pune - IITM","28-08-2026 22:00:00",18.640051,73.848956,NH3,NA,NA,NA
India,Maharashtra,Pimpri-Chinchwad,"Bhumkar Nagar, Pune - IITM","28-08-2026 22:00:00",18.60577,73.749976,NH3,NA,NA,NA
India,Maharashtra,Pimpri-Chinchwad,"Bhumkar Nagar, Pune - IITM","28-08-2026 22:00:00",18.60577,73.749976,CO,NA,NA,NA
India,Maharashtra,Pimpri-Chinchwad,"Thergaon, Pimpri Chinchwad - MPCB","28-08-2026 22:00:00",18.616318,73.765797,NO2,4,13,8
India,Maharashtra,Pimpri-Chinchwad,"Thergaon, Pimpri Chinchwad - MPCB","28-08-2026 22:00:00",18.616318,73.765797,NH3,3,5,4
India,Maharashtra,Pimpri-Chinchwad,"Transport Nagar-Nigdi, Pune - IITM","28-08-2026 22:00:00",18.664282,73.763966,PM10,42,80,59
India,Maharashtra,Pimpri-Chinchwad,"Transport Nagar-Nigdi, Pune - IITM","28-08-2026 22:00:00",18.664282,73.763966,NO2,27,41,35
India,Maharashtra,Pimpri-Chinchwad,"Transport Nagar-Nigdi, Pune - IITM","28-08-2026 22:00:00",18.664282,73.763966,SO2,NA,NA,NA
India,Maharashtra,Pimpri-Chinchwad,"Transport Nagar-Nigdi, Pune - IITM","28-08-2026 22:00:00",18.664282,73.763966,CO,36,50,43
India,Maharashtra,Pimpri-Chinchwad,"Savta Mali Nagar, Pimpri-Chinchwad - IITM","28-08-2026 22:00:00",18.614767,73.799516,PM2.5,15,54,26
India,Maharashtra,Pimpri-Chinchwad,"Savta Mali Nagar, Pimpri-Chinchwad - IITM","28-08-2026 22:00:00",18.614767,73.799516,NH3,NA,NA,NA
India,Maharashtra,Pimpri-Chinchwad,"Savta Mali Nagar, Pimpri-Chinchwad - IITM","28-08-2026 22:00:00",18.614767,73.799516,CO,28,43,36
India,Rajasthan,Churu,"Subash Chowk, Churu - RSPCB","28-08-2026 22:00:00",28.296139,74.961696,OZONE,31,39,35
India,Rajasthan,Dausa,"Khatikan Mohalla, Dausa - RSPCB","28-08-2026 22:00:00",26.895552,76.334753,NO2,8,44,18
India,Rajasthan,Dausa,"Khatikan Mohalla, Dausa - RSPCB","28-08-2026 22:00:00",26.895552,76.334753,CO,50,93,69
India,Rajasthan,Dholpur,"Raja Ganj, Dholpur - RSPCB","28-08-2026 22:00:00",26.699557,77.898881,PM2.5,43,98,64
India,Rajasthan,Dholpur,"Raja Ganj, Dholpur - RSPCB","28-08-2026 22:00:00",26.699557,77.898881,NO2,3,25,8
India,Rajasthan,Hanumangarh,"Housing Board, Hanumangarh - RSPCB","28-08-2026 22:00:00",29.61075,74.283608,NO2,5,15,9
India,Rajasthan,Jaipur,"Mansarovar Sector-12, Jaipur - RSPCB","28-08-2026 22:00:00",26.843698,75.766894,PM2.5,22,62,41
India,Rajasthan,Jaipur,"Mansarovar Sector-12, Jaipur - RSPCB","28-08-2026 22:00:00",26.843698,75.766894,CO,10,39,22
India,Rajasthan,Jaipur,"Sector-2 Murlipura, Jaipur - RSPCB","28-08-2026 22:00:00",26.960669,75.771817,PM2.5,45,90,59
India,Rajasthan,Jaipur,"Police Commissionerate, Jaipur - RSPCB","28-08-2026 22:00:00",26.9164092,75.7994901,NH3,16,22,18
India,Rajasthan,Jaipur,"RIICO Sitapura, Jaipur - RSPCB","28-08-2026 22:00:00",26.786682,75.827928,NO2,11,117,29
India,Rajasthan,Jaipur,"Adarsh Nagar, Jaipur - RSPCB","28-08-2026 22:00:00",26.902909,75.836858,PM10,90,138,104
India,Rajasthan,Jaisalmer,"Sadar Bazar, Jaisalmer - RSPCB","28-08-2026 22:00:00",26.912329,70.909168,PM10,63,133,101
India,Maharashtra,Pune,"Katraj Dairy, Pune - MPCB","28-08-2026 22:00:00",18.45445,73.854155,NH3,1,1,1
India,Maharashtra,Pune,"Hadapsar, Pune - IITM","28-08-2026 22:00:00",18.501793,73.927532,SO2,NA,NA,NA
India,Maharashtra,Pune,"Revenue Colony-Shivajinagar, Pune - IITM","28-08-2026 22:00:00",18.530085,73.849598,PM10,53,115,78
India,Maharashtra,Pune,"Dhankawadi, Pune - IITM","28-08-2026 22:00:00",18.459883,73.852193,PM2.5,11,47,24
India,Maharashtra,Pune,"Dhankawadi, Pune - IITM","28-08-2026 22:00:00",18.459883,73.852193,NO2,11,17,14
India,Maharashtra,Pune,"Dhankawadi, Pune - IITM","28-08-2026 22:00:00",18.459883,73.852193,NH3,NA,NA,NA
India,Maharashtra,Sangli,"Vijay Nagar, Sangli - MPCB","28-08-2026 22:00:00",16.5038,74.3623,PM10,NA,NA,NA
India,Maharashtra,Satara,"Koyana Nagar, Satara - MPCB","28-08-2026 22:00:00",17.696651,74.003387,PM2.5,3,100,27
India,Maharashtra,Satara,"Koyana Nagar, Satara - MPCB","28-08-2026 22:00:00",17.696651,74.003387,SO2,4,7,5
India,Maharashtra,Solapur,"Dnyaneshwar Nagar, Solapur - MPCB","28-08-2026 22:00:00",17.6336264,75.9132495,PM10,27,52,38
India,Maharashtra,Solapur,"Dnyaneshwar Nagar, Solapur - MPCB","28-08-2026 22:00:00",17.6336264,75.9132495,OZONE,10,20,15
India,Maharashtra,Solapur,"Ratandeep Housing Society, Solapur - MPCB","28-08-2026 22:00:00",17.65439,75.90649,PM10,30,53,41
India,Maharashtra,Solapur,"Ratandeep Housing Society, Solapur - MPCB","28-08-2026 22:00:00",17.65439,75.90649,OZONE,11,100,34
India,Maharashtra,Thane,"Upvan Fort, Thane - MPCB","28-08-2026 22:00:00",19.222279,72.957979,PM10,23,40,30
India,Maharashtra,Thane,"Upvan Fort, Thane - MPCB","28-08-2026 22:00:00",19.222279,72.957979,OZONE,10,15,13
India,Maharashtra,Thane,"Kasarvadavali, Thane - MPCB","28-08-2026 22:00:00",19.26777,72.97182,PM10,32,66,46
India,Maharashtra,Thane,"Kasarvadavali, Thane - MPCB","28-08-2026 22:00:00",19.26777,72.97182,SO2,7,9,8
India,Maharashtra,Thane,"Kasarvadavali, Thane - MPCB","28-08-2026 22:00:00",19.26777,72.97182,OZONE,9,14,11
India,Maharashtra,Virar,"Bolinj, Virar - MPCB","28-08-2026 22:00:00",19.445821,72.7988231,NO2,5,10,8
India,Meghalaya,Shillong,"JN Stadium, Shillong - Meghalaya PCB","28-08-2026 22:00:00",25.5803419,91.8942571,PM10,10,29,18
India,Mizoram,Aizawl,"Sikulpuikawn, Aizawl - Mizoram PCB","28-08-2026 22:00:00",23.7176342,92.7192841,CO,3,3,3
India,Odisha,Angul,"Hakimapada, Angul - OSPCB","28-08-2026 22:00:00",20.832874,85.104082,PM10,36,77,56
India,Odisha,Balasore,"Kalidaspur, Balasore - OSPCB","28-08-2026 22:00:00",21.51161,86.89088,NO2,3,28,10
India,Odisha,Barbil,"Forest Office, Barbil - OSPCB","28-08-2026 22:00:00",22.1166054,85.3945546,NH3,2,2,2
India,Odisha,Barbil,"Forest Office, Barbil - OSPCB","28-08-2026 22:00:00",22.1166054,85.3945546,CO,9,14,11
India,"Uttar Pradesh",Khurja,"Kalindi Kunj, Khurja - UPPCB","28-08-2026 22:00:00",28.2348927,77.8683002,CO,28,61,43
India,"Uttar Pradesh",Khurja,"Kalindi Kunj, Khurja - UPPCB","28-08-2026 22:00:00",28.2348927,77.8683002,OZONE,13,14,13
India,"Uttar Pradesh",Lucknow,"Talkatora District Industries Center, Lucknow - CPCB","28-08-2026 22:00:00",26.83399722,80.8917361,SO2,0,31,9
India,"Uttar Pradesh",Lucknow,"Kendriya Vidyalaya, Lucknow - CPCB","28-08-2026 22:00:00",26.906111,80.948222,OZONE,45,51,47
India,"Uttar Pradesh",Lucknow,"Gomti Nagar, Lucknow - UPPCB","28-08-2026 22:00:00",26.86812,81.005119,PM2.5,4,73,25
India,"Uttar Pradesh",Lucknow,"B R Ambedkar University, Lucknow - UPPCB","28-08-2026 22:00:00",26.766433,80.927299,NO2,11,12,12
India,"Uttar Pradesh",Lucknow,"Lalbagh, Lucknow - CPCB","28-08-2026 22:00:00",26.8458805,80.9365541,CO,10,69,29
India,"Uttar Pradesh",Lucknow,"Lalbagh, Lucknow - CPCB","28-08-2026 22:00:00",26.8458805,80.9365541,OZONE,23,36,31
India,"Uttar Pradesh",Lucknow,"Kukrail Picnic Spot-1, Lucknow - UPPCB","28-08-2026 22:00:00",26.90723,80.98579,PM10,25,80,39
India,"Uttar Pradesh",Lucknow,"Kukrail Picnic Spot-1, Lucknow - UPPCB","28-08-2026 22:00:00",26.90723,80.98579,SO2,29,31,29
India,"Uttar Pradesh",Lucknow,"Kukrail Picnic Spot-1, Lucknow - UPPCB","28-08-2026 22:00:00",26.90723,80.98579,CO,13,16,15
India,"Uttar Pradesh",Mathura,"Pali Dungra, Mathura - UPPCB","28-08-2026 22:00:00",27.410954,77.550619,NO2,3,6,4
India,"Uttar Pradesh",Mathura,"Pali Dungra, Mathura - UPPCB","28-08-2026 22:00:00",27.410954,77.550619,OZONE,5,10,8
India,"Uttar Pradesh",Meerut,"MIET College, Meerut - UPPCB","28-08-2026 22:00:00",28.972677,77.641018,PM10,94,138,116
India,"Uttar Pradesh",Meerut,"Pallavpuram Phase 2, Meerut - UPPCB","28-08-2026 22:00:00",29.06351,77.709723,NO2,18,47,27
India,"Uttar Pradesh",Meerut,"Pallavpuram Phase 2, Meerut - UPPCB","28-08-2026 22:00:00",29.06351,77.709723,NH3,6,8,7
India,"Uttar Pradesh",Modinagar,"SRM University, Modinagar - UPPCB","28-08-2026 22:00:00",28.798171,77.540243,NH3,3,3,3
India,"Uttar Pradesh",Bareilly,"Civil Lines, Bareilly - UPPCB","28-08-2026 22:00:00",28.359581,79.414455,NH3,0,0,0
India,"Uttar Pradesh","Fatehpur Sikri","Dadupura, Fatehpur Sikri - UPPCB","28-08-2026 22:00:00",27.097694,77.671335,NO2,7,8,7
India,"Uttar Pradesh",Firozabad,"Vibhab Nagar, Firozabad - UPPCB","28-08-2026 22:00:00",27.1594,78.3953,PM2.5,16,39,29
India,"Uttar Pradesh",Firozabad,"Vibhab Nagar, Firozabad - UPPCB","28-08-2026 22:00:00",27.1594,78.3953,PM10,24,57,41
India,"Uttar Pradesh",Firozabad,"Vibhab Nagar, Firozabad - UPPCB","28-08-2026 22:00:00",27.1594,78.3953,NO2,14,15,15
India,"Uttar Pradesh",Firozabad,"Vibhab Nagar, Firozabad - UPPCB","28-08-2026 22:00:00",27.1594,78.3953,NH3,6,7,7
India,"Uttar Pradesh",Firozabad,"Vibhab Nagar, Firozabad - UPPCB","28-08-2026 22:00:00",27.1594,78.3953,OZONE,1,1,1
India,"Uttar Pradesh",Gajraula,"Rajanpur, Gajraula - UPPCB","28-08-2026 22:00:00",28.829109,78.248796,PM2.5,47,162,86
India,"Uttar Pradesh",Gajraula,"Rajanpur, Gajraula - UPPCB","28-08-2026 22:00:00",28.829109,78.248796,PM10,56,164,104
India,"Uttar Pradesh",Gajraula,"Rajanpur, Gajraula - UPPCB","28-08-2026 22:00:00",28.829109,78.248796,SO2,10,13,12
India,"Uttar Pradesh",Ghaziabad,"Ved Vihar-Loni, Ghaziabad - UPPCB","28-08-2026 22:00:00",28.739153,77.273668,PM10,101,157,122
India,"Uttar Pradesh",Ghaziabad,"Ved Vihar-Loni, Ghaziabad - UPPCB","28-08-2026 22:00:00",28.739153,77.273668,SO2,5,7,6
India,"Uttar Pradesh",Ghaziabad,"Ved Vihar-Loni, Ghaziabad - UPPCB","28-08-2026 22:00:00",28.739153,77.273668,CO,79,112,94
India,"Uttar Pradesh",Ghaziabad,"Sanjay Nagar, Ghaziabad - UPPCB","28-08-2026 22:00:00",28.685382,77.453839,PM2.5,28,136,62
India,"Uttar Pradesh",Ghaziabad,"Sanjay Nagar, Ghaziabad - UPPCB","28-08-2026 22:00:00",28.685382,77.453839,NH3,10,12,11
India,"Uttar Pradesh",Ghaziabad,"Indirapuram, Ghaziabad - UPPCB","28-08-2026 22:00:00",28.646233,77.358075,CO,21,26,22
India,"Uttar Pradesh",Ghaziabad,"Indirapuram, Ghaziabad - UPPCB","28-08-2026 22:00:00",28.646233,77.358075,OZONE,21,35,29
India,"Uttar Pradesh",Ghaziabad,"Vasundhara, Ghaziabad - UPPCB","28-08-2026 22:00:00",28.6603346,77.3572563,PM2.5,40,245,99
India,"Uttar Pradesh",Ghaziabad,"Vasundhara, Ghaziabad - UPPCB","28-08-2026 22:00:00",28.6603346,77.3572563,OZONE,16,21,19
India,"Tamil Nadu",Chennai,"Velachery Res. Area, Chennai - CPCB","28-08-2026 22:00:00",13.0052189,80.2398125,PM10,85,103,95
India,"Tamil Nadu",Chennai,"Velachery Res. Area, Chennai - CPCB","28-08-2026 22:00:00",13.0052189,80.2398125,SO2,5,6,5
India,"Tamil Nadu",Chennai,"Perungudi, Chennai - TNPCB","28-08-2026 22:00:00",12.9533,80.2357,PM10,38,97,67
India,"Tamil Nadu",Chennai,"Manali Village, Chennai - TNPCB","28-08-2026 22:00:00",13.1662,80.2584,OZONE,24,182,68
India,"Tamil Nadu",Chennai,"Manali, Chennai - CPCB","28-08-2026 22:00:00",13.164544,80.26285,PM2.5,NA,NA,NA
India,"Tamil Nadu",Chennai,"Manali, Chennai - CPCB","28-08-2026 22:00:00",13.164544,80.26285,PM10,NA,NA,NA
India,"Tamil Nadu",Chennai,"Manali, Chennai - CPCB","28-08-2026 22:00:00",13.164544,80.26285,CO,14,39,23
India,"Tamil Nadu",Chennai,"Royapuram, Chennai - TNPCB","28-08-2026 22:00:00",13.1036,80.2909,NH3,4,4,4
India,"Tamil Nadu",Chennai,"Royapuram, Chennai - TNPCB","28-08-2026 22:00:00",13.1036,80.2909,SO2,5,6,5
India,"Tamil Nadu",Coimbatore,"SIDCO Kurichi, Coimbatore - TNPCB","28-08-2026 22:00:00",10.942451,76.978996,PM2.5,NA,NA,NA
India,"Tamil Nadu",Coimbatore,"SIDCO Kurichi, Coimbatore - TNPCB","28-08-2026 22:00:00",10.942451,76.978996,PM10,NA,NA,NA
India,"Tamil Nadu",Gummidipoondi,"Anthoni Pillai Nagar, Gummidipoondi - TNPCB","28-08-2026 22:00:00",13.4127,80.1081,PM2.5,31,305,125
India,"Tamil Nadu",Gummidipoondi,"Anthoni Pillai Nagar, Gummidipoondi - TNPCB","28-08-2026 22:00:00",13.4127,80.1081,SO2,1,61,21
India,"Tamil Nadu",Gummidipoondi,"Anthoni Pillai Nagar, Gummidipoondi - TNPCB","28-08-2026 22:00:00",13.4127,80.1081,OZONE,NA,NA,NA
India,Telangana,Hyderabad,"Bollaram Industrial Area, Hyderabad - TSPCB","28-08-2026 22:00:00",17.518,78.383,NH3,4,6,5
India,Telangana,Hyderabad,"Zoo Park, Hyderabad - TSPCB","28-08-2026 22:00:00",17.349694,78.451437,PM2.5,10,37,23
India,Telangana,Hyderabad,"ICRISAT Patancheru, Hyderabad - TSPCB","28-08-2026 22:00:00",17.5184,78.278777,SO2,6,11,8
India,Tripura,Agartala,"Bardowali, Agartala - Tripura SPCB","28-08-2026 22:00:00",23.8175497,91.2726974,PM2.5,19,70,43
India,Tripura,Agartala,"Bardowali, Agartala - Tripura SPCB","28-08-2026 22:00:00",23.8175497,91.2726974,NO2,13,13,13
India,"Uttar Pradesh",Agra,"Rohta, Agra - UPPCB","28-08-2026 22:00:00",27.106972,78.000111,SO2,11,14,12
India,"Uttar Pradesh",Agra,"Sector-3B Avas Vikas Colony, Agra - UPPCB","28-08-2026 22:00:00",27.19412,77.96237,PM2.5,52,176,83
India,"Uttar Pradesh",Agra,"Shahjahan Garden, Agra - UPPCB","28-08-2026 22:00:00",27.169338,78.03582,PM10,30,51,42
India,"Uttar Pradesh",Agra,"Shahjahan Garden, Agra - UPPCB","28-08-2026 22:00:00",27.169338,78.03582,OZONE,1,4,3
India,"Uttar Pradesh",Agra,"Manoharpur, Agra - UPPCB","28-08-2026 22:00:00",27.23711,78.01936,NH3,2,2,2
India,"Uttar Pradesh",Agra,"Manoharpur, Agra - UPPCB","28-08-2026 22:00:00",27.23711,78.01936,SO2,13,18,16
India,"Uttar Pradesh",Agra,"Sanjay Palace, Agra - UPPCB","28-08-2026 22:00:00",27.19865833,78.00598056,NO2,11,19,14
India,"Uttar Pradesh",Baghpat,"Sardar Patel Inter College, Baghpat - UPPCB","28-08-2026 22:00:00",28.964949,77.278761,PM10,80,172,114
India,"Uttar Pradesh",Baghpat,"Sardar Patel Inter College, Baghpat - UPPCB","28-08-2026 22:00:00",28.964949,77.278761,OZONE,14,50,37
India,"Uttar Pradesh",Baraut,"Nagar Palika Parishad, Baraut - UPPCB","28-08-2026 22:00:00",29.09956,77.26235,PM10,NA,NA,NA
India,"Uttar Pradesh",Noida,"Sector-116, Noida - UPPCB","28-08-2026 22:00:00",28.56923,77.393848,SO2,11,14,12
India,"Uttar Pradesh",Prayagraj,"Nagar Nigam, Prayagraj - UPPCB","28-08-2026 22:00:00",25.44919916,81.82735986,PM10,9,347,51
India,"Uttar Pradesh",Prayagraj,"Jhunsi, Prayagraj - UPPCB","28-08-2026 22:00:00",25.425602,81.917152,CO,10,17,14
India,"Uttar Pradesh",Raebareli,"Anand Nagar, Raebareli - UPPCB","28-08-2026 22:00:00",26.219512,81.237648,PM2.5,24,42,35
India,"Uttar Pradesh",Raebareli,"Anand Nagar, Raebareli - UPPCB","28-08-2026 22:00:00",26.219512,81.237648,OZONE,53,70,66
India,"Uttar Pradesh",Raebareli," Indira Nagar, Raebareli - NTPC Unchahar","28-08-2026 22:00:00",26.207781,81.245571,NO2,16,35,23
India,"Uttar Pradesh",Raebareli," Indira Nagar, Raebareli - NTPC Unchahar","28-08-2026 22:00:00",26.207781,81.245571,NH3,8,15,11
India,"Uttar Pradesh",Shamli,"New Tehsil, Shamli - UPPCB","28-08-2026 22:00:00",29.4603683,77.3410291,NO2,9,12,10
India,"Uttar Pradesh",Shamli,"New Tehsil, Shamli - UPPCB","28-08-2026 22:00:00",29.4603683,77.3410291,NH3,1,1,1
India,"Uttar Pradesh",Shamli,"New Tehsil, Shamli - UPPCB","28-08-2026 22:00:00",29.4603683,77.3410291,CO,11,108,43
India,"Uttar Pradesh",Varanasi,"Bhelupur, Varanasi - UPPCB","28-08-2026 22:00:00",25.301778,82.996789,NH3,1,1,1
India,"Uttar Pradesh",Varanasi,"Bhelupur, Varanasi - UPPCB","28-08-2026 22:00:00",25.301778,82.996789,CO,9,13,11
India,"Uttar Pradesh",Varanasi,"Ardhali Bazar, Varanasi - UPPCB","28-08-2026 22:00:00",25.3505986,82.9083074,NO2,20,23,22
India,"Uttar Pradesh",Varanasi,"Ardhali Bazar, Varanasi - UPPCB","28-08-2026 22:00:00",25.3505986,82.9083074,CO,14,14,14
India,"Uttar Pradesh",Varanasi,"Ardhali Bazar, Varanasi - UPPCB","28-08-2026 22:00:00",25.3505986,82.9083074,OZONE,4,18,13
India,"Uttar Pradesh",Modinagar,"SRM University, Modinagar - UPPCB","28-08-2026 22:00:00",28.798171,77.540243,CO,14,30,18
India,"Uttar Pradesh",Moradabad,"Eco Herbal Park, Moradabad - UPPCB","28-08-2026 22:00:00",28.840739,78.697531,PM10,18,111,63
India,"Uttar Pradesh",Moradabad,"Eco Herbal Park, Moradabad - UPPCB","28-08-2026 22:00:00",28.840739,78.697531,CO,12,19,16
India,"Uttar Pradesh",Moradabad,"Eco Herbal Park, Moradabad - UPPCB","28-08-2026 22:00:00",28.840739,78.697531,OZONE,16,34,25
India,"Uttar Pradesh",Moradabad,"Buddhi Vihar, Moradabad - UPPCB","28-08-2026 22:00:00",28.83526,78.7446,PM10,22,119,72
India,"Uttar Pradesh",Moradabad,"Transport Nagar, Moradabad - UPPCB","28-08-2026 22:00:00",28.802625,78.753728,OZONE,72,164,102
India,"Uttar Pradesh",Moradabad,"Kashiram Nagar, Moradabad - UPPCB","28-08-2026 22:00:00",28.849399,78.742362,OZONE,15,36,21
India,"Uttar Pradesh",Muzaffarnagar,"New Mandi, Muzaffarnagar - UPPCB","28-08-2026 22:00:00",29.4723508,77.7194031,NH3,2,3,2
India,"Uttar Pradesh",Noida,"Sector - 125, Noida - UPPCB","28-08-2026 22:00:00",28.5447608,77.3231257,PM10,88,400,149
India,"Uttar Pradesh",Noida,"Sector - 125, Noida - UPPCB","28-08-2026 22:00:00",28.5447608,77.3231257,SO2,5,9,6
India,"Uttar Pradesh",Noida,"Sector - 62, Noida - IITM","28-08-2026 22:00:00",28.6245479,77.3577104,NO2,2,110,51
India,"Uttar Pradesh",Noida,"Sector-1, Noida - UPPCB","28-08-2026 22:00:00",28.5898,77.3101,CO,43,96,71
India,"Uttar Pradesh",Ghaziabad,"Loni, Ghaziabad - UPPCB","28-08-2026 22:00:00",28.757294,77.278792,OZONE,7,29,21
India,"Uttar Pradesh",Ghaziabad,"Govindpuram, Ghaziabad - UPPCB","28-08-2026 22:00:00",28.694528,77.494705,PM2.5,17,40,30
India,"Uttar Pradesh",Ghaziabad,"Govindpuram, Ghaziabad - UPPCB","28-08-2026 22:00:00",28.694528,77.494705,NH3,0,2,1
India,"Uttar Pradesh",Gorakhpur,"Madan Mohan Malaviya University of Technology, Gorakhpur - UPPCB","28-08-2026 22:00:00",26.730136,83.433859,SO2,47,48,48
India,"Uttar Pradesh","Greater Noida","Knowledge Park - III, Greater Noida - UPPCB","28-08-2026 22:00:00",28.47272,77.482,NH3,7,11,9
India,"Uttar Pradesh",Hapur,"Anand Vihar, Hapur - UPPCB","28-08-2026 22:00:00",28.725645,77.749675,SO2,8,17,10
India,"Uttar Pradesh",Jhansi,"Shivaji Nagar, Jhansi - UPPCB","28-08-2026 22:00:00",25.4547,78.6039,SO2,23,29,25
India,"Uttar Pradesh",Kanpur,"FTI Kidwai Nagar, Kanpur - UPPCB","28-08-2026 22:00:00",26.428282,80.327067,PM2.5,19,161,43
India,"Uttar Pradesh",Kanpur,"NSI Kalyanpur, Kanpur - UPPCB","28-08-2026 22:00:00",26.509954,80.249612,PM2.5,19,99,45
India,"Uttar Pradesh",Kanpur,"NSI Kalyanpur, Kanpur - UPPCB","28-08-2026 22:00:00",26.509954,80.249612,PM10,32,107,59
India,"Uttar Pradesh",Kanpur,"NSI Kalyanpur, Kanpur - UPPCB","28-08-2026 22:00:00",26.509954,80.249612,NO2,31,32,31
India,"Uttar Pradesh",Kanpur,"NSI Kalyanpur, Kanpur - UPPCB","28-08-2026 22:00:00",26.509954,80.249612,SO2,23,24,24
India,Telangana,Hyderabad,"Zoo Park, Hyderabad - TSPCB","28-08-2026 22:00:00",17.349694,78.451437,OZONE,4,5,4
India,Telangana,Hyderabad,"Central University, Hyderabad - TSPCB","28-08-2026 22:00:00",17.460103,78.334361,PM10,9,32,19
India,Telangana,Hyderabad,"Central University, Hyderabad - TSPCB","28-08-2026 22:00:00",17.460103,78.334361,NO2,5,26,16
India,Telangana,Hyderabad,"New Malakpet, Hyderabad - TSPCB","28-08-2026 22:00:00",17.37206,78.50864,NO2,13,17,15
India,Telangana,Hyderabad,"ECIL Kapra, Hyderabad - TSPCB","28-08-2026 22:00:00",17.470431,78.566959,OZONE,27,34,30
India,Telangana,Hyderabad,"Ramachandrapuram, Hyderabad - TSPCB","28-08-2026 22:00:00",17.528544,78.286195,OZONE,18,24,19
India,Telangana,Hyderabad,"Kompally Municipal Office, Hyderabad - TSPCB","28-08-2026 22:00:00",17.544899,78.486949,SO2,10,14,12
India,Telangana,Hyderabad,"IDA Pashamylaram, Hyderabad - TSPCB","28-08-2026 22:00:00",17.5316895,78.218939,NO2,18,22,21
India,Telangana,Hyderabad,"Sanathnagar, Hyderabad - TSPCB","28-08-2026 22:00:00",17.4559458,78.4332152,NO2,24,98,37
India,"Uttar Pradesh",Vrindavan,"Omex Eternity, Vrindavan - UPPCB","28-08-2026 22:00:00",27.571409,77.655757,PM2.5,43,206,83
India,Uttarakhand,Rishikesh,"Shivaji Nagar, Rishikesh - UKPCB","28-08-2026 22:00:00",30.075911,78.2859547,CO,37,37,37
India,"West Bengal",Asansol,"Asansol Court Area, Asansol - WBPCB","28-08-2026 22:00:00",23.685297,86.945968,PM10,24,82,54
India,"West Bengal",Asansol,"Asansol Court Area, Asansol - WBPCB","28-08-2026 22:00:00",23.685297,86.945968,OZONE,13,42,25
India,"West Bengal",Asansol,"Evelyn Lodge, Asansol - WBPCB","28-08-2026 22:00:00",23.697936,86.944395,PM10,26,73,45
India,"West Bengal",Asansol,"Mahabir Colliery, Asansol - WBPCB","28-08-2026 22:00:00",23.618183,87.105718,NH3,0,0,0
India,"West Bengal",Asansol,"Trivenidevi Bhalotia College, Asansol - WBPCB","28-08-2026 22:00:00",23.616515,87.119133,SO2,39,43,41
India,"West Bengal",Durgapur,"PCBL Residential Complex, Durgapur - WBPCB","28-08-2026 22:00:00",23.508764,87.35444,PM2.5,18,48,37
India,"West Bengal",Durgapur,"PCBL Residential Complex, Durgapur - WBPCB","28-08-2026 22:00:00",23.508764,87.35444,PM10,27,50,41
India,"West Bengal",Durgapur,"Womens College_City Center, Durgapur - WBPCB","28-08-2026 22:00:00",23.549395,87.300496,PM2.5,40,87,59
India,"West Bengal",Durgapur,"Womens College_City Center, Durgapur - WBPCB","28-08-2026 22:00:00",23.549395,87.300496,PM10,45,218,79
India,"West Bengal",Durgapur,"Womens College_City Center, Durgapur - WBPCB","28-08-2026 22:00:00",23.549395,87.300496,CO,29,60,39
India,"West Bengal",Durgapur,"Womens College_City Center, Durgapur - WBPCB","28-08-2026 22:00:00",23.549395,87.300496,OZONE,22,23,23
India,"West Bengal",Haldia,"Priyambada Housing Estate, Haldia - WBPCB","28-08-2026 22:00:00",22.06047,88.109737,PM2.5,22,82,48
India,"West Bengal",Howrah,"Dasnagar, Howrah - WBPCB","28-08-2026 22:00:00",22.6025571,88.3105664,NH3,1,3,2
India,"West Bengal",Howrah,"Dasnagar, Howrah - WBPCB","28-08-2026 22:00:00",22.6025571,88.3105664,SO2,8,9,8
India,"West Bengal",Howrah,"Botanical Garden, Howrah - WBPCB","28-08-2026 22:00:00",22.554954,88.292568,PM2.5,36,93,65
India,"West Bengal",Howrah,"Botanical Garden, Howrah - WBPCB","28-08-2026 22:00:00",22.554954,88.292568,CO,14,23,18
India,"West Bengal",Howrah,"Ghusuri, Howrah - WBPCB","28-08-2026 22:00:00",22.611968,88.347422,PM2.5,53,223,89
India,"West Bengal",Kolkata,"Bidhannagar, Kolkata - WBPCB","28-08-2026 22:00:00",22.58157048,88.41002457,PM2.5,17,48,31
India,"West Bengal",Kolkata,"Bidhannagar, Kolkata - WBPCB","28-08-2026 22:00:00",22.58157048,88.41002457,NO2,13,15,14
India,"West Bengal",Kolkata,"Jadavpur, Kolkata - WBPCB","28-08-2026 22:00:00",22.49929,88.36917,NH3,12,12,12
India,"West Bengal",Kolkata,"Jadavpur, Kolkata - WBPCB","28-08-2026 22:00:00",22.49929,88.36917,SO2,5,7,6
India,"West Bengal",Kolkata,"Rabindra Bharati University, Kolkata - WBPCB","28-08-2026 22:00:00",22.627847,88.380669,PM10,63,118,81
India,"West Bengal",Kolkata,"Fort William, Kolkata - WBPCB","28-08-2026 22:00:00",22.55664,88.342674,OZONE,32,49,37
India,"West Bengal",Kolkata,"Rabindra Sarobar, Kolkata - WBPCB","28-08-2026 22:00:00",22.51106,88.35142,PM2.5,23,47,35
India,"West Bengal",Kolkata,"Rabindra Sarobar, Kolkata - WBPCB","28-08-2026 22:00:00",22.51106,88.35142,NO2,11,22,14
India,"West Bengal",Kolkata,"Rabindra Sarobar, Kolkata - WBPCB","28-08-2026 22:00:00",22.51106,88.35142,OZONE,8,28,17
India,"West Bengal",Kolkata,"Ballygunge, Kolkata - WBPCB","28-08-2026 22:00:00",22.5367507,88.3638022,PM2.5,27,63,45
India,"West Bengal",Kolkata,"Ballygunge, Kolkata - WBPCB","28-08-2026 22:00:00",22.5367507,88.3638022,CO,23,32,27
India,"West Bengal",Kolkata,"Victoria, Kolkata - WBPCB","28-08-2026 22:00:00",22.5448082,88.3403691,OZONE,16,46,28
India,Bihar,Samastipur,"DM Office_Kasipur, Samastipur - BSPCB","28-08-2026 22:00:00",25.859655,85.77944,CO,NA,NA,NA
India,Bihar,Siwan,"Chitragupta Nagar, Siwan - BSPCB","28-08-2026 22:00:00",26.2271665,84.3570427,NH3,1,1,1
India,Bihar,Siwan,"Chitragupta Nagar, Siwan - BSPCB","28-08-2026 22:00:00",26.2271665,84.3570427,CO,62,67,65
India,Chandigarh,Chandigarh,"Sector 22, Chandigarh - CPCC","28-08-2026 22:00:00",30.735567,76.775714,PM10,26,72,44
India,Chandigarh,Chandigarh,"Sector 22, Chandigarh - CPCC","28-08-2026 22:00:00",30.735567,76.775714,SO2,4,6,5
India,Chandigarh,Chandigarh,"Sector 22, Chandigarh - CPCC","28-08-2026 22:00:00",30.735567,76.775714,CO,35,42,37
India,Chandigarh,Chandigarh,"Sector 22, Chandigarh - CPCC","28-08-2026 22:00:00",30.735567,76.775714,OZONE,6,15,10
India,Chandigarh,Chandigarh,"Sector-25, Chandigarh - CPCC","28-08-2026 22:00:00",30.751462,76.762879,PM10,45,108,70
India,Chandigarh,Chandigarh,"Sector-53, Chandigarh - CPCC","28-08-2026 22:00:00",30.719859,76.738637,SO2,1,6,3
India,Chandigarh,Chandigarh,"Sector-53, Chandigarh - CPCC","28-08-2026 22:00:00",30.719859,76.738637,CO,30,35,33
India,Chandigarh,Chandigarh,"Sector-53, Chandigarh - CPCC","28-08-2026 22:00:00",30.719859,76.738637,OZONE,5,30,15
India,Chhattisgarh,Bhilai,"32Bungalows, Bhilai - CECB","28-08-2026 22:00:00",21.194815,81.31477,PM2.5,12,35,24
India,Chhattisgarh,Bhilai,"Civic Center, Bhilai - Bhilai Steel Plant","28-08-2026 22:00:00",21.185571,81.343175,NH3,1,2,1
India,Chhattisgarh,Bhilai,"Civic Center, Bhilai - Bhilai Steel Plant","28-08-2026 22:00:00",21.185571,81.343175,CO,20,28,24
India,Chhattisgarh,Bhilai,"Hathkhoj, Bhilai - CECB","28-08-2026 22:00:00",21.224231,81.40835,PM10,24,65,45
India,Chhattisgarh,Bhilai,"Hathkhoj, Bhilai - CECB","28-08-2026 22:00:00",21.224231,81.40835,OZONE,9,22,16
India,Chhattisgarh,Bilaspur,"Mangala, Bilaspur - NTPC","28-08-2026 22:00:00",22.08815,82.13737,NH3,NA,NA,NA
India,Chhattisgarh,Chhal,"Nawapara SECL Colony, Chhal - CECB","28-08-2026 22:00:00",22.118125,83.140608,NH3,2,2,2
India,Chhattisgarh,Chhal,"Nawapara SECL Colony, Chhal - CECB","28-08-2026 22:00:00",22.118125,83.140608,CO,20,32,24
India,Chhattisgarh,Korba,"Urja Nagar, Korba - CECB","28-08-2026 22:00:00",22.348441,82.549611,NH3,1,1,1
India,"Andhra Pradesh",Vijayawada,"HB Colony, Vijayawada - APPCB","28-08-2026 22:00:00",16.536107,80.594233,PM10,54,71,58
India,"Andhra Pradesh",Vijayawada,"HB Colony, Vijayawada - APPCB","28-08-2026 22:00:00",16.536107,80.594233,CO,19,39,26
India,"Andhra Pradesh",Vijayawada,"Rajiv Gandhi Park, Vijayawada - APPCB","28-08-2026 22:00:00",16.509717,80.612222,SO2,2,18,10
India,"Andhra Pradesh",Vijayawada,"Rajiv Gandhi Park, Vijayawada - APPCB","28-08-2026 22:00:00",16.509717,80.612222,OZONE,18,47,28
India,"Andhra Pradesh",Visakhapatnam,"GVM Corporation, Visakhapatnam - APPCB","28-08-2026 22:00:00",17.72,83.3,NO2,36,91,69
India,"Andhra Pradesh",Visakhapatnam,"GVM Corporation, Visakhapatnam - APPCB","28-08-2026 22:00:00",17.72,83.3,NH3,3,4,4
India,"Andhra Pradesh",Visakhapatnam,"GVM Corporation, Visakhapatnam - APPCB","28-08-2026 22:00:00",17.72,83.3,CO,10,33,16
India,"Andhra Pradesh",Visakhapatnam,"GVM Corporation, Visakhapatnam - APPCB","28-08-2026 22:00:00",17.72,83.3,OZONE,4,34,14
India,"Arunachal Pradesh",Naharlagun,"Naharlagun, Naharlagun - APSPCB","28-08-2026 22:00:00",27.103358,93.679645,CO,7,14,10
India,Assam,Byrnihat,"Central Academy for SFS, Byrnihat - PCBA","28-08-2026 22:00:00",26.071318,91.87488,PM2.5,NA,NA,NA
India,Assam,Byrnihat,"Central Academy for SFS, Byrnihat - PCBA","28-08-2026 22:00:00",26.071318,91.87488,NH3,NA,NA,NA
India,Assam,Byrnihat,"Central Academy for SFS, Byrnihat - PCBA","28-08-2026 22:00:00",26.071318,91.87488,OZONE,14,27,19
India,Assam,Guwahati,"IITG, Guwahati - PCBA","28-08-2026 22:00:00",26.2028636,91.70046436,PM2.5,3,37,15
India,Assam,Guwahati,"IITG, Guwahati - PCBA","28-08-2026 22:00:00",26.2028636,91.70046436,CO,71,86,78
India,Assam,Guwahati,"Pan Bazaar, Guwahati - PCBA","28-08-2026 22:00:00",26.1875,91.744194,PM2.5,NA,NA,NA
India,Assam,Guwahati,"Pan Bazaar, Guwahati - PCBA","28-08-2026 22:00:00",26.1875,91.744194,PM10,NA,NA,NA
India,Assam,Guwahati,"Pan Bazaar, Guwahati - PCBA","28-08-2026 22:00:00",26.1875,91.744194,CO,8,49,22
India,Assam,Guwahati,"LGBI Airport, Guwahati - PCBA","28-08-2026 22:00:00",26.10887,91.589544,PM2.5,20,71,57
India,Assam,Guwahati,"LGBI Airport, Guwahati - PCBA","28-08-2026 22:00:00",26.10887,91.589544,NO2,13,15,14
India,Assam,Guwahati,"Railway Colony, Guwahati - PCBA","28-08-2026 22:00:00",26.181742,91.78063,NH3,1,1,1
India,Bihar,Munger,"Town Hall, Munger - BSPCB","28-08-2026 22:00:00",25.376776,86.471523,SO2,68,75,73
India,Bihar,Muzaffarpur,"Buddha Colony, Muzaffarpur - BSPCB","28-08-2026 22:00:00",26.11442,85.39813,NH3,12,19,15
India,Bihar,Muzaffarpur,"Buddha Colony, Muzaffarpur - BSPCB","28-08-2026 22:00:00",26.11442,85.39813,CO,15,25,23
India,Bihar,Muzaffarpur,"MIT-Daudpur Kothi, Muzaffarpur - BSPCB","28-08-2026 22:00:00",26.1403345,85.3650192,PM2.5,15,48,27
India,Bihar,Muzaffarpur,"MIT-Daudpur Kothi, Muzaffarpur - BSPCB","28-08-2026 22:00:00",26.1403345,85.3650192,PM10,22,53,33
India,Bihar,Patna,"Rajbansi Nagar, Patna - BSPCB","28-08-2026 22:00:00",25.599486,85.113666,PM2.5,20,55,34
India,Bihar,Patna,"Govt. High School Shikarpur, Patna - BSPCB","28-08-2026 22:00:00",25.592539,85.227158,NO2,5,7,6
India,Bihar,Patna,"Govt. High School Shikarpur, Patna - BSPCB","28-08-2026 22:00:00",25.592539,85.227158,NH3,6,7,6
India,Bihar,Patna,"Govt. High School Shikarpur, Patna - BSPCB","28-08-2026 22:00:00",25.592539,85.227158,CO,34,47,39
India,Bihar,Patna,"DRM Office Danapur, Patna - BSPCB","28-08-2026 22:00:00",25.586562,85.043586,PM10,45,112,92
India,Bihar,Patna,"DRM Office Danapur, Patna - BSPCB","28-08-2026 22:00:00",25.586562,85.043586,SO2,5,7,6
India,Bihar,Patna,"DRM Office Danapur, Patna - BSPCB","28-08-2026 22:00:00",25.586562,85.043586,OZONE,13,134,52
India,Bihar,Patna,"Muradpur, Patna - BSPCB","28-08-2026 22:00:00",25.619651,85.147382,NH3,4,5,5
India,Bihar,Patna,"Samanpura, Patna - BSPCB","28-08-2026 22:00:00",25.596727,85.085624,NO2,24,24,24
India,Bihar,Patna,"Samanpura, Patna - BSPCB","28-08-2026 22:00:00",25.596727,85.085624,OZONE,22,24,23
India,Bihar,Purnia,"Mariam Nagar, Purnia - BSPCB","28-08-2026 22:00:00",25.366336,87.117468,PM10,11,29,20
India,Bihar,Saharsa,"Police Line, Saharsa - BSPCB","28-08-2026 22:00:00",25.892357,86.590325,PM10,38,432,89
India,Assam,Nagaon,"Christianpatty, Nagaon - PCBA","28-08-2026 22:00:00",26.349082,92.68449,NH3,0,4,4
India,Assam,Nalbari,"Bata Chowk, Nalbari - PCBA","28-08-2026 22:00:00",26.446912,91.439057,NO2,14,15,15
India,Assam,Sivasagar,"Girls College, Sivasagar - PCBA","28-08-2026 22:00:00",26.987634,94.636574,PM2.5,21,47,31
India,Assam,Sivasagar,"Girls College, Sivasagar - PCBA","28-08-2026 22:00:00",26.987634,94.636574,SO2,7,8,8
India,Assam,Sivasagar,"Girls College, Sivasagar - PCBA","28-08-2026 22:00:00",26.987634,94.636574,CO,11,25,18
India,Bihar,Araria,"Kharahiya Basti, Araria - BSPCB","28-08-2026 22:00:00",26.146529,87.454184,NH3,4,5,4
India,Bihar,Araria,"Kharahiya Basti, Araria - BSPCB","28-08-2026 22:00:00",26.146529,87.454184,OZONE,36,44,39
India,Bihar,Arrah,"New DM Office, Arrah - BSPCB","28-08-2026 22:00:00",25.5626095,84.663264,PM10,40,49,41
India,Bihar,Aurangabad,"Gurdeo Nagar, Aurangabad - BSPCB","28-08-2026 22:00:00",24.75746,84.366208,SO2,NA,NA,NA
India,Bihar,Bhagalpur,"Mayaganj, Bhagalpur - BSPCB","28-08-2026 22:00:00",25.265194,87.012947,PM10,NA,NA,NA
India,Bihar,Bhagalpur,"Mayaganj, Bhagalpur - BSPCB","28-08-2026 22:00:00",25.265194,87.012947,SO2,NA,NA,NA
India,Bihar,Bhagalpur,"Mayaganj, Bhagalpur - BSPCB","28-08-2026 22:00:00",25.265194,87.012947,CO,23,23,23
India,Bihar,Bhagalpur,"DM Office_Kachari Chowk, Bhagalpur - BSPCB","28-08-2026 22:00:00",25.251013,86.989001,PM10,24,446,137
India,Chhattisgarh,Korba,"Urja Nagar, Korba - CECB","28-08-2026 22:00:00",22.348441,82.549611,OZONE,5,5,5
India,Chhattisgarh,Korba,"Rampur, Korba - CECB","28-08-2026 22:00:00",22.368195,82.746431,NH3,NA,NA,NA
India,Chhattisgarh,Kunjemura,"OP Jindal School, Kunjemura - CECB","28-08-2026 22:00:00",22.12665,83.483212,OZONE,4,8,6
India,Chhattisgarh,Milupara,"Govt. Higher Secondary School, Milupara - CECB","28-08-2026 22:00:00",22.1910172,83.5197009,PM10,7,27,16
India,Chhattisgarh,Milupara,"Govt. Higher Secondary School, Milupara - CECB","28-08-2026 22:00:00",22.1910172,83.5197009,NO2,13,37,22
India,Chhattisgarh,Milupara,"Govt. Higher Secondary School, Milupara - CECB","28-08-2026 22:00:00",22.1910172,83.5197009,SO2,12,16,14
India,Chhattisgarh,Raipur,"Siltara Phase-II, Raipur - CECB","28-08-2026 22:00:00",21.371751,81.664929,CO,17,19,18
India,Chhattisgarh,Raipur,"Siltara Phase-II, Raipur - CECB","28-08-2026 22:00:00",21.371751,81.664929,OZONE,3,5,4
India,Chhattisgarh,Raipur,"AIIMS, Raipur - CECB","28-08-2026 22:00:00",21.258815,81.578979,PM10,25,85,46
India,Chhattisgarh,Raipur,"AIIMS, Raipur - CECB","28-08-2026 22:00:00",21.258815,81.578979,NH3,2,2,2
India,Chhattisgarh,Raipur,"AIIMS, Raipur - CECB","28-08-2026 22:00:00",21.258815,81.578979,SO2,3,5,4
India,Delhi,Delhi,"ITO, Delhi - CPCB","28-08-2026 22:00:00",28.628624,77.24106,NH3,1,7,4
India,Delhi,Delhi,"ITO, Delhi - CPCB","28-08-2026 22:00:00",28.628624,77.24106,OZONE,15,17,16
India,Delhi,Delhi,"Sri Aurobindo Marg, Delhi - DPCC","28-08-2026 22:00:00",28.531346,77.190156,CO,37,64,44
India,Delhi,Delhi,"Patparganj, Delhi - DPCC","28-08-2026 22:00:00",28.623763,77.287209,PM2.5,10,97,51
India,Delhi,Delhi,"Najafgarh, Delhi - DPCC","28-08-2026 22:00:00",28.570173,76.933762,NH3,6,9,7
India,Delhi,Delhi,"Najafgarh, Delhi - DPCC","28-08-2026 22:00:00",28.570173,76.933762,CO,19,28,24
India,Delhi,Delhi,"Wazirpur, Delhi - DPCC","28-08-2026 22:00:00",28.699793,77.165453,SO2,23,27,24
India,Delhi,Delhi,"NSUT Jaffarpur, Delhi - DPCC","28-08-2026 22:00:00",28.594004,76.909423,SO2,0,2,1
India,Delhi,Delhi,"Mundka, Delhi - DPCC","28-08-2026 22:00:00",28.684678,77.076574,PM2.5,23,83,51
India,Delhi,Delhi,"Mundka, Delhi - DPCC","28-08-2026 22:00:00",28.684678,77.076574,NO2,61,89,70
India,Delhi,Delhi,"Mundka, Delhi - DPCC","28-08-2026 22:00:00",28.684678,77.076574,NH3,6,9,7
India,Delhi,Delhi,"Ashok Vihar, Delhi - DPCC","28-08-2026 22:00:00",28.695381,77.181665,NH3,5,11,8
India,Delhi,Delhi,"Ashok Vihar, Delhi - DPCC","28-08-2026 22:00:00",28.695381,77.181665,OZONE,5,6,5
India,Delhi,Delhi,"Anand Vihar, Delhi - DPCC","28-08-2026 22:00:00",28.647622,77.315809,SO2,33,40,37
India,Delhi,Delhi,"Shadipur, Delhi - CPCB","28-08-2026 22:00:00",28.6514781,77.1473105,PM10,74,169,96
India,Bihar,Chhapra,"Darshan Nagar, Chhapra - BSPCB","28-08-2026 22:00:00",25.7808257,84.7446768,PM2.5,89,97,92
India,Bihar,Chhapra,"Darshan Nagar, Chhapra - BSPCB","28-08-2026 22:00:00",25.7808257,84.7446768,NO2,0,1,1
India,Bihar,Gaya,"Collectorate, Gaya - BSPCB","28-08-2026 22:00:00",24.7955,84.9994,NH3,NA,NA,NA
India,Bihar,Gaya,"SFTI Kusdihra, Gaya - BSPCB","28-08-2026 22:00:00",24.762518,84.982348,PM2.5,13,34,25
India,Bihar,Gaya,"Kareemganj, Gaya - BSPCB","28-08-2026 22:00:00",24.792403,84.992416,SO2,41,44,43
India,Bihar,Gaya,"Kareemganj, Gaya - BSPCB","28-08-2026 22:00:00",24.792403,84.992416,CO,NA,NA,NA
India,Bihar,Hajipur,"Industrial Area, Hajipur - BSPCB","28-08-2026 22:00:00",25.697189,85.2459,PM2.5,29,119,71
India,Bihar,Katihar,"Mirchaibari, Katihar - BSPCB","28-08-2026 22:00:00",25.560083,87.553265,PM10,23,59,34
India,Bihar,Manguraha,"Forest Rest House, Manguraha - BSPCB","28-08-2026 22:00:00",27.308328,84.531742,PM10,NA,NA,NA
India,Bihar,Manguraha,"Forest Rest House, Manguraha - BSPCB","28-08-2026 22:00:00",27.308328,84.531742,SO2,NA,NA,NA
India,Bihar,Manguraha,"Forest Rest House, Manguraha - BSPCB","28-08-2026 22:00:00",27.308328,84.531742,OZONE,32,36,34
India,Bihar,Munger,"Town Hall, Munger - BSPCB","28-08-2026 22:00:00",25.376776,86.471523,PM10,NA,NA,NA
India,Delhi,Delhi,"Cantonment Area, Delhi - DPCC","28-08-2026 22:00:00",28.594169,77.1251,OZONE,4,9,6
India,Delhi,Delhi,"Major Dhyan Chand National Stadium, Delhi - DPCC","28-08-2026 22:00:00",28.611281,77.237738,CO,12,66,28
India,Delhi,Delhi,"Okhla Phase-2, Delhi - DPCC","28-08-2026 22:00:00",28.530785,77.271255,OZONE,6,27,19
India,Delhi,Delhi,"Rohini, Delhi - DPCC","28-08-2026 22:00:00",28.732528,77.11992,PM2.5,70,233,100
India,Delhi,Delhi,"Rohini, Delhi - DPCC","28-08-2026 22:00:00",28.732528,77.11992,PM10,147,199,165
India,Delhi,Delhi,"Vivek Vihar, Delhi - DPCC","28-08-2026 22:00:00",28.672342,77.31526,PM10,90,162,131
India,Delhi,Delhi,"Vivek Vihar, Delhi - DPCC","28-08-2026 22:00:00",28.672342,77.31526,NH3,4,7,5
India,Delhi,Delhi,"Jahangirpuri, Delhi - DPCC","28-08-2026 22:00:00",28.73282,77.170633,NH3,11,12,11
India,Delhi,Delhi,"IHBAS, Dilshad Garden, Delhi - CPCB","28-08-2026 22:00:00",28.6811736,77.3025234,CO,37,44,40
India,Delhi,Delhi,"Sri Aurobindo Marg, Delhi - DPCC","28-08-2026 22:00:00",28.531346,77.190156,PM10,100,165,131
India,Delhi,Delhi,"Sri Aurobindo Marg, Delhi - DPCC","28-08-2026 22:00:00",28.531346,77.190156,NO2,13,41,21
India,"Andhra Pradesh",Amaravati,"Secretariat, Amaravati - APPCB","28-08-2026 22:00:00",16.5150833,80.5181667,PM10,57,433,133
India,"Andhra Pradesh",Anantapur,"Gulzarpet, Anantapur - APPCB","28-08-2026 22:00:00",14.675886,77.593027,PM10,52,71,62
India,"Andhra Pradesh",Chittoor,"Gangineni Cheruvu, Chittoor - APPCB","28-08-2026 22:00:00",13.20488,79.097889,NO2,27,36,32
India,"Andhra Pradesh",Eluru,"District Court, Eluru - APPCB","28-08-2026 22:00:00",16.711754,81.092095,CO,17,26,20
India,"Andhra Pradesh",Guntur,"Rajendra Nagar North, Guntur - APPCB","28-08-2026 22:00:00",16.316553,80.413302,PM2.5,44,76,53
India,"Andhra Pradesh",Guntur,"Rajendra Nagar North, Guntur - APPCB","28-08-2026 22:00:00",16.316553,80.413302,SO2,6,18,13
India,"Andhra Pradesh",Kadapa,"Yerramukkapalli, Kadapa - APPCB","28-08-2026 22:00:00",14.465052,78.824187,NO2,21,24,23
India,"Andhra Pradesh",Kadapa,"Yerramukkapalli, Kadapa - APPCB","28-08-2026 22:00:00",14.465052,78.824187,SO2,6,17,12
India,"Andhra Pradesh",Kurnool,"Sita Rama Nagar, Kurnool - APPCB","28-08-2026 22:00:00",15.83411,78.028546,OZONE,18,29,24
India,"Andhra Pradesh",Machilipatnam,"Srinivas Nagar Colony, Machilipatnam - APPCB","28-08-2026 22:00:00",16.186555,81.13219,NH3,2,3,3
India,"Andhra Pradesh",Machilipatnam,"Srinivas Nagar Colony, Machilipatnam - APPCB","28-08-2026 22:00:00",16.186555,81.13219,SO2,2,14,9
India,"Andhra Pradesh",Rajamahendravaram,"Anand Kala Kshetram, Rajamahendravaram - APPCB","28-08-2026 22:00:00",16.9872867,81.7363176,NH3,2,3,2
India,"Andhra Pradesh",Tirupati,"Vaikuntapuram, Tirupati - APPCB","28-08-2026 22:00:00",13.615387,79.40923,NH3,4,5,4
India,"Andhra Pradesh",Vijayawada,"Rajiv Nagar, Vijayawada - APPCB","28-08-2026 22:00:00",16.554731,80.64911,NH3,3,4,3
India,Haryana,Bahadurgarh,"Arya Nagar, Bahadurgarh - HSPCB","28-08-2026 22:00:00",28.6701,76.9254,PM2.5,43,85,64
India,Haryana,Bahadurgarh,"Arya Nagar, Bahadurgarh - HSPCB","28-08-2026 22:00:00",28.6701,76.9254,CO,30,34,32
India,Haryana,Bahadurgarh,"Arya Nagar, Bahadurgarh - HSPCB","28-08-2026 22:00:00",28.6701,76.9254,OZONE,35,42,39
India,Haryana,Ballabgarh,"Nathu Colony, Ballabgarh - HSPCB","28-08-2026 22:00:00",28.3419248,77.319699,PM10,34,80,46
India,Haryana,Ballabgarh,"Nathu Colony, Ballabgarh - HSPCB","28-08-2026 22:00:00",28.3419248,77.319699,NH3,4,5,5
India,Haryana,Ballabgarh,"Nathu Colony, Ballabgarh - HSPCB","28-08-2026 22:00:00",28.3419248,77.319699,SO2,2,3,2
India,Haryana,Ballabgarh,"Nathu Colony, Ballabgarh - HSPCB","28-08-2026 22:00:00",28.3419248,77.319699,CO,14,27,20
India,Haryana,Ballabgarh,"Nathu Colony, Ballabgarh - HSPCB","28-08-2026 22:00:00",28.3419248,77.319699,OZONE,5,42,23
India,Haryana,Bhiwani,"H.B. Colony, Bhiwani - HSPCB","28-08-2026 22:00:00",28.806223,76.141105,NO2,7,10,8
India,Haryana,Bhiwani,"H.B. Colony, Bhiwani - HSPCB","28-08-2026 22:00:00",28.806223,76.141105,NH3,2,3,2
India,Haryana,"Charkhi Dadri","Mini Secretariat, Charkhi Dadri - HSPCB","28-08-2026 22:00:00",28.593883,76.270653,PM10,41,144,96
India,Haryana,"Charkhi Dadri","Mini Secretariat, Charkhi Dadri - HSPCB","28-08-2026 22:00:00",28.593883,76.270653,NH3,5,8,6
India,Haryana,"Charkhi Dadri","Mini Secretariat, Charkhi Dadri - HSPCB","28-08-2026 22:00:00",28.593883,76.270653,CO,11,18,14
India,Haryana,Dharuhera,"Municipal Corporation Office, Dharuhera -  HSPCB","28-08-2026 22:00:00",28.2068,76.7997,NO2,15,49,38
India,Haryana,Dharuhera,"Municipal Corporation Office, Dharuhera -  HSPCB","28-08-2026 22:00:00",28.2068,76.7997,NH3,9,18,12
India,Haryana,Faridabad,"New Industrial Town, Faridabad - HSPCB","28-08-2026 22:00:00",28.39072,77.30059,PM2.5,53,78,62
India,Haryana,Faridabad,"New Industrial Town, Faridabad - HSPCB","28-08-2026 22:00:00",28.39072,77.30059,CO,17,22,19
India,Haryana,Faridabad,"New Industrial Town, Faridabad - HSPCB","28-08-2026 22:00:00",28.39072,77.30059,OZONE,14,14,14
India,Haryana,Fatehabad,"Huda Sector, Fatehabad - HSPCB","28-08-2026 22:00:00",29.503664,75.467934,NH3,13,14,14
India,Haryana,Fatehabad,"Huda Sector, Fatehabad - HSPCB","28-08-2026 22:00:00",29.503664,75.467934,CO,46,52,49
India,Haryana,Gurugram,"Teri Gram, Gurugram - HSPCB","28-08-2026 22:00:00",28.4275,77.1465,NO2,32,76,49
India,Haryana,Gurugram,"Teri Gram, Gurugram - HSPCB","28-08-2026 22:00:00",28.4275,77.1465,SO2,7,20,12
India,Haryana,Gurugram,"NISE Gwal Pahari, Gurugram - IITM","28-08-2026 22:00:00",28.422681,77.148944,SO2,NA,NA,NA
India,Haryana,Gurugram,"NISE Gwal Pahari, Gurugram - IITM","28-08-2026 22:00:00",28.422681,77.148944,CO,22,27,24
India,Gujarat,Ahmedabad,"SVPI Airport Hansol, Ahmedabad - IITM","28-08-2026 22:00:00",23.076793,72.627874,NO2,8,41,22
India,Gujarat,Ahmedabad,"Rakhial, Ahmedabad - IITM","28-08-2026 22:00:00",23.016834,72.625775,PM10,53,114,80
India,Gujarat,Ahmedabad,"Rakhial, Ahmedabad - IITM","28-08-2026 22:00:00",23.016834,72.625775,OZONE,1,6,3
India,Gujarat,Ahmedabad,"Chandkheda, Ahmedabad - IITM","28-08-2026 22:00:00",23.107969,72.574648,PM2.5,24,113,55
India,Gujarat,Ahmedabad,"Chandkheda, Ahmedabad - IITM","28-08-2026 22:00:00",23.107969,72.574648,OZONE,4,13,10
India,Gujarat,Ahmedabad,"SAC ISRO Bopal, Ahmedabad - IITM","28-08-2026 22:00:00",23.041137,72.456691,PM2.5,38,84,54
India,Gujarat,Ahmedabad,"SAC ISRO Bopal, Ahmedabad - IITM","28-08-2026 22:00:00",23.041137,72.456691,PM10,46,93,61
India,Gujarat,Ahmedabad,"SAC ISRO Bopal, Ahmedabad - IITM","28-08-2026 22:00:00",23.041137,72.456691,NO2,13,21,17
India,Gujarat,Ahmedabad,"SAC ISRO Bopal, Ahmedabad - IITM","28-08-2026 22:00:00",23.041137,72.456691,NH3,3,5,4
India,Gujarat,Ahmedabad,"SAC ISRO Satellite, Ahmedabad - IITM","28-08-2026 22:00:00",23.023389,72.515201,NH3,1,2,1
India,Gujarat,Ahmedabad,"SAC ISRO Satellite, Ahmedabad - IITM","28-08-2026 22:00:00",23.023389,72.515201,OZONE,3,16,9
India,Gujarat,Ahmedabad,"Gyaspur, Ahmedabad - IITM","28-08-2026 22:00:00",22.977134,72.553024,SO2,7,21,11
India,Gujarat,Ahmedabad,"Raikhad, Ahmedabad - IITM","28-08-2026 22:00:00",23.020509,72.579261,OZONE,6,12,10
India,Gujarat,Ankleshwar,"GIDC, Ankleshwar - GPCB","28-08-2026 22:00:00",21.613267,73.010555,PM10,45,83,59
India,Gujarat,Bhavnagar,"Vidhyanagar, Bhavnagar - Nexteng Enviro","28-08-2026 22:00:00",21.755417,72.139056,OZONE,22,30,28
India,Gujarat,Gandhinagar,"Sector-10, Gandhinagar - GPCB","28-08-2026 22:00:00",23.221714,72.654328,OZONE,NA,NA,NA
India,Gujarat,Gandhinagar,"IIPHG Lekawada, Gandhinagar - IITM","28-08-2026 22:00:00",23.243639,72.68994,PM2.5,18,63,31
India,Gujarat,Gandhinagar,"IIPHG Lekawada, Gandhinagar - IITM","28-08-2026 22:00:00",23.243639,72.68994,PM10,81,140,100
India,Karnataka,Bengaluru,"Silk Board, Bengaluru - KSPCB","28-08-2026 22:00:00",12.917348,77.622813,SO2,NA,NA,NA
India,Karnataka,Bengaluru,"Bapuji Nagar, Bengaluru - KSPCB","28-08-2026 22:00:00",12.951913,77.539784,OZONE,19,30,25
India,Karnataka,Chamarajanagar,"Urban, Chamarajanagar - KSPCB","28-08-2026 22:00:00",11.55358,76.55521,SO2,2,7,4
India,Karnataka,Chamarajanagar,"Urban, Chamarajanagar - KSPCB","28-08-2026 22:00:00",11.55358,76.55521,CO,23,25,24
India,Karnataka,Chikkaballapur,"Chikkaballapur Rural, Chikkaballapur - KSPCB","28-08-2026 22:00:00",13.428828,77.731418,NH3,1,1,1
India,Karnataka,Davanagere,"Devaraj Urs Badavane, Davanagere - KSPCB","28-08-2026 22:00:00",14.4758,75.9052,PM2.5,9,25,14
India,Karnataka,Davanagere,"Devaraj Urs Badavane, Davanagere - KSPCB","28-08-2026 22:00:00",14.4758,75.9052,CO,9,12,11
India,Karnataka,Davanagere,"Devaraj Urs Badavane, Davanagere - KSPCB","28-08-2026 22:00:00",14.4758,75.9052,OZONE,15,16,16
India,Karnataka,Dharwad,"Kalabhavan, Dharwad - KSPCB","28-08-2026 22:00:00",15.459706,75.008381,CO,31,42,35
India,Karnataka,Gadag,"Panchal Nagar, Gadag - KSPCB","28-08-2026 22:00:00",15.411456,75.638133,PM2.5,54,78,59
India,Karnataka,Gadag,"Panchal Nagar, Gadag - KSPCB","28-08-2026 22:00:00",15.411456,75.638133,NH3,3,6,4
India,Karnataka,Gadag,"Panchal Nagar, Gadag - KSPCB","28-08-2026 22:00:00",15.411456,75.638133,SO2,22,30,27
India,Karnataka,Gadag,"Panchal Nagar, Gadag - KSPCB","28-08-2026 22:00:00",15.411456,75.638133,CO,22,97,61
India,Karnataka,Hubballi,"Lingaraj Nagar, Hubballi - KSPCB","28-08-2026 22:00:00",15.3714823,75.1160168,NH3,1,2,1
India,Karnataka,Kalaburagi,"Mahatma Basaveswar Colony, Kalaburgi - KSPCB","28-08-2026 22:00:00",17.336318,76.847397,PM10,17,47,32
India,Karnataka,Karwar,"KHB Colony, Karwar - KSPCB","28-08-2026 22:00:00",14.816666,74.141003,PM2.5,7,22,11
India,Karnataka,Karwar,"KHB Colony, Karwar - KSPCB","28-08-2026 22:00:00",14.816666,74.141003,PM10,10,27,15
India,Haryana,Palwal,"Shyam Nagar, Palwal - HSPCB","28-08-2026 22:00:00",28.1485564,77.3320667,NO2,23,25,24
India,Haryana,Palwal,"Shyam Nagar, Palwal - HSPCB","28-08-2026 22:00:00",28.1485564,77.3320667,CO,16,91,62
India,Haryana,Palwal,"Shyam Nagar, Palwal - HSPCB","28-08-2026 22:00:00",28.1485564,77.3320667,OZONE,10,10,10
India,Haryana,Panchgaon,"Amity University, Panchgaon - IITM","28-08-2026 22:00:00",28.3153,76.9143,NO2,24,31,26
India,Haryana,Panchgaon,"Amity University, Panchgaon - IITM","28-08-2026 22:00:00",28.3153,76.9143,OZONE,31,72,51
India,Haryana,Rohtak,"MD University, Rohtak - HSPCB","28-08-2026 22:00:00",28.52123,76.37138,PM10,72,98,83
India,Haryana,Rohtak,"MD University, Rohtak - HSPCB","28-08-2026 22:00:00",28.52123,76.37138,SO2,9,13,11
India,Haryana,Rohtak,"MD University, Rohtak - HSPCB","28-08-2026 22:00:00",28.52123,76.37138,OZONE,14,43,28
India,Haryana,Sirsa,"F-Block, Sirsa - HSPCB","28-08-2026 22:00:00",29.5364,75.0158,NO2,18,22,20
India,Haryana,"Yamuna Nagar","Gobind Pura, Yamuna Nagar - HSPCB","28-08-2026 22:00:00",30.1480566,77.2893471,NO2,11,21,16
India,Haryana,"Yamuna Nagar","Gobind Pura, Yamuna Nagar - HSPCB","28-08-2026 22:00:00",30.1480566,77.2893471,NH3,1,6,4
India,Haryana,"Yamuna Nagar","Gobind Pura, Yamuna Nagar - HSPCB","28-08-2026 22:00:00",30.1480566,77.2893471,OZONE,23,64,39
India,"Jammu and Kashmir",Pampore,"Khrew, Pampore - JKPCC","28-08-2026 22:00:00",34.031606,75.009712,NH3,NA,NA,NA
India,"Jammu and Kashmir",Pampore,"Khrew, Pampore - JKPCC","28-08-2026 22:00:00",34.031606,75.009712,SO2,0,5,3
India,"Jammu and Kashmir",Srinagar,"Rajbagh, Srinagar - JKPCC","28-08-2026 22:00:00",34.066206,74.81982,PM2.5,18,36,26
India,Delhi,Delhi,"Commonwealth Sports Complex, Delhi - DPCC","28-08-2026 22:00:00",28.615828,77.271992,CO,37,77,52
India,Delhi,Delhi,"Talkatora Garden, Delhi - DPCC","28-08-2026 22:00:00",28.62181,77.1944633,OZONE,5,17,12
India,Delhi,Delhi,"Aya Nagar, Delhi - IITM","28-08-2026 22:00:00",28.4706914,77.1099364,PM2.5,29,88,60
India,Delhi,Delhi,"Aya Nagar, Delhi - IITM","28-08-2026 22:00:00",28.4706914,77.1099364,OZONE,2,32,22
India,Delhi,Delhi,"CRRI Mathura Road, Delhi - IITM","28-08-2026 22:00:00",28.5512005,77.2735737,PM2.5,61,169,85
India,Delhi,Delhi,"CRRI Mathura Road, Delhi - IITM","28-08-2026 22:00:00",28.5512005,77.2735737,SO2,NA,NA,NA
India,Delhi,Delhi,"IMD Lodhi Road, Delhi - IITM","28-08-2026 22:00:00",28.5918245,77.2273074,PM10,100,165,132
India,Delhi,Delhi,"IMD Lodhi Road, Delhi - IITM","28-08-2026 22:00:00",28.5918245,77.2273074,NH3,NA,NA,NA
India,Delhi,Delhi,"JNU, Delhi - DPCC","28-08-2026 22:00:00",28.540721,77.168544,PM2.5,39,134,68
India,Delhi,Delhi,"JNU, Delhi - DPCC","28-08-2026 22:00:00",28.540721,77.168544,PM10,85,139,114
India,Delhi,Delhi,"JNU, Delhi - DPCC","28-08-2026 22:00:00",28.540721,77.168544,NO2,6,43,17
India,Delhi,Delhi,"JNU, Delhi - DPCC","28-08-2026 22:00:00",28.540721,77.168544,SO2,1,3,2
India,Delhi,Delhi,"Alipur, Delhi - DPCC","28-08-2026 22:00:00",28.815329,77.15301,NH3,4,10,7
India,Delhi,Delhi,"Alipur, Delhi - DPCC","28-08-2026 22:00:00",28.815329,77.15301,CO,NA,NA,NA
India,Delhi,Delhi,"Alipur, Delhi - DPCC","28-08-2026 22:00:00",28.815329,77.15301,OZONE,7,14,11
India,Delhi,Delhi,"North Campus, DU, Delhi - IITM","28-08-2026 22:00:00",28.6573814,77.1585447,OZONE,26,64,45
India,Delhi,Delhi,"Shadipur, Delhi - CPCB","28-08-2026 22:00:00",28.6514781,77.1473105,OZONE,9,12,10
India,Delhi,Delhi,"Mandir Marg, Delhi - DPCC","28-08-2026 22:00:00",28.636429,77.201067,PM2.5,27,127,62
India,Delhi,Delhi,"Mandir Marg, Delhi - DPCC","28-08-2026 22:00:00",28.636429,77.201067,PM10,81,166,125
India,Delhi,Delhi,"Mandir Marg, Delhi - DPCC","28-08-2026 22:00:00",28.636429,77.201067,NH3,7,10,8
India,Delhi,Delhi,"Mandir Marg, Delhi - DPCC","28-08-2026 22:00:00",28.636429,77.201067,CO,22,51,32
India,Delhi,Delhi,"Pusa, Delhi - DPCC","28-08-2026 22:00:00",28.639652,77.146275,NH3,1,12,8
India,Delhi,Delhi,"Sirifort, Delhi - CPCB","28-08-2026 22:00:00",28.5504249,77.2159377,NO2,34,46,38
India,Delhi,Delhi,"Chandni Chowk, Delhi - IITM","28-08-2026 22:00:00",28.656756,77.227234,NH3,5,7,6
India,Delhi,Delhi,"Pusa, Delhi - IITM","28-08-2026 22:00:00",28.63611,77.173332,CO,24,75,39
India,Delhi,Delhi,"DTU, Delhi - CPCB","28-08-2026 22:00:00",28.7500499,77.1112615,PM2.5,53,143,73
India,Delhi,Delhi,"IIT Delhi, Delhi - IITM","28-08-2026 22:00:00",28.54246,77.191651,NO2,7,41,19
India,Delhi,Delhi,"IIT Delhi, Delhi - IITM","28-08-2026 22:00:00",28.54246,77.191651,NH3,NA,NA,NA
India,Delhi,Delhi,"IGI Airport (T3), Delhi - IITM","28-08-2026 22:00:00",28.5627763,77.1180053,NO2,21,97,55
India,Delhi,Delhi,"IGNOU_Maidan Garhi, Delhi - DPCC","28-08-2026 22:00:00",28.493624,77.201159,PM2.5,10,35,24
India,Gujarat,Gandhinagar,"IIPHG Lekawada, Gandhinagar - IITM","28-08-2026 22:00:00",23.243639,72.68994,SO2,2,4,3
India,Gujarat,Gandhinagar,"GIFT City, Gandhinagar - IITM","28-08-2026 22:00:00",23.163798,72.677768,PM2.5,7,31,11
India,Gujarat,Mehsana,"Sadanand Nagar, Mehsana - Nexteng Enviro","28-08-2026 22:00:00",23.59315,72.372792,PM10,41,110,75
India,Gujarat,Rajkot,"Mavdi, Rajkot - Nexteng Enviro ","28-08-2026 22:00:00",22.248853,70.776774,OZONE,11,17,14
India,Gujarat,Surat,"Science Center, Surat - SMC","28-08-2026 22:00:00",21.170046,72.795405,PM2.5,21,63,44
India,Gujarat,Surat,"Science Center, Surat - SMC","28-08-2026 22:00:00",21.170046,72.795405,CO,34,39,37
India,Gujarat,Surat,"Katargam, Surat - Nexteng Enviro","28-08-2026 22:00:00",21.217779,72.834787,NH3,1,1,1
India,Gujarat,Vapi,"Phase-1 GIDC, Vapi - GPCB","28-08-2026 22:00:00",20.362421,72.918013,PM2.5,22,48,31
India,Gujarat,Vatva,"Phase-4 GIDC, Vatva - GPCB","28-08-2026 22:00:00",22.969611,72.6435,PM2.5,25,128,70
India,Haryana,Ambala,"Patti Mehar, Ambala - HSPCB","28-08-2026 22:00:00",30.379589,76.778328,NO2,6,8,7
India,Haryana,Ambala,"Patti Mehar, Ambala - HSPCB","28-08-2026 22:00:00",30.379589,76.778328,SO2,NA,NA,NA
India,Jharkhand,Jorapokhar,"Tata Stadium, Jorapokhar - JSPCB","28-08-2026 22:00:00",23.707909,86.41467,PM10,36,250,81
India,Karnataka,Belgaum,"Ramteerth Nagar, Belgaum - KSPCB","28-08-2026 22:00:00",15.888653,74.541751,SO2,22,23,23
India,Karnataka,Belgaum,"Ramteerth Nagar, Belgaum - KSPCB","28-08-2026 22:00:00",15.888653,74.541751,OZONE,18,19,19
India,Karnataka,Bengaluru,"Jigani, Bengaluru - KSPCB","28-08-2026 22:00:00",12.7816279,77.6299145,PM10,NA,NA,NA
India,Karnataka,Bengaluru,"Jigani, Bengaluru - KSPCB","28-08-2026 22:00:00",12.7816279,77.6299145,CO,35,36,36
India,Karnataka,Bengaluru,"City Railway Station, Bengaluru - KSPCB","28-08-2026 22:00:00",12.9756843,77.5660749,OZONE,NA,NA,NA
India,Karnataka,Bengaluru,"Hombegowda Nagar, Bengaluru - KSPCB","28-08-2026 22:00:00",12.938539,77.5901,CO,14,27,22
India,Karnataka,Bengaluru,"Hombegowda Nagar, Bengaluru - KSPCB","28-08-2026 22:00:00",12.938539,77.5901,OZONE,26,50,37
India,Karnataka,Bengaluru,"Peenya, Bengaluru - CPCB","28-08-2026 22:00:00",13.0270199,77.494094,PM2.5,10,10,10
India,Karnataka,Bengaluru,"Shivapura_Peenya, Bengaluru - KSPCB","28-08-2026 22:00:00",13.0246342,77.5080115,CO,18,22,20
India,Karnataka,Bengaluru,"Hebbal, Bengaluru - KSPCB","28-08-2026 22:00:00",13.029152,77.585901,PM10,25,72,37
India,Karnataka,Bengaluru,"Hebbal, Bengaluru - KSPCB","28-08-2026 22:00:00",13.029152,77.585901,SO2,NA,NA,NA
India,Haryana,Gurugram,"Vikas Sadan, Gurugram - HSPCB","28-08-2026 22:00:00",28.4501238,77.0263051,PM2.5,9,20,12
India,Haryana,Gurugram,"Vikas Sadan, Gurugram - HSPCB","28-08-2026 22:00:00",28.4501238,77.0263051,NO2,1,16,7
India,Haryana,Gurugram,"Vikas Sadan, Gurugram - HSPCB","28-08-2026 22:00:00",28.4501238,77.0263051,OZONE,15,51,32
India,Haryana,Jind,"Police Lines, Jind - HSPCB","28-08-2026 22:00:00",29.307814,76.337619,PM10,68,90,77
India,Haryana,Kaithal,"Rishi Nagar, Kaithal - HSPCB","28-08-2026 22:00:00",29.8006,76.4155,OZONE,4,7,5
India,Haryana,Kurukshetra,"Sector-7, Kurukshetra - HSPCB","28-08-2026 22:00:00",29.966942,76.875879,NO2,7,10,9
India,Haryana,Narnaul,"Shastri Nagar, Narnaul - HSPCB","28-08-2026 22:00:00",28.060249,76.113115,NO2,21,75,46
India,Haryana,Narnaul,"Shastri Nagar, Narnaul - HSPCB","28-08-2026 22:00:00",28.060249,76.113115,SO2,5,18,10
India,Maharashtra,Aurangabad,"More Chowk Waluj, Aurangabad - MPCB","28-08-2026 22:00:00",19.8389439,75.244448,PM10,44,55,50
India,Maharashtra,Badlapur,"Katrap, Badlapur - MPCB","28-08-2026 22:00:00",19.16485,73.23409,SO2,2,9,6
India,Maharashtra,Beed,"Bir, Beed - MPCB","28-08-2026 22:00:00",18.988474,75.753873,NO2,6,16,11
India,Maharashtra,Beed,"Bir, Beed - MPCB","28-08-2026 22:00:00",18.988474,75.753873,SO2,5,9,7
India,Maharashtra,Beed,"Bir, Beed - MPCB","28-08-2026 22:00:00",18.988474,75.753873,CO,11,18,14
India,Maharashtra,Beed,"Bir, Beed - MPCB","28-08-2026 22:00:00",18.988474,75.753873,OZONE,13,20,18
India,Maharashtra,Belapur,"CBD Belapur, Belapur - MPCB","28-08-2026 22:00:00",19.0243902,73.0406721,PM2.5,NA,NA,NA
India,Maharashtra,Belapur,"CBD Belapur, Belapur - MPCB","28-08-2026 22:00:00",19.0243902,73.0406721,CO,17,38,27
India,Maharashtra,Bhiwandi,"Gokul Nagar, Bhiwandi - MPCB","28-08-2026 22:00:00",19.309073,73.057223,OZONE,29,36,34
India,Maharashtra,Boisar,"Khaira, Boisar - MPCB","28-08-2026 22:00:00",19.786089,72.757971,PM10,31,70,53
India,Maharashtra,Boisar,"Khaira, Boisar - MPCB","28-08-2026 22:00:00",19.786089,72.757971,NH3,5,6,5
India,Maharashtra,Boisar,"Khaira, Boisar - MPCB","28-08-2026 22:00:00",19.786089,72.757971,OZONE,30,32,31
India,Maharashtra,Chandrapur,"MIDC Khutala, Chandrapur - MPCB","28-08-2026 22:00:00",19.9775302,79.2337086,PM2.5,26,30,29
India,Maharashtra,Chandrapur,"MIDC Khutala, Chandrapur - MPCB","28-08-2026 22:00:00",19.9775302,79.2337086,NO2,NA,NA,NA
India,Maharashtra,Chandrapur,"Chauhan Colony, Chandrapur - MPCB","28-08-2026 22:00:00",19.9629,79.298714,NO2,13,17,15
India,Maharashtra,Dhule,"Deopur, Dhule - MPCB","28-08-2026 22:00:00",20.918946,74.776388,NH3,1,2,1
India,Maharashtra,Dhule,"Deopur, Dhule - MPCB","28-08-2026 22:00:00",20.918946,74.776388,CO,1,4,2
India,Maharashtra,Dombivli,"Kalu Nagar, Dombivli - MPCB","28-08-2026 22:00:00",19.2268427,73.0788456,PM10,9,42,19
India,Maharashtra,Dombivli,"Kalu Nagar, Dombivli - MPCB","28-08-2026 22:00:00",19.2268427,73.0788456,SO2,24,49,27
India,Maharashtra,Dombivli,"Kalu Nagar, Dombivli - MPCB","28-08-2026 22:00:00",19.2268427,73.0788456,CO,4,20,11
India,Maharashtra,Dombivli,"Kalu Nagar, Dombivli - MPCB","28-08-2026 22:00:00",19.2268427,73.0788456,OZONE,26,39,33
India,Maharashtra,Hingoli,"Ashta Vinayak Nagar, Hingoli - MPCB","28-08-2026 22:00:00",19.710842,77.151824,NO2,3,14,6
India,Maharashtra,Hingoli,"Ashta Vinayak Nagar, Hingoli - MPCB","28-08-2026 22:00:00",19.710842,77.151824,NH3,1,4,2
India,Maharashtra,Hingoli,"Ashta Vinayak Nagar, Hingoli - MPCB","28-08-2026 22:00:00",19.710842,77.151824,SO2,3,6,4
India,"Madhya Pradesh",Ratlam,"Shasthri Nagar, Ratlam - IPCA Lab","28-08-2026 22:00:00",23.331731,75.045981,PM2.5,23,80,46
India,"Madhya Pradesh",Ratlam,"Shasthri Nagar, Ratlam - IPCA Lab","28-08-2026 22:00:00",23.331731,75.045981,PM10,37,77,50
India,"Madhya Pradesh",Ratlam,"Shasthri Nagar, Ratlam - IPCA Lab","28-08-2026 22:00:00",23.331731,75.045981,NO2,38,52,46
India,"Madhya Pradesh",Ratlam,"Shasthri Nagar, Ratlam - IPCA Lab","28-08-2026 22:00:00",23.331731,75.045981,NH3,NA,NA,NA
India,"Madhya Pradesh",Sagar,"Civil Lines, Sagar - MPPCB","28-08-2026 22:00:00",23.838586,78.759431,PM2.5,14,49,31
India,"Madhya Pradesh",Satna,"Bandhavgar Colony, Satna - Birla Cement","28-08-2026 22:00:00",24.58434363,80.8549414,PM10,69,71,70
India,"Madhya Pradesh",Satna,"Bandhavgar Colony, Satna - Birla Cement","28-08-2026 22:00:00",24.58434363,80.8549414,CO,17,23,21
India,"Madhya Pradesh",Singrauli,"Suryakiran Bhawan NCL, Singrauli - MPPCB","28-08-2026 22:00:00",24.10897,82.64558,PM2.5,3,36,20
India,"Madhya Pradesh",Singrauli,"Suryakiran Bhawan NCL, Singrauli - MPPCB","28-08-2026 22:00:00",24.10897,82.64558,NH3,2,6,3
India,"Madhya Pradesh",Ujjain,"Mahashweta Nagar, Ujjain - MPPCB","28-08-2026 22:00:00",23.1633321,75.800225,CO,36,64,49
India,"Madhya Pradesh",Ujjain,"Mahashweta Nagar, Ujjain - MPPCB","28-08-2026 22:00:00",23.1633321,75.800225,OZONE,44,67,58
India,Maharashtra,Akola,"Ramdaspeth, Akola - MPCB","28-08-2026 22:00:00",20.719516,77.000253,PM10,27,72,54
India,Maharashtra,Akola,"Ramdaspeth, Akola - MPCB","28-08-2026 22:00:00",20.719516,77.000253,NO2,16,21,19
India,Maharashtra,Akola,"Ramdaspeth, Akola - MPCB","28-08-2026 22:00:00",20.719516,77.000253,SO2,8,13,10
India,Maharashtra,Amravati,"Shri Shivaji Science College, Amravati - MPCB","28-08-2026 22:00:00",20.939198,77.765701,NO2,3,10,5
India,Maharashtra,Amravati,"Shri Shivaji Science College, Amravati - MPCB","28-08-2026 22:00:00",20.939198,77.765701,SO2,2,5,3
India,Maharashtra,Amravati,"Shivneri Colony, Amravati - MPCB","28-08-2026 22:00:00",20.9402359,77.7895248,PM2.5,19,48,35
India,Maharashtra,Amravati,"Shivneri Colony, Amravati - MPCB","28-08-2026 22:00:00",20.9402359,77.7895248,NO2,3,11,5
India,Maharashtra,Aurangabad,"MIDC Chilkalthana, Aurangabad - MPCB","28-08-2026 22:00:00",19.87562,75.38731,NO2,13,13,13
India,Maharashtra,Aurangabad,"Rachnakar Colony, Aurangabad - MPCB","28-08-2026 22:00:00",19.863756,75.321188,PM10,31,75,51
India,Maharashtra,Aurangabad,"Rachnakar Colony, Aurangabad - MPCB","28-08-2026 22:00:00",19.863756,75.321188,CO,22,25,23
India,"Madhya Pradesh",Indore,"Chhoti Gwaltoli, Indore - MPPCB","28-08-2026 22:00:00",22.431,75.5213,OZONE,15,32,26
India,"Madhya Pradesh",Indore,"Airport Area, Indore - IMC","28-08-2026 22:00:00",22.7289,75.8076,PM2.5,19,121,60
India,"Madhya Pradesh",Indore,"Maguda Nagar, Indore - IMC","28-08-2026 22:00:00",22.7524,75.8872,PM2.5,9,50,33
India,"Madhya Pradesh",Indore,"Maguda Nagar, Indore - IMC","28-08-2026 22:00:00",22.7524,75.8872,CO,16,23,20
India,"Madhya Pradesh",Indore,"Residency Area, Indore - IMC","28-08-2026 22:00:00",22.7084,75.8815,PM2.5,29,103,45
India,"Madhya Pradesh",Indore,"Residency Area, Indore - IMC","28-08-2026 22:00:00",22.7084,75.8815,CO,1,3,2
India,"Madhya Pradesh",Jabalpur,"Marhatal, Jabalpur - MPPCB","28-08-2026 22:00:00",23.168606,79.932247,NH3,3,3,3
India,"Madhya Pradesh",Jabalpur,"Marhatal, Jabalpur - MPPCB","28-08-2026 22:00:00",23.168606,79.932247,CO,49,69,59
India,"Madhya Pradesh",Jabalpur,"Marhatal, Jabalpur - MPPCB","28-08-2026 22:00:00",23.168606,79.932247,OZONE,12,21,16
India,"Madhya Pradesh",Jabalpur,"Govindh Bhavan Colony, Jabalpur - JMC","28-08-2026 22:00:00",23.163174,79.973061,CO,38,43,40
India,"Madhya Pradesh",Jabalpur,"Suhagi, Jabalpur - JMC","28-08-2026 22:00:00",23.218135,79.95777,PM2.5,14,451,96
India,"Madhya Pradesh",Jabalpur,"Suhagi, Jabalpur - JMC","28-08-2026 22:00:00",23.218135,79.95777,OZONE,22,30,25
India,"Madhya Pradesh",Maihar,"Sahilara, Maihar - KJS Cements","28-08-2026 22:00:00",24.2613009,80.7231783,NH3,NA,NA,NA
India,"Madhya Pradesh",Maihar,"Sahilara, Maihar - KJS Cements","28-08-2026 22:00:00",24.2613009,80.7231783,CO,26,26,26
India,"Madhya Pradesh",Mandideep,"Sector-D Industrial Area, Mandideep - MPPCB","28-08-2026 22:00:00",23.10844,77.511428,PM10,90,129,109
India,"Madhya Pradesh",Mandideep,"Sector-D Industrial Area, Mandideep - MPPCB","28-08-2026 22:00:00",23.10844,77.511428,NO2,NA,NA,NA
India,"Madhya Pradesh",Pithampur,"Sector-2 Industrial Area, Pithampur - MPPCB","28-08-2026 22:00:00",22.624758,75.675238,PM10,98,136,111
India,Maharashtra,Mumbai,"Khindipada-Bhandup West, Mumbai - IITM","28-08-2026 22:00:00",19.1653323,72.922099,OZONE,13,23,19
India,Maharashtra,Mumbai,"Malad West, Mumbai - IITM","28-08-2026 22:00:00",19.19709,72.82204,NO2,11,24,17
India,Maharashtra,Mumbai,"Malad West, Mumbai - IITM","28-08-2026 22:00:00",19.19709,72.82204,NH3,1,2,2
India,Maharashtra,Mumbai,"Borivali East, Mumbai - IITM","28-08-2026 22:00:00",19.23241,72.86895,NH3,2,3,2
India,Maharashtra,Mumbai,"Borivali East, Mumbai - IITM","28-08-2026 22:00:00",19.23241,72.86895,OZONE,24,43,34
India,Maharashtra,Mumbai,"Mazgaon, Mumbai - IITM","28-08-2026 22:00:00",18.96702,72.84214,PM10,35,53,45
India,Maharashtra,Mumbai,"Mazgaon, Mumbai - IITM","28-08-2026 22:00:00",18.96702,72.84214,OZONE,14,20,18
India,Maharashtra,Mumbai,"Chakala-Andheri East, Mumbai - IITM","28-08-2026 22:00:00",19.11074,72.86084,NO2,2,5,4
India,Maharashtra,Mumbai,"Chakala-Andheri East, Mumbai - IITM","28-08-2026 22:00:00",19.11074,72.86084,NH3,1,2,1
India,Maharashtra,Mumbai,"Chakala-Andheri East, Mumbai - IITM","28-08-2026 22:00:00",19.11074,72.86084,CO,25,28,26
India,Maharashtra,Mumbai,"Kurla, Mumbai - MPCB","28-08-2026 22:00:00",19.0863,72.8888,SO2,29,29,29
India,Maharashtra,Mumbai,"Ghatkopar, Mumbai - BMC","28-08-2026 22:00:00",19.083694,72.920967,PM10,30,50,39
India,Maharashtra,Mumbai,"Ghatkopar, Mumbai - BMC","28-08-2026 22:00:00",19.083694,72.920967,OZONE,2,6,4
India,Maharashtra,Mumbai,"Deonar, Mumbai - IITM","28-08-2026 22:00:00",19.04946,72.923,SO2,1,6,4
India,Maharashtra,Mumbai,"Chhatrapati Shivaji Intl. Airport (T2), Mumbai - MPCB","28-08-2026 22:00:00",19.10078,72.87462,CO,NA,NA,NA
India,Maharashtra,Mumbai,"Chhatrapati Shivaji Intl. Airport (T2), Mumbai - MPCB","28-08-2026 22:00:00",19.10078,72.87462,OZONE,NA,NA,NA
India,Maharashtra,Nagpur,"Mahal, Nagpur - MPCB","28-08-2026 22:00:00",21.14472,79.107595,OZONE,4,27,14
India,Maharashtra,Nagpur,"Ram Nagar, Nagpur - MPCB","28-08-2026 22:00:00",21.143383,79.048912,NH3,0,2,1
India,Maharashtra,Jalgaon,"Prabhat Colony, Jalgaon - MPCB","28-08-2026 22:00:00",21.001264,75.565602,CO,31,38,34
India,Maharashtra,Jalna,"Old MIDC, Jalna - MPCB","28-08-2026 22:00:00",19.854616,75.905894,PM10,NA,NA,NA
India,Maharashtra,Jalna,"Old MIDC, Jalna - MPCB","28-08-2026 22:00:00",19.854616,75.905894,NH3,NA,NA,NA
India,Maharashtra,Jalna,"Old MIDC, Jalna - MPCB","28-08-2026 22:00:00",19.854616,75.905894,CO,23,34,26
India,Maharashtra,Kalyan,"Khadakpada, Kalyan - MPCB","28-08-2026 22:00:00",19.25292,73.142019,SO2,NA,NA,NA
India,Maharashtra,Kalyan,"Khadakpada, Kalyan - MPCB","28-08-2026 22:00:00",19.25292,73.142019,OZONE,8,8,8
India,Maharashtra,Kolhapur,"Sinchan Bhavan, Kolhapur - MPCB","28-08-2026 22:00:00",16.7143745,74.2426398,NH3,0,2,1
India,Maharashtra,Kolhapur,"Sinchan Bhavan, Kolhapur - MPCB","28-08-2026 22:00:00",16.7143745,74.2426398,CO,9,11,10
India,Maharashtra,Latur,"Sawe Wadi, Latur - MPCB","28-08-2026 22:00:00",18.39963,76.57452,NH3,2,5,3
India,Maharashtra,Latur,"Sawe Wadi, Latur - MPCB","28-08-2026 22:00:00",18.39963,76.57452,CO,3,14,7
India,Maharashtra,Mahad,"Kamble Tarf Birwadi, Mahad - MPCB","28-08-2026 22:00:00",18.1023399,73.4783687,CO,35,43,40
India,Maharashtra,Malegaon,"Mahesh Nagar, Malegaon - MPCB","28-08-2026 22:00:00",20.555712,74.529236,NO2,16,19,17
India,Maharashtra,Malegaon,"Mahesh Nagar, Malegaon - MPCB","28-08-2026 22:00:00",20.555712,74.529236,SO2,0,4,1
India,Maharashtra,Malegaon,"Mahesh Nagar, Malegaon - MPCB","28-08-2026 22:00:00",20.555712,74.529236,OZONE,18,22,20
India,Maharashtra,Mira-Bhayandar,"Bhayandar West, Mira-Bhayandar - MPCB","28-08-2026 22:00:00",19.296481,72.840923,CO,10,12,11
India,Maharashtra,Mumbai,"Shivaji Nagar, Mumbai - BMC","28-08-2026 22:00:00",19.060498,72.923356,NO2,6,17,9
India,Karnataka,Madikeri,"Stuart Hill, Madikeri - KSPCB","28-08-2026 22:00:00",12.415911,75.73505,SO2,7,8,7
India,Karnataka,Mysuru,"Hebbal 1st Stage, Mysuru - KSPCB","28-08-2026 22:00:00",12.21041,76.37376,OZONE,20,61,36
India,Karnataka,Ramanagara,"Vijay Nagar, Ramanagara - KSPCB","28-08-2026 22:00:00",12.733409,77.298051,NO2,NA,NA,NA
India,Karnataka,Shivamogga,"Vinoba Nagara, Shivamogga - KSPCB","28-08-2026 22:00:00",13.94,75.555917,NO2,20,21,21
India,Karnataka,Shivamogga,"Vinoba Nagara, Shivamogga - KSPCB","28-08-2026 22:00:00",13.94,75.555917,NH3,2,2,2
India,Karnataka,Shivamogga,"Vinoba Nagara, Shivamogga - KSPCB","28-08-2026 22:00:00",13.94,75.555917,SO2,4,4,4
India,Karnataka,Vijayapura,"Ibrahimpur, Vijayapura - KSPCB","28-08-2026 22:00:00",16.802639,75.722694,PM10,42,43,43
India,Karnataka,Vijayapura,"Ibrahimpur, Vijayapura - KSPCB","28-08-2026 22:00:00",16.802639,75.722694,NO2,11,12,11
India,Karnataka,Vijayapura,"Ibrahimpur, Vijayapura - KSPCB","28-08-2026 22:00:00",16.802639,75.722694,OZONE,16,17,16
India,Kerala,Eloor,"Udyogamandal, Eloor - Kerala PCB","28-08-2026 22:00:00",10.073232,76.302765,PM10,61,68,65
India,Kerala,Thiruvananthapuram,"Plammoodu, Thiruvananthapuram - Kerala PCB","28-08-2026 22:00:00",8.5149093,76.9435879,PM10,17,37,28
India,Kerala,Thiruvananthapuram,"Plammoodu, Thiruvananthapuram - Kerala PCB","28-08-2026 22:00:00",8.5149093,76.9435879,NO2,2,4,3
India,Kerala,Thiruvananthapuram,"Kariavattom, Thiruvananthapuram - Kerala PCB","28-08-2026 22:00:00",8.5637,76.8865,NO2,6,7,6
India,Kerala,Thiruvananthapuram,"Kariavattom, Thiruvananthapuram - Kerala PCB","28-08-2026 22:00:00",8.5637,76.8865,NH3,0,0,0
India,Kerala,Thiruvananthapuram,"Kariavattom, Thiruvananthapuram - Kerala PCB","28-08-2026 22:00:00",8.5637,76.8865,CO,20,23,22
India,Kerala,Thiruvananthapuram,"Kariavattom, Thiruvananthapuram - Kerala PCB","28-08-2026 22:00:00",8.5637,76.8865,OZONE,30,31,31
India,Maharashtra,Nagpur,"Opp GPO Civil Lines, Nagpur - MPCB","28-08-2026 22:00:00",21.152875,79.0517531,PM2.5,10,67,40
India,Maharashtra,Nagpur,"Ambazari, Nagpur - MPCB","28-08-2026 22:00:00",21.121801,79.04952,OZONE,10,19,16
India,Maharashtra,Nanded,"Sneh Nagar, Nanded - MPCB","28-08-2026 22:00:00",19.173852,77.296291,CO,20,25,23
India,Maharashtra,Nashik,"Gangapur Road, Nashik - MPCB","28-08-2026 22:00:00",20.0073285,73.7762427,SO2,1,7,4
India,Maharashtra,Nashik,"Gangapur Road, Nashik - MPCB","28-08-2026 22:00:00",20.0073285,73.7762427,OZONE,11,20,13
India,Maharashtra,Nashik,"Pandav Nagari, Nashik - MPCB","28-08-2026 22:00:00",19.9591346,73.7788008,OZONE,10,19,14
India,Maharashtra,Nashik,"Hirawadi, Nashik - MPCB","28-08-2026 22:00:00",20.021503,73.813844,CO,42,46,44
India,Maharashtra,Nashik,"MIDC Ambad, Nashik - MPCB","28-08-2026 22:00:00",19.95022,73.73148,CO,19,20,19
India,Maharashtra,"Navi Mumbai","Kopripada-Vashi, Navi Mumbai - MPCB","28-08-2026 22:00:00",19.090337,73.014232,NO2,5,12,8
India,Maharashtra,"Navi Mumbai","Kopripada-Vashi, Navi Mumbai - MPCB","28-08-2026 22:00:00",19.090337,73.014232,SO2,1,2,1
India,Maharashtra,"Navi Mumbai","Tondare-Taloja, Navi Mumbai - MPCB","28-08-2026 22:00:00",19.063,73.1209,PM10,28,82,52
India,Maharashtra,"Navi Mumbai","Tondare-Taloja, Navi Mumbai - MPCB","28-08-2026 22:00:00",19.063,73.1209,OZONE,19,20,20
India,Maharashtra,"Navi Mumbai","Sector-2E Kalamboli, Navi Mumbai - MPCB","28-08-2026 22:00:00",19.02579,73.10297,PM2.5,13,31,19
India,Maharashtra,"Navi Mumbai","Sector-2E Kalamboli, Navi Mumbai - MPCB","28-08-2026 22:00:00",19.02579,73.10297,NO2,5,11,8
India,Ladakh,Leh,"Skara Yokma, Leh - LPCC","28-08-2026 22:00:00",34.147096,77.55709,PM10,9,48,22
India,"Madhya Pradesh",Bhopal,"Idgah Hills, Bhopal - MPPCB","28-08-2026 22:00:00",23.264759,77.381568,PM10,78,135,100
India,"Madhya Pradesh",Bhopal,"Idgah Hills, Bhopal - MPPCB","28-08-2026 22:00:00",23.264759,77.381568,OZONE,7,23,16
India,"Madhya Pradesh",Bhopal,"T T Nagar, Bhopal - MPPCB","28-08-2026 22:00:00",23.233584,77.400574,PM2.5,26,72,50
India,"Madhya Pradesh",Bhopal,"T T Nagar, Bhopal - MPPCB","28-08-2026 22:00:00",23.233584,77.400574,CO,28,46,39
India,"Madhya Pradesh",Gwalior,"Maharaj Bada, Gwalior - MPPCB","28-08-2026 22:00:00",26.200388,78.147714,PM2.5,37,395,97
India,"Madhya Pradesh",Gwalior,"City Center, Gwalior - MPPCB","28-08-2026 22:00:00",26.203442,78.193251,PM10,49,61,55
India,"Madhya Pradesh",Gwalior,"Deen Dayal Nagar, Gwalior - MPPCB","28-08-2026 22:00:00",26.259242,78.216432,PM2.5,25,48,35
India,"Madhya Pradesh",Gwalior,"Deen Dayal Nagar, Gwalior - MPPCB","28-08-2026 22:00:00",26.259242,78.216432,PM10,60,120,92
India,"Madhya Pradesh",Indore,"Regional Park, Indore - IMC","28-08-2026 22:00:00",22.678,75.8559,PM2.5,18,44,28
India,"Madhya Pradesh",Indore,"Regional Park, Indore - IMC","28-08-2026 22:00:00",22.678,75.8559,PM10,21,55,34
India,"Madhya Pradesh",Indore,"Regional Park, Indore - IMC","28-08-2026 22:00:00",22.678,75.8559,NH3,1,4,2
India,Maharashtra,Mumbai,"Siddharth Nagar-Worli, Mumbai - IITM","28-08-2026 22:00:00",19.000083,72.813993,NH3,1,2,1
India,Maharashtra,Mumbai,"Kherwadi_Bandra East, Mumbai - MPCB","28-08-2026 22:00:00",19.0632143,72.8456324,PM2.5,NA,NA,NA
India,Maharashtra,Mumbai,"Byculla, Mumbai - BMC","28-08-2026 22:00:00",18.9767,72.838,PM10,18,41,24
India,Maharashtra,Mumbai,"Byculla, Mumbai - BMC","28-08-2026 22:00:00",18.9767,72.838,CO,30,34,32
India,Maharashtra,Mumbai,"Byculla, Mumbai - BMC","28-08-2026 22:00:00",18.9767,72.838,OZONE,7,10,8
India,Maharashtra,Mumbai,"Worli, Mumbai - MPCB","28-08-2026 22:00:00",18.9936162,72.8128113,NO2,1,9,5
India,Maharashtra,Mumbai,"Sewri, Mumbai - BMC","28-08-2026 22:00:00",19.000084,72.85673,PM2.5,16,29,19
India,Maharashtra,Mumbai,"Sewri, Mumbai - BMC","28-08-2026 22:00:00",19.000084,72.85673,OZONE,7,7,7
India,Maharashtra,Mumbai,"Khindipada-Bhandup West, Mumbai - IITM","28-08-2026 22:00:00",19.1653323,72.922099,NO2,15,21,17
India,Maharashtra,Mumbai,"Khindipada-Bhandup West, Mumbai - IITM","28-08-2026 22:00:00",19.1653323,72.922099,SO2,3,10,7
India,Maharashtra,"Navi Mumbai","Mahape, Navi Mumbai - MPCB","28-08-2026 22:00:00",19.1135051,73.008978,NO2,42,44,43
India,Maharashtra,"Navi Mumbai","Mahape, Navi Mumbai - MPCB","28-08-2026 22:00:00",19.1135051,73.008978,SO2,14,15,14
India,Maharashtra,"Navi Mumbai","Nerul, Navi Mumbai - MPCB","28-08-2026 22:00:00",19.008751,73.01662,SO2,NA,NA,NA
India,Maharashtra,"Navi Mumbai","Nerul, Navi Mumbai - MPCB","28-08-2026 22:00:00",19.008751,73.01662,OZONE,NA,NA,NA
India,Maharashtra,Parbhani,"Masoom Colony, Parbhani - MPCB","28-08-2026 22:00:00",19.265594,76.761463,OZONE,30,106,84
India,Maharashtra,Pimpri-Chinchwad,"Gavalinagar, Pimpri Chinchwad - MPCB","28-08-2026 22:00:00",18.63673,73.82487,PM10,27,53,39
India,Maharashtra,Pimpri-Chinchwad,"Gavalinagar, Pimpri Chinchwad - MPCB","28-08-2026 22:00:00",18.63673,73.82487,OZONE,9,16,13
India,Maharashtra,Pimpri-Chinchwad,"Bhosari, Pune - IITM","28-08-2026 22:00:00",18.640051,73.848956,PM2.5,18,42,28
India,Maharashtra,Pimpri-Chinchwad,"Bhosari, Pune - IITM","28-08-2026 22:00:00",18.640051,73.848956,PM10,46,83,65
India,Maharashtra,Pimpri-Chinchwad,"Bhosari, Pune - IITM","28-08-2026 22:00:00",18.640051,73.848956,NO2,19,36,25
India,Maharashtra,Pimpri-Chinchwad,"Bhosari, Pune - IITM","28-08-2026 22:00:00",18.640051,73.848956,OZONE,14,21,18
India,Maharashtra,Pimpri-Chinchwad,"Bhumkar Nagar, Pune - IITM","28-08-2026 22:00:00",18.60577,73.749976,OZONE,6,11,9
India,Maharashtra,Pimpri-Chinchwad,"Thergaon, Pimpri Chinchwad - MPCB","28-08-2026 22:00:00",18.616318,73.765797,SO2,0,3,2
India,Maharashtra,Pimpri-Chinchwad,"Transport Nagar-Nigdi, Pune - IITM","28-08-2026 22:00:00",18.664282,73.763966,PM2.5,13,51,28
India,Maharashtra,Pimpri-Chinchwad,"Park Street Wakad, Pimpri Chinchwad - MPCB","28-08-2026 22:00:00",18.59051,73.77946,PM10,36,55,43
India,Maharashtra,Pimpri-Chinchwad,"Savta Mali Nagar, Pimpri-Chinchwad - IITM","28-08-2026 22:00:00",18.614767,73.799516,SO2,NA,NA,NA
India,Maharashtra,Pune,"Katraj Dairy, Pune - MPCB","28-08-2026 22:00:00",18.45445,73.854155,PM10,30,63,44
India,Maharashtra,Pune,"Katraj Dairy, Pune - MPCB","28-08-2026 22:00:00",18.45445,73.854155,NO2,10,12,11
India,Maharashtra,Pune,"Katraj Dairy, Pune - MPCB","28-08-2026 22:00:00",18.45445,73.854155,SO2,2,3,3
India,Maharashtra,Pune,"Katraj Dairy, Pune - MPCB","28-08-2026 22:00:00",18.45445,73.854155,OZONE,10,10,10
India,Maharashtra,Pune,"Hadapsar, Pune - IITM","28-08-2026 22:00:00",18.501793,73.927532,PM10,24,91,52
India,Maharashtra,Pune,"Hadapsar, Pune - IITM","28-08-2026 22:00:00",18.501793,73.927532,CO,44,107,84
India,Maharashtra,Pune,"Revenue Colony-Shivajinagar, Pune - IITM","28-08-2026 22:00:00",18.530085,73.849598,NO2,8,28,17
India,Maharashtra,Pune,"Revenue Colony-Shivajinagar, Pune - IITM","28-08-2026 22:00:00",18.530085,73.849598,NH3,NA,NA,NA
India,Maharashtra,Pune,"Revenue Colony-Shivajinagar, Pune - IITM","28-08-2026 22:00:00",18.530085,73.849598,OZONE,9,13,11
India,Maharashtra,Pune,"Mhada Colony, Pune - IITM","28-08-2026 22:00:00",18.57304,73.927715,CO,18,110,56
India,Maharashtra,Pune,"Dhankawadi, Pune - IITM","28-08-2026 22:00:00",18.459883,73.852193,PM10,34,65,46
India,Maharashtra,Pune,"Panchawati_Pashan, Pune - IITM","28-08-2026 22:00:00",18.536457,73.805454,PM2.5,21,57,35
India,Maharashtra,Sangli,"Vijay Nagar, Sangli - MPCB","28-08-2026 22:00:00",16.5038,74.3623,NH3,0,3,1
India,Maharashtra,Sangli,"Vijay Nagar, Sangli - MPCB","28-08-2026 22:00:00",16.5038,74.3623,SO2,1,7,5
India,Maharashtra,Satara,"Koyana Nagar, Satara - MPCB","28-08-2026 22:00:00",17.696651,74.003387,CO,14,37,25
India,Maharashtra,Satara,"Koyana Nagar, Satara - MPCB","28-08-2026 22:00:00",17.696651,74.003387,OZONE,7,25,14
India,Maharashtra,Solapur,"Dnyaneshwar Nagar, Solapur - MPCB","28-08-2026 22:00:00",17.6336264,75.9132495,NO2,4,12,6
India,Maharashtra,Solapur,"Ratandeep Housing Society, Solapur - MPCB","28-08-2026 22:00:00",17.65439,75.90649,NH3,2,6,4
India,Maharashtra,Thane,"Upvan Fort, Thane - MPCB","28-08-2026 22:00:00",19.222279,72.957979,PM2.5,13,24,16
India,Maharashtra,Thane,"Upvan Fort, Thane - MPCB","28-08-2026 22:00:00",19.222279,72.957979,NO2,2,14,4
India,Rajasthan,Nagaur,"Karni Colony, Nagaur - RSPCB","28-08-2026 22:00:00",27.213494,73.734444,CO,9,13,11
India,Rajasthan,Pali,"Indira Colony Vistar, Pali - RSPCB","28-08-2026 22:00:00",25.771061,73.340227,PM2.5,69,175,112
India,Rajasthan,Pali,"Indira Colony Vistar, Pali - RSPCB","28-08-2026 22:00:00",25.771061,73.340227,SO2,8,13,11
India,Rajasthan,Pratapgarh,"Pragati Nagar, Pratapgarh - RSPCB","28-08-2026 22:00:00",24.041198,74.780702,SO2,1,3,2
India,Rajasthan,Rajsamand,"Dhoinda, Rajsamand - RSPCB","28-08-2026 22:00:00",25.03636,73.883502,SO2,4,6,5
India,Rajasthan,Rajsamand,"Dhoinda, Rajsamand - RSPCB","28-08-2026 22:00:00",25.03636,73.883502,CO,15,18,17
India,Rajasthan,Sikar,"Radhakishan Pura, Sikar - RSPCB","28-08-2026 22:00:00",27.608912,75.153302,NH3,10,11,11
India,Rajasthan,Sirohi,"Vedhaynath Colony, Sirohi - RSPCB","28-08-2026 22:00:00",24.885261,72.857549,PM10,57,135,86
India,Rajasthan,Sirohi,"Vedhaynath Colony, Sirohi - RSPCB","28-08-2026 22:00:00",24.885261,72.857549,SO2,5,6,6
India,Rajasthan,Sirohi,"Vedhaynath Colony, Sirohi - RSPCB","28-08-2026 22:00:00",24.885261,72.857549,OZONE,53,69,61
India,Rajasthan,"Sri Ganganagar","Old City, Sri Ganganagar - RSPCB","28-08-2026 22:00:00",29.931624,73.864511,SO2,0,8,4
India,Rajasthan,"Sri Ganganagar","Old City, Sri Ganganagar - RSPCB","28-08-2026 22:00:00",29.931624,73.864511,OZONE,23,29,27
India,Rajasthan,Tonk,"Shastri Nagar, Tonk - RSPCB","28-08-2026 22:00:00",26.159933,75.780517,PM10,123,154,135
India,Rajasthan,Tonk,"Shastri Nagar, Tonk - RSPCB","28-08-2026 22:00:00",26.159933,75.780517,SO2,2,19,3
India,Sikkim,Gangtok,"Zero Point GICI, Gangtok - SSPCB","28-08-2026 22:00:00",27.33853,88.614099,OZONE,1,2,2
India,"Tamil Nadu",Chennai,"Kodungaiyur, Chennai - TNPCB","28-08-2026 22:00:00",13.1278,80.2642,CO,28,33,30
India,Rajasthan,Jaisalmer,"Sadar Bazar, Jaisalmer - RSPCB","28-08-2026 22:00:00",26.912329,70.909168,OZONE,47,50,49
India,Rajasthan,Jhalawar,"Rajlaxmi Nagar, Jhalawar - RSPCB","28-08-2026 22:00:00",24.588397,76.172782,NH3,2,6,4
India,Rajasthan,Jhunjhunu,"Indra Nagar, Jhunjhunu - RSPCB","28-08-2026 22:00:00",28.108988,75.386577,SO2,3,4,4
India,Rajasthan,Jhunjhunu,"Indra Nagar, Jhunjhunu - RSPCB","28-08-2026 22:00:00",28.108988,75.386577,OZONE,43,60,52
India,Rajasthan,Jodhpur,"Digari Kalan, Jodhpur - RSPCB","28-08-2026 22:00:00",26.29581,73.082283,PM2.5,12,37,22
India,Rajasthan,Jodhpur,"Digari Kalan, Jodhpur - RSPCB","28-08-2026 22:00:00",26.29581,73.082283,CO,8,12,10
India,Rajasthan,Jodhpur,"Mandor, Jodhpur - RSPCB","28-08-2026 22:00:00",26.358805,73.047444,CO,3,8,6
India,Rajasthan,Jodhpur,"Collectorate, Jodhpur - RSPCB","28-08-2026 22:00:00",26.268249,73.0193853,NH3,1,7,4
India,Rajasthan,Jodhpur,"Collectorate, Jodhpur - RSPCB","28-08-2026 22:00:00",26.268249,73.0193853,OZONE,12,14,13
India,Rajasthan,Jodhpur,"Samrat Ashok Udhyan, Jodhpur - RSPCB","28-08-2026 22:00:00",26.253384,72.976571,NH3,2,3,2
India,Rajasthan,Karauli,"Satyawati Vihar, Karauli - RSPCB","28-08-2026 22:00:00",26.506177,77.025989,PM2.5,32,52,44
India,Rajasthan,Kota,"Nayapura, Kota - RSPCB","28-08-2026 22:00:00",25.196024,75.855668,PM2.5,35,80,59
India,Rajasthan,Kota,"Nayapura, Kota - RSPCB","28-08-2026 22:00:00",25.196024,75.855668,SO2,7,9,8
India,Rajasthan,Kota,"Nayapura, Kota - RSPCB","28-08-2026 22:00:00",25.196024,75.855668,OZONE,34,70,48
India,Rajasthan,Kota,"Dhanmandi, Kota - RSPCB","28-08-2026 22:00:00",25.16409,75.858137,PM2.5,17,48,36
India,Rajasthan,Kota,"Shrinath Puram, Kota - RSPCB","28-08-2026 22:00:00",25.14389,75.821256,PM10,64,93,77
India,Rajasthan,Kota,"Shrinath Puram, Kota - RSPCB","28-08-2026 22:00:00",25.14389,75.821256,NH3,2,8,5
India,Maharashtra,Thane,"Kasarvadavali, Thane - MPCB","28-08-2026 22:00:00",19.26777,72.97182,NO2,7,13,10
India,Maharashtra,Ulhasnagar,"Sidhi Vinayak Nagar, Ulhasnagar - MPCB","28-08-2026 22:00:00",19.235581,73.159121,PM2.5,28,102,53
India,Maharashtra,Ulhasnagar,"Sidhi Vinayak Nagar, Ulhasnagar - MPCB","28-08-2026 22:00:00",19.235581,73.159121,PM10,30,105,56
India,Maharashtra,Ulhasnagar,"Sidhi Vinayak Nagar, Ulhasnagar - MPCB","28-08-2026 22:00:00",19.235581,73.159121,NO2,9,11,10
India,Maharashtra,Ulhasnagar,"Sidhi Vinayak Nagar, Ulhasnagar - MPCB","28-08-2026 22:00:00",19.235581,73.159121,NH3,2,2,2
India,Maharashtra,Virar,"Bolinj, Virar - MPCB","28-08-2026 22:00:00",19.445821,72.7988231,SO2,2,4,3
India,Meghalaya,Shillong,"JN Stadium, Shillong - Meghalaya PCB","28-08-2026 22:00:00",25.5803419,91.8942571,SO2,11,26,23
India,Meghalaya,Shillong,"JN Stadium, Shillong - Meghalaya PCB","28-08-2026 22:00:00",25.5803419,91.8942571,CO,24,59,36
India,Mizoram,Aizawl,"Sikulpuikawn, Aizawl - Mizoram PCB","28-08-2026 22:00:00",23.7176342,92.7192841,NO2,1,2,1
India,Nagaland,Kohima,"PWD Junction, Kohima - NPCB","28-08-2026 22:00:00",25.6635413,94.0989878,NO2,3,4,3
India,Odisha,Angul,"Hakimapada, Angul - OSPCB","28-08-2026 22:00:00",20.832874,85.104082,NO2,6,16,10
India,Odisha,Angul,"Hakimapada, Angul - OSPCB","28-08-2026 22:00:00",20.832874,85.104082,OZONE,44,55,50
India,Odisha,Barbil,"Forest Office, Barbil - OSPCB","28-08-2026 22:00:00",22.1166054,85.3945546,PM10,22,124,56
India,Odisha,Baripada,"Meher Colony, Baripada - OSPCB","28-08-2026 22:00:00",21.941841,86.728318,PM2.5,23,87,45
India,Odisha,Baripada,"Meher Colony, Baripada - OSPCB","28-08-2026 22:00:00",21.941841,86.728318,PM10,38,87,60
India,Odisha,Baripada,"Meher Colony, Baripada - OSPCB","28-08-2026 22:00:00",21.941841,86.728318,NH3,0,2,1
India,Rajasthan,Ajmer,"Civil Lines,  Ajmer - RSPCB","28-08-2026 22:00:00",26.470859,74.646594,NH3,5,6,6
India,Rajasthan,Alwar,"Moti Doongri, Alwar - RSPCB","28-08-2026 22:00:00",27.554793,76.611536,NO2,25,53,31
India,Rajasthan,Alwar,"Moti Doongri, Alwar - RSPCB","28-08-2026 22:00:00",27.554793,76.611536,SO2,14,37,26
India,Rajasthan,Alwar,"Moti Doongri, Alwar - RSPCB","28-08-2026 22:00:00",27.554793,76.611536,OZONE,24,42,32
India,Rajasthan,Banswara,"Rati Talai, Banswara - RSPCB","28-08-2026 22:00:00",23.55519,74.44001,PM10,60,100,79
India,Rajasthan,Banswara,"Rati Talai, Banswara - RSPCB","28-08-2026 22:00:00",23.55519,74.44001,CO,6,6,6
India,Rajasthan,Baran,"Bamboliya, Baran - RSPCB","28-08-2026 22:00:00",25.106006,76.469948,PM10,35,104,86
India,Rajasthan,Barmer,"Railway Colony, Barmer - RSPCB","28-08-2026 22:00:00",25.747299,71.393989,CO,13,21,17
India,Rajasthan,Bharatpur,"Krishna Nagar, Bharatpur - RSPCB","28-08-2026 22:00:00",27.215415,77.50873,PM2.5,27,40,33
India,Rajasthan,Bharatpur,"Krishna Nagar, Bharatpur - RSPCB","28-08-2026 22:00:00",27.215415,77.50873,NO2,4,14,7
India,Rajasthan,Bhiwadi,"RIICO Ind. Area III, Bhiwadi - RSPCB","28-08-2026 22:00:00",28.194909,76.862296,NO2,31,82,47
India,Rajasthan,Bhiwadi,"Vasundhara Nagar_UIT, Bhiwadi - RSPCB","28-08-2026 22:00:00",28.207266,76.829265,NO2,NA,NA,NA
India,Rajasthan,Bhiwadi,"Vasundhara Nagar_UIT, Bhiwadi - RSPCB","28-08-2026 22:00:00",28.207266,76.829265,OZONE,19,21,20
India,Rajasthan,Bikaner,"MM Ground, Bikaner - RSPCB","28-08-2026 22:00:00",28.018792,73.292658,PM10,74,194,107
India,Rajasthan,Churu,"Subash Chowk, Churu - RSPCB","28-08-2026 22:00:00",28.296139,74.961696,PM2.5,NA,NA,NA
India,Rajasthan,Churu,"Subash Chowk, Churu - RSPCB","28-08-2026 22:00:00",28.296139,74.961696,NO2,NA,NA,NA
India,Rajasthan,Dungarpur,"Bhoiwada, Dungarpur - RSPCB","28-08-2026 22:00:00",23.837789,73.714926,PM10,34,60,45
India,Rajasthan,Dungarpur,"Bhoiwada, Dungarpur - RSPCB","28-08-2026 22:00:00",23.837789,73.714926,NO2,6,9,7
India,Rajasthan,Dungarpur,"Bhoiwada, Dungarpur - RSPCB","28-08-2026 22:00:00",23.837789,73.714926,NH3,14,18,16
India,Rajasthan,Hanumangarh,"Housing Board, Hanumangarh - RSPCB","28-08-2026 22:00:00",29.61075,74.283608,PM2.5,24,162,47
India,Rajasthan,Hanumangarh,"Housing Board, Hanumangarh - RSPCB","28-08-2026 22:00:00",29.61075,74.283608,SO2,5,11,9
India,Rajasthan,Jaipur,"Mansarovar Sector-12, Jaipur - RSPCB","28-08-2026 22:00:00",26.843698,75.766894,NH3,1,3,2
India,Rajasthan,Jaipur,"Sector-2 Murlipura, Jaipur - RSPCB","28-08-2026 22:00:00",26.960669,75.771817,PM10,80,143,101
India,Rajasthan,Jaipur,"Sector-2 Murlipura, Jaipur - RSPCB","28-08-2026 22:00:00",26.960669,75.771817,NH3,3,13,8
India,Rajasthan,Jaipur,"Sector-2 Murlipura, Jaipur - RSPCB","28-08-2026 22:00:00",26.960669,75.771817,CO,51,75,63
India,Rajasthan,Jaipur,"Police Commissionerate, Jaipur - RSPCB","28-08-2026 22:00:00",26.9164092,75.7994901,SO2,11,18,15
India,Rajasthan,Jaipur,"RIICO Sitapura, Jaipur - RSPCB","28-08-2026 22:00:00",26.786682,75.827928,NH3,2,3,2
India,Rajasthan,Jaipur,"RIICO Sitapura, Jaipur - RSPCB","28-08-2026 22:00:00",26.786682,75.827928,CO,19,42,26
India,Rajasthan,Jaipur,"Shastri Nagar, Jaipur - RSPCB","28-08-2026 22:00:00",26.9502929,75.730943,SO2,0,18,10
India,Rajasthan,Jaipur,"Adarsh Nagar, Jaipur - RSPCB","28-08-2026 22:00:00",26.902909,75.836858,PM2.5,36,81,59
India,Rajasthan,Jaisalmer,"Sadar Bazar, Jaisalmer - RSPCB","28-08-2026 22:00:00",26.912329,70.909168,NO2,34,42,38
India,Rajasthan,Jaisalmer,"Sadar Bazar, Jaisalmer - RSPCB","28-08-2026 22:00:00",26.912329,70.909168,NH3,11,19,15
India,Rajasthan,Jaisalmer,"Sadar Bazar, Jaisalmer - RSPCB","28-08-2026 22:00:00",26.912329,70.909168,SO2,2,7,4
India,Odisha,Baripada,"Meher Colony, Baripada - OSPCB","28-08-2026 22:00:00",21.941841,86.728318,CO,10,26,17
India,Odisha,Bhubaneswar,"Lingraj Mandir, Bhubaneswar - OSPCB","28-08-2026 22:00:00",20.24079,85.836784,NH3,0,4,2
India,Odisha,Bhubaneswar,"Lingraj Mandir, Bhubaneswar - OSPCB","28-08-2026 22:00:00",20.24079,85.836784,SO2,8,10,9
India,Odisha,Brajrajnagar,"GM Office, Brajrajnagar - OSPCB","28-08-2026 22:00:00",21.8004996,83.8396977,NO2,28,33,31
India,Odisha,Cuttack,"CDA Area, Cuttack - OSPCB","28-08-2026 22:00:00",20.48891,85.84768,OZONE,35,55,42
India,Odisha,Keonjhar,"Jagamohanpur, Keonjhar - OSPCB","28-08-2026 22:00:00",21.6439,85.599355,PM10,44,84,61
India,Odisha,Keonjhar,"Jagamohanpur, Keonjhar - OSPCB","28-08-2026 22:00:00",21.6439,85.599355,SO2,16,32,22
India,Odisha,Keonjhar,"Jagamohanpur, Keonjhar - OSPCB","28-08-2026 22:00:00",21.6439,85.599355,CO,40,42,41
India,Odisha,Nayagarh,"Dabuna, Nayagarh - OSPCB","28-08-2026 22:00:00",21.847279,85.416905,PM10,25,326,139
India,Odisha,Nayagarh,"Dabuna, Nayagarh - OSPCB","28-08-2026 22:00:00",21.847279,85.416905,NH3,8,10,9
India,Odisha,Rourkela,"Raghunathpali, Rourkela - OSPCB","28-08-2026 22:00:00",22.220833,84.809444,PM10,24,57,32
India,Odisha,Rourkela,"Raghunathpali, Rourkela - OSPCB","28-08-2026 22:00:00",22.220833,84.809444,NH3,1,1,1
India,Odisha,Rourkela,"Raghunathpali, Rourkela - OSPCB","28-08-2026 22:00:00",22.220833,84.809444,CO,31,43,36
India,Odisha,Rourkela,"Fertilizer Township, Rourkela - OSPCB","28-08-2026 22:00:00",22.18972222,84.86277778,PM10,NA,NA,NA
India,Odisha,Talcher,"Talcher Coalfields,Talcher - OSPCB","28-08-2026 22:00:00",20.9360711,85.1707021,PM2.5,16,100,42
India,Odisha,Talcher,"Talcher Coalfields,Talcher - OSPCB","28-08-2026 22:00:00",20.9360711,85.1707021,OZONE,13,17,15
India,Puducherry,Puducherry,"Jawahar Nagar, Puducherry - PPCC","28-08-2026 22:00:00",11.9309,79.8027,PM2.5,7,53,23
India,Puducherry,Puducherry,"Jawahar Nagar, Puducherry - PPCC","28-08-2026 22:00:00",11.9309,79.8027,NO2,5,24,11
India,Puducherry,Puducherry,"Jawahar Nagar, Puducherry - PPCC","28-08-2026 22:00:00",11.9309,79.8027,OZONE,32,86,48
India,Punjab,Bathinda,"Hardev Nagar, Bathinda - PPCB","28-08-2026 22:00:00",30.233011,74.907758,PM10,69,123,86
India,Punjab,Bathinda,"Hardev Nagar, Bathinda - PPCB","28-08-2026 22:00:00",30.233011,74.907758,NH3,NA,NA,NA
India,Punjab,Jalandhar,"Civil Line, Jalandhar - PPCB","28-08-2026 22:00:00",31.321907,75.578914,PM10,23,73,46
India,Punjab,Jalandhar,"Civil Line, Jalandhar - PPCB","28-08-2026 22:00:00",31.321907,75.578914,CO,10,85,48
India,Punjab,Khanna,"Kalal Majra, Khanna - PPCB","28-08-2026 22:00:00",30.736056,76.209694,PM2.5,92,445,174
India,Punjab,Khanna,"Kalal Majra, Khanna - PPCB","28-08-2026 22:00:00",30.736056,76.209694,OZONE,9,42,27
India,Punjab,"Mandi Gobindgarh","RIMT University, Mandi Gobindgarh - PPCB","28-08-2026 22:00:00",30.649961,76.331442,NO2,24,25,25
India,Punjab,"Mandi Gobindgarh","RIMT University, Mandi Gobindgarh - PPCB","28-08-2026 22:00:00",30.649961,76.331442,OZONE,38,81,62
India,"Uttar Pradesh",Ghaziabad,"Loni, Ghaziabad - UPPCB","28-08-2026 22:00:00",28.757294,77.278792,NH3,3,12,6
India,"Uttar Pradesh",Ghaziabad,"Govindpuram, Ghaziabad - UPPCB","28-08-2026 22:00:00",28.694528,77.494705,PM10,16,39,29
India,"Uttar Pradesh","Greater Noida","Knowledge Park - V, Greater Noida - UPPCB","28-08-2026 22:00:00",28.557054,77.453663,NH3,7,12,9
India,"Uttar Pradesh","Greater Noida","Knowledge Park - V, Greater Noida - UPPCB","28-08-2026 22:00:00",28.557054,77.453663,SO2,3,11,6
India,"Uttar Pradesh","Greater Noida","Knowledge Park - V, Greater Noida - UPPCB","28-08-2026 22:00:00",28.557054,77.453663,CO,6,17,12
India,"Uttar Pradesh","Greater Noida","Knowledge Park - III, Greater Noida - UPPCB","28-08-2026 22:00:00",28.47272,77.482,NO2,6,55,20
India,"Uttar Pradesh","Greater Noida","Knowledge Park - III, Greater Noida - UPPCB","28-08-2026 22:00:00",28.47272,77.482,CO,37,91,56
India,"Uttar Pradesh","Greater Noida","Knowledge Park - III, Greater Noida - UPPCB","28-08-2026 22:00:00",28.47272,77.482,OZONE,10,59,35
India,"Uttar Pradesh",Hapur,"Anand Vihar, Hapur - UPPCB","28-08-2026 22:00:00",28.725645,77.749675,PM10,47,140,105
India,"Uttar Pradesh",Hapur,"Anand Vihar, Hapur - UPPCB","28-08-2026 22:00:00",28.725645,77.749675,NH3,8,9,9
India,"Uttar Pradesh",Jhansi,"Shivaji Nagar, Jhansi - UPPCB","28-08-2026 22:00:00",25.4547,78.6039,CO,6,11,9
India,"Uttar Pradesh",Kanpur,"FTI Kidwai Nagar, Kanpur - UPPCB","28-08-2026 22:00:00",26.428282,80.327067,OZONE,11,11,11
India,"Uttar Pradesh",Kanpur,"NSI Kalyanpur, Kanpur - UPPCB","28-08-2026 22:00:00",26.509954,80.249612,NH3,2,2,2
India,"Uttar Pradesh",Kanpur,"Nehru Nagar, Kanpur - UPPCB","28-08-2026 22:00:00",26.4703136,80.3229863,PM2.5,10,103,39
India,"Uttar Pradesh",Kanpur,"Nehru Nagar, Kanpur - UPPCB","28-08-2026 22:00:00",26.4703136,80.3229863,NH3,NA,NA,NA
India,"Uttar Pradesh",Kanpur,"Nehru Nagar, Kanpur - UPPCB","28-08-2026 22:00:00",26.4703136,80.3229863,SO2,10,12,11
India,"Uttar Pradesh",Khora,"Prashant Garden, Khora - UPPCB","28-08-2026 22:00:00",28.61119,77.34206,PM2.5,82,171,136
India,"Uttar Pradesh",Khora,"Prashant Garden, Khora - UPPCB","28-08-2026 22:00:00",28.61119,77.34206,PM10,77,118,106
India,"Uttar Pradesh",Khora,"Prashant Garden, Khora - UPPCB","28-08-2026 22:00:00",28.61119,77.34206,SO2,0,1,1
India,"Uttar Pradesh",Khora,"Prashant Garden, Khora - UPPCB","28-08-2026 22:00:00",28.61119,77.34206,CO,27,45,32
India,"Uttar Pradesh",Khurja,"Kalindi Kunj, Khurja - UPPCB","28-08-2026 22:00:00",28.2348927,77.8683002,PM2.5,34,60,45
India,"Uttar Pradesh",Khurja,"Kalindi Kunj, Khurja - UPPCB","28-08-2026 22:00:00",28.2348927,77.8683002,NH3,1,1,1
India,Telangana,Hyderabad,"Central University, Hyderabad - TSPCB","28-08-2026 22:00:00",17.460103,78.334361,PM2.5,12,31,20
India,Telangana,Hyderabad,"Central University, Hyderabad - TSPCB","28-08-2026 22:00:00",17.460103,78.334361,NH3,1,4,2
India,Telangana,Hyderabad,"Central University, Hyderabad - TSPCB","28-08-2026 22:00:00",17.460103,78.334361,SO2,2,9,6
India,Telangana,Hyderabad,"Central University, Hyderabad - TSPCB","28-08-2026 22:00:00",17.460103,78.334361,CO,17,25,20
India,Telangana,Hyderabad,"IITH Kandi, Hyderabad - TSPCB","28-08-2026 22:00:00",17.585705,78.126199,SO2,7,14,10
India,Telangana,Hyderabad,"IITH Kandi, Hyderabad - TSPCB","28-08-2026 22:00:00",17.585705,78.126199,OZONE,14,30,24
India,Telangana,Hyderabad,"Nacharam_TSIIC IALA, Hyderabad - TSPCB","28-08-2026 22:00:00",17.429398,78.569354,NH3,3,3,3
India,Telangana,Hyderabad,"New Malakpet, Hyderabad - TSPCB","28-08-2026 22:00:00",17.37206,78.50864,PM2.5,30,46,34
India,Telangana,Hyderabad,"New Malakpet, Hyderabad - TSPCB","28-08-2026 22:00:00",17.37206,78.50864,NH3,3,4,3
India,Telangana,Hyderabad,"New Malakpet, Hyderabad - TSPCB","28-08-2026 22:00:00",17.37206,78.50864,SO2,6,13,9
India,Telangana,Hyderabad,"Ramachandrapuram, Hyderabad - TSPCB","28-08-2026 22:00:00",17.528544,78.286195,PM10,50,64,54
India,Telangana,Hyderabad,"Ramachandrapuram, Hyderabad - TSPCB","28-08-2026 22:00:00",17.528544,78.286195,NO2,11,14,12
India,Telangana,Hyderabad,"Kompally Municipal Office, Hyderabad - TSPCB","28-08-2026 22:00:00",17.544899,78.486949,NO2,11,17,15
India,Telangana,Hyderabad,"Somajiguda, Hyderabad - TSPCB","28-08-2026 22:00:00",17.417094,78.457437,PM2.5,44,79,53
India,Telangana,Hyderabad,"Somajiguda, Hyderabad - TSPCB","28-08-2026 22:00:00",17.417094,78.457437,NO2,14,21,17
India,Telangana,Hyderabad,"Somajiguda, Hyderabad - TSPCB","28-08-2026 22:00:00",17.417094,78.457437,CO,11,82,37
India,Telangana,Hyderabad,"Somajiguda, Hyderabad - TSPCB","28-08-2026 22:00:00",17.417094,78.457437,OZONE,14,15,15
India,Telangana,Hyderabad,"IDA Pashamylaram, Hyderabad - TSPCB","28-08-2026 22:00:00",17.5316895,78.218939,PM10,30,104,50
India,Telangana,Hyderabad,"IDA Pashamylaram, Hyderabad - TSPCB","28-08-2026 22:00:00",17.5316895,78.218939,NH3,1,1,1
India,Telangana,Hyderabad,"Sanathnagar, Hyderabad - TSPCB","28-08-2026 22:00:00",17.4559458,78.4332152,CO,32,39,36
India,Telangana,Hyderabad,"Sanathnagar, Hyderabad - TSPCB","28-08-2026 22:00:00",17.4559458,78.4332152,OZONE,12,83,33
India,Telangana,Hyderabad,"ICRISAT Patancheru, Hyderabad - TSPCB","28-08-2026 22:00:00",17.5184,78.278777,PM2.5,9,48,23
India,Telangana,Hyderabad,"ICRISAT Patancheru, Hyderabad - TSPCB","28-08-2026 22:00:00",17.5184,78.278777,PM10,28,126,59
India,"Uttar Pradesh",Lucknow,"Talkatora District Industries Center, Lucknow - CPCB","28-08-2026 22:00:00",26.83399722,80.8917361,PM2.5,13,34,22
India,"Uttar Pradesh",Lucknow,"Talkatora District Industries Center, Lucknow - CPCB","28-08-2026 22:00:00",26.83399722,80.8917361,CO,8,108,43
India,"Uttar Pradesh",Lucknow,"Kendriya Vidyalaya, Lucknow - CPCB","28-08-2026 22:00:00",26.906111,80.948222,PM2.5,9,52,21
India,"Uttar Pradesh",Lucknow,"Kendriya Vidyalaya, Lucknow - CPCB","28-08-2026 22:00:00",26.906111,80.948222,PM10,19,50,30
India,"Uttar Pradesh",Lucknow,"Gomti Nagar, Lucknow - UPPCB","28-08-2026 22:00:00",26.86812,81.005119,PM10,8,64,25
India,"Uttar Pradesh",Lucknow,"Gomti Nagar, Lucknow - UPPCB","28-08-2026 22:00:00",26.86812,81.005119,NO2,9,10,9
India,"Uttar Pradesh",Lucknow,"Gomti Nagar, Lucknow - UPPCB","28-08-2026 22:00:00",26.86812,81.005119,SO2,11,11,11
India,"Uttar Pradesh",Lucknow,"Gomti Nagar, Lucknow - UPPCB","28-08-2026 22:00:00",26.86812,81.005119,CO,39,40,39
India,"Uttar Pradesh",Lucknow,"Gomti Nagar, Lucknow - UPPCB","28-08-2026 22:00:00",26.86812,81.005119,OZONE,41,43,42
India,"Uttar Pradesh",Lucknow,"B R Ambedkar University, Lucknow - UPPCB","28-08-2026 22:00:00",26.766433,80.927299,PM2.5,1,39,13
India,"Uttar Pradesh",Mathura,"Pali Dungra, Mathura - UPPCB","28-08-2026 22:00:00",27.410954,77.550619,PM10,106,137,120
India,"Uttar Pradesh",Mathura,"Pali Dungra, Mathura - UPPCB","28-08-2026 22:00:00",27.410954,77.550619,SO2,11,12,12
India,"Uttar Pradesh",Meerut,"MIET College, Meerut - UPPCB","28-08-2026 22:00:00",28.972677,77.641018,NO2,20,56,31
India,"Uttar Pradesh",Meerut,"Pallavpuram Phase 2, Meerut - UPPCB","28-08-2026 22:00:00",29.06351,77.709723,PM2.5,65,206,119
India,"Uttar Pradesh",Meerut,"Pallavpuram Phase 2, Meerut - UPPCB","28-08-2026 22:00:00",29.06351,77.709723,PM10,72,177,130
India,"Uttar Pradesh",Meerut,"Ganga Nagar, Meerut - UPPCB","28-08-2026 22:00:00",28.999264,77.7590354,NO2,39,56,44
India,"Uttar Pradesh",Modinagar,"SRM University, Modinagar - UPPCB","28-08-2026 22:00:00",28.798171,77.540243,PM10,62,149,103
India,"Uttar Pradesh",Modinagar,"SRM University, Modinagar - UPPCB","28-08-2026 22:00:00",28.798171,77.540243,NO2,13,35,19
India,Telangana,Hyderabad,"ICRISAT Patancheru, Hyderabad - TSPCB","28-08-2026 22:00:00",17.5184,78.278777,NH3,1,2,2
India,Tripura,Agartala,"Bardowali, Agartala - Tripura SPCB","28-08-2026 22:00:00",23.8175497,91.2726974,NH3,NA,NA,NA
India,Tripura,Agartala,"Bardowali, Agartala - Tripura SPCB","28-08-2026 22:00:00",23.8175497,91.2726974,CO,27,45,35
India,"Uttar Pradesh",Agra,"Sector-3B Avas Vikas Colony, Agra - UPPCB","28-08-2026 22:00:00",27.19412,77.96237,PM10,73,162,105
India,"Uttar Pradesh",Agra,"Manoharpur, Agra - UPPCB","28-08-2026 22:00:00",27.23711,78.01936,OZONE,5,6,6
India,"Uttar Pradesh",Agra,"Sanjay Palace, Agra - UPPCB","28-08-2026 22:00:00",27.19865833,78.00598056,OZONE,0,2,1
India,"Uttar Pradesh",Agra,"Shastripuram, Agra - UPPCB","28-08-2026 22:00:00",27.19862,77.92066,PM10,27,51,37
India,"Uttar Pradesh",Agra,"Shastripuram, Agra - UPPCB","28-08-2026 22:00:00",27.19862,77.92066,NH3,3,3,3
India,"Uttar Pradesh",Agra,"Shastripuram, Agra - UPPCB","28-08-2026 22:00:00",27.19862,77.92066,SO2,27,44,33
India,"Uttar Pradesh",Agra,"Shastripuram, Agra - UPPCB","28-08-2026 22:00:00",27.19862,77.92066,OZONE,2,4,3
India,"Uttar Pradesh",Baghpat,"Sardar Patel Inter College, Baghpat - UPPCB","28-08-2026 22:00:00",28.964949,77.278761,NH3,2,3,2
India,"Uttar Pradesh",Baraut,"Nagar Palika Parishad, Baraut - UPPCB","28-08-2026 22:00:00",29.09956,77.26235,SO2,NA,NA,NA
India,"Uttar Pradesh",Baraut,"Nagar Palika Parishad, Baraut - UPPCB","28-08-2026 22:00:00",29.09956,77.26235,CO,2,39,23
India,"Uttar Pradesh",Bareilly,"Rajendra Nagar, Bareilly - UPPCB","28-08-2026 22:00:00",28.38910936,79.42963708,PM10,24,110,58
India,"Uttar Pradesh",Bareilly,"Rajendra Nagar, Bareilly - UPPCB","28-08-2026 22:00:00",28.38910936,79.42963708,CO,23,24,24
India,"Uttar Pradesh",Bareilly,"Civil Lines, Bareilly - UPPCB","28-08-2026 22:00:00",28.359581,79.414455,NO2,8,9,8
India,"Uttar Pradesh",Varanasi,"IESD Banaras Hindu University, Varanasi - UPPCB","28-08-2026 22:00:00",25.262326,82.995408,NO2,2,2,2
India,"Uttar Pradesh",Varanasi,"IESD Banaras Hindu University, Varanasi - UPPCB","28-08-2026 22:00:00",25.262326,82.995408,CO,1,3,2
India,"Uttar Pradesh",Vrindavan,"Omex Eternity, Vrindavan - UPPCB","28-08-2026 22:00:00",27.571409,77.655757,NH3,8,9,8
India,"Uttar Pradesh",Vrindavan,"Omex Eternity, Vrindavan - UPPCB","28-08-2026 22:00:00",27.571409,77.655757,OZONE,16,17,17
India,Uttarakhand,Dehradun,"Doon University, Dehradun - UKPCB","28-08-2026 22:00:00",30.269444,78.044167,PM2.5,14,64,47
India,Uttarakhand,Kashipur,"Govt. Girls Inter College, Kashipur - UKPCB","28-08-2026 22:00:00",29.2124114,78.9611753,NO2,2,18,7
India,Uttarakhand,Kashipur,"Govt. Girls Inter College, Kashipur - UKPCB","28-08-2026 22:00:00",29.2124114,78.9611753,CO,13,33,18
India,Uttarakhand,Kashipur,"Govt. Girls Inter College, Kashipur - UKPCB","28-08-2026 22:00:00",29.2124114,78.9611753,OZONE,6,12,9
India,"West Bengal",Asansol,"Asansol Court Area, Asansol - WBPCB","28-08-2026 22:00:00",23.685297,86.945968,PM2.5,19,81,51
India,"West Bengal",Asansol,"Evelyn Lodge, Asansol - WBPCB","28-08-2026 22:00:00",23.697936,86.944395,NH3,5,7,6
India,"West Bengal",Asansol,"Mahabir Colliery, Asansol - WBPCB","28-08-2026 22:00:00",23.618183,87.105718,PM2.5,17,74,52
India,"West Bengal",Asansol,"Mahabir Colliery, Asansol - WBPCB","28-08-2026 22:00:00",23.618183,87.105718,NO2,2,2,2
India,"West Bengal",Asansol,"Mahabir Colliery, Asansol - WBPCB","28-08-2026 22:00:00",23.618183,87.105718,SO2,8,9,8
India,"West Bengal",Asansol,"Trivenidevi Bhalotia College, Asansol - WBPCB","28-08-2026 22:00:00",23.616515,87.119133,NO2,4,13,8
India,"West Bengal",Barrackpore,"SVSPA Campus, Barrackpore - WBPCB","28-08-2026 22:00:00",22.7605581,88.3617589,NH3,5,8,6
India,"Tamil Nadu",Chennai,"Velachery Res. Area, Chennai - CPCB","28-08-2026 22:00:00",13.0052189,80.2398125,NH3,2,4,3
India,"Tamil Nadu",Chennai,"Perungudi, Chennai - TNPCB","28-08-2026 22:00:00",12.9533,80.2357,OZONE,1,3,1
India,"Tamil Nadu",Chennai,"Manali Village, Chennai - TNPCB","28-08-2026 22:00:00",13.1662,80.2584,SO2,17,19,18
India,"Tamil Nadu",Chennai,"Royapuram, Chennai - TNPCB","28-08-2026 22:00:00",13.1036,80.2909,PM10,53,71,61
India,"Tamil Nadu",Chennai,"Royapuram, Chennai - TNPCB","28-08-2026 22:00:00",13.1036,80.2909,CO,47,57,52
India,"Tamil Nadu",Coimbatore,"SIDCO Kurichi, Coimbatore - TNPCB","28-08-2026 22:00:00",10.942451,76.978996,NO2,NA,NA,NA
India,"Tamil Nadu",Coimbatore,"SIDCO Kurichi, Coimbatore - TNPCB","28-08-2026 22:00:00",10.942451,76.978996,OZONE,20,20,20
India,"Tamil Nadu",Cuddalore,"Kudikadu, Cuddalore - TNPCB","28-08-2026 22:00:00",11.6829898,79.7532099,NO2,NA,NA,NA
India,"Tamil Nadu",Cuddalore,"Kudikadu, Cuddalore - TNPCB","28-08-2026 22:00:00",11.6829898,79.7532099,NH3,NA,NA,NA
India,"Tamil Nadu",Cuddalore,"Kudikadu, Cuddalore - TNPCB","28-08-2026 22:00:00",11.6829898,79.7532099,SO2,22,24,23
India,"Tamil Nadu",Cuddalore,"Kudikadu, Cuddalore - TNPCB","28-08-2026 22:00:00",11.6829898,79.7532099,CO,NA,NA,NA
India,"Tamil Nadu",Cuddalore,"Kudikadu, Cuddalore - TNPCB","28-08-2026 22:00:00",11.6829898,79.7532099,OZONE,18,18,18
India,"Tamil Nadu",Thoothukudi,"Meelavittan, Thoothukudi - TNPCB","28-08-2026 22:00:00",8.816428,78.099039,NH3,NA,NA,NA
India,"Tamil Nadu",Thoothukudi,"Meelavittan, Thoothukudi - TNPCB","28-08-2026 22:00:00",8.816428,78.099039,SO2,5,18,11
India,"Tamil Nadu",Thoothukudi,"Meelavittan, Thoothukudi - TNPCB","28-08-2026 22:00:00",8.816428,78.099039,CO,25,49,32
India,Telangana,Hyderabad,"Bollaram Industrial Area, Hyderabad - TSPCB","28-08-2026 22:00:00",17.518,78.383,NO2,17,26,22
India,"Uttar Pradesh",Moradabad,"Buddhi Vihar, Moradabad - UPPCB","28-08-2026 22:00:00",28.83526,78.7446,NH3,5,5,5
India,"Uttar Pradesh",Moradabad,"Buddhi Vihar, Moradabad - UPPCB","28-08-2026 22:00:00",28.83526,78.7446,CO,14,30,19
India,"Uttar Pradesh",Moradabad,"Buddhi Vihar, Moradabad - UPPCB","28-08-2026 22:00:00",28.83526,78.7446,OZONE,37,46,42
India,"Uttar Pradesh",Moradabad,"Jigar Colony, Moradabad - UPPCB","28-08-2026 22:00:00",28.856664,78.772638,PM2.5,13,74,48
India,"Uttar Pradesh",Moradabad,"Jigar Colony, Moradabad - UPPCB","28-08-2026 22:00:00",28.856664,78.772638,NH3,6,6,6
India,"Uttar Pradesh",Moradabad,"Transport Nagar, Moradabad - UPPCB","28-08-2026 22:00:00",28.802625,78.753728,PM2.5,34,155,74
India,"Uttar Pradesh",Moradabad,"Transport Nagar, Moradabad - UPPCB","28-08-2026 22:00:00",28.802625,78.753728,NH3,5,5,5
India,"Uttar Pradesh",Moradabad,"Kashiram Nagar, Moradabad - UPPCB","28-08-2026 22:00:00",28.849399,78.742362,NH3,4,4,4
India,"Uttar Pradesh",Moradabad,"Employment Office, Moradabad - UPPCB","28-08-2026 22:00:00",28.88528,78.7388,OZONE,3,28,18
India,"Uttar Pradesh",Muzaffarnagar,"New Mandi, Muzaffarnagar - UPPCB","28-08-2026 22:00:00",29.4723508,77.7194031,CO,39,56,47
India,"Uttar Pradesh",Muzaffarnagar,"New Mandi, Muzaffarnagar - UPPCB","28-08-2026 22:00:00",29.4723508,77.7194031,OZONE,15,69,38
India,"Uttar Pradesh",Noida,"Sector - 125, Noida - UPPCB","28-08-2026 22:00:00",28.5447608,77.3231257,OZONE,13,16,15
India,"Uttar Pradesh",Noida,"Sector - 62, Noida - IITM","28-08-2026 22:00:00",28.6245479,77.3577104,PM10,74,155,119
India,"Uttar Pradesh",Noida,"Sector-116, Noida - UPPCB","28-08-2026 22:00:00",28.56923,77.393848,NO2,6,87,28
India,"Uttar Pradesh","Fatehpur Sikri","Dadupura, Fatehpur Sikri - UPPCB","28-08-2026 22:00:00",27.097694,77.671335,PM10,57,79,68
India,"Uttar Pradesh","Fatehpur Sikri","Dadupura, Fatehpur Sikri - UPPCB","28-08-2026 22:00:00",27.097694,77.671335,NH3,2,2,2
India,"Uttar Pradesh","Fatehpur Sikri","Dadupura, Fatehpur Sikri - UPPCB","28-08-2026 22:00:00",27.097694,77.671335,SO2,10,11,11
India,"Uttar Pradesh","Fatehpur Sikri","Dadupura, Fatehpur Sikri - UPPCB","28-08-2026 22:00:00",27.097694,77.671335,OZONE,8,24,15
India,"Uttar Pradesh",Gajraula,"Rajanpur, Gajraula - UPPCB","28-08-2026 22:00:00",28.829109,78.248796,NO2,5,42,15
India,"Uttar Pradesh",Gajraula,"Rajanpur, Gajraula - UPPCB","28-08-2026 22:00:00",28.829109,78.248796,CO,66,77,71
India,"Uttar Pradesh",Ghaziabad,"Ved Vihar-Loni, Ghaziabad - UPPCB","28-08-2026 22:00:00",28.739153,77.273668,NO2,17,67,32
India,"Uttar Pradesh",Ghaziabad,"Ved Vihar-Loni, Ghaziabad - UPPCB","28-08-2026 22:00:00",28.739153,77.273668,OZONE,4,18,13
India,"Uttar Pradesh",Ghaziabad,"Sanjay Nagar, Ghaziabad - UPPCB","28-08-2026 22:00:00",28.685382,77.453839,CO,20,102,49
India,"Uttar Pradesh",Ghaziabad,"Indirapuram, Ghaziabad - UPPCB","28-08-2026 22:00:00",28.646233,77.358075,NH3,4,12,6
India,"Uttar Pradesh",Ghaziabad,"Vasundhara, Ghaziabad - UPPCB","28-08-2026 22:00:00",28.6603346,77.3572563,CO,54,114,80
India,"Uttar Pradesh",Noida,"Sector-116, Noida - UPPCB","28-08-2026 22:00:00",28.56923,77.393848,CO,30,105,57
India,"Uttar Pradesh",Prayagraj,"Motilal Nehru NIT, Prayagraj - UPPCB","28-08-2026 22:00:00",25.494,81.863,NO2,12,12,12
India,"Uttar Pradesh",Prayagraj,"Nagar Nigam, Prayagraj - UPPCB","28-08-2026 22:00:00",25.44919916,81.82735986,PM2.5,1,40,9
India,"Uttar Pradesh",Prayagraj,"Jhunsi, Prayagraj - UPPCB","28-08-2026 22:00:00",25.425602,81.917152,OZONE,40,46,43
India,"Uttar Pradesh",Raebareli,"Anand Nagar, Raebareli - UPPCB","28-08-2026 22:00:00",26.219512,81.237648,CO,82,83,82
India,"Uttar Pradesh",Raebareli," Indira Nagar, Raebareli - NTPC Unchahar","28-08-2026 22:00:00",26.207781,81.245571,OZONE,0,4,2
India,"Uttar Pradesh",Varanasi,"Bhelupur, Varanasi - UPPCB","28-08-2026 22:00:00",25.301778,82.996789,SO2,25,26,26
India,"Uttar Pradesh",Varanasi,"Bhelupur, Varanasi - UPPCB","28-08-2026 22:00:00",25.301778,82.996789,OZONE,9,11,10
India,"Uttar Pradesh",Varanasi,"Ardhali Bazar, Varanasi - UPPCB","28-08-2026 22:00:00",25.3505986,82.9083074,PM10,NA,NA,NA
India,"West Bengal",Durgapur,"Mahishkapur Road_B-Zone, Durgapur - WBPCB","28-08-2026 22:00:00",23.567923,87.306843,PM2.5,7,72,36
India,"West Bengal",Durgapur,"Mahishkapur Road_B-Zone, Durgapur - WBPCB","28-08-2026 22:00:00",23.567923,87.306843,PM10,25,101,55
India,"West Bengal",Durgapur,"Mahishkapur Road_B-Zone, Durgapur - WBPCB","28-08-2026 22:00:00",23.567923,87.306843,NH3,0,1,1
India,"West Bengal",Durgapur,"Mahishkapur Road_B-Zone, Durgapur - WBPCB","28-08-2026 22:00:00",23.567923,87.306843,CO,42,79,57
India,"West Bengal",Durgapur,"Mahishkapur Road_B-Zone, Durgapur - WBPCB","28-08-2026 22:00:00",23.567923,87.306843,OZONE,11,47,28
India,"West Bengal",Durgapur,"Womens College_City Center, Durgapur - WBPCB","28-08-2026 22:00:00",23.549395,87.300496,NO2,25,34,30
India,"West Bengal",Haldia,"Priyambada Housing Estate, Haldia - WBPCB","28-08-2026 22:00:00",22.06047,88.109737,NO2,9,37,15
India,"West Bengal",Haldia,"Priyambada Housing Estate, Haldia - WBPCB","28-08-2026 22:00:00",22.06047,88.109737,NH3,5,17,11
India,"West Bengal",Howrah,"Belur Math, Howrah - WBPCB","28-08-2026 22:00:00",22.629801,88.352017,PM2.5,27,81,49
India,"West Bengal",Howrah,"Belur Math, Howrah - WBPCB","28-08-2026 22:00:00",22.629801,88.352017,NO2,17,59,33
India,"West Bengal",Howrah,"Dasnagar, Howrah - WBPCB","28-08-2026 22:00:00",22.6025571,88.3105664,CO,50,76,61
India,"West Bengal",Howrah,"Botanical Garden, Howrah - WBPCB","28-08-2026 22:00:00",22.554954,88.292568,NH3,3,6,4
India,"West Bengal",Howrah,"Ghusuri, Howrah - WBPCB","28-08-2026 22:00:00",22.611968,88.347422,PM10,82,126,102
India,"West Bengal",Howrah,"Ghusuri, Howrah - WBPCB","28-08-2026 22:00:00",22.611968,88.347422,NH3,2,4,3
India,"West Bengal",Kolkata,"Bidhannagar, Kolkata - WBPCB","28-08-2026 22:00:00",22.58157048,88.41002457,PM10,38,67,50
India,"West Bengal",Kolkata,"Bidhannagar, Kolkata - WBPCB","28-08-2026 22:00:00",22.58157048,88.41002457,NH3,5,5,5
India,"West Bengal",Kolkata,"Bidhannagar, Kolkata - WBPCB","28-08-2026 22:00:00",22.58157048,88.41002457,SO2,6,10,8
India,"West Bengal",Kolkata,"Bidhannagar, Kolkata - WBPCB","28-08-2026 22:00:00",22.58157048,88.41002457,CO,24,39,28
India,"West Bengal",Kolkata,"Jadavpur, Kolkata - WBPCB","28-08-2026 22:00:00",22.49929,88.36917,PM2.5,42,75,58
India,"West Bengal",Kolkata,"Jadavpur, Kolkata - WBPCB","28-08-2026 22:00:00",22.49929,88.36917,CO,23,32,29
India,"West Bengal",Kolkata,"Rabindra Bharati University, Kolkata - WBPCB","28-08-2026 22:00:00",22.627847,88.380669,PM2.5,41,182,70
India,"West Bengal",Kolkata,"Fort William, Kolkata - WBPCB","28-08-2026 22:00:00",22.55664,88.342674,PM2.5,41,77,56
India,"West Bengal",Kolkata,"Fort William, Kolkata - WBPCB","28-08-2026 22:00:00",22.55664,88.342674,NO2,14,31,21
India,"West Bengal",Kolkata,"Fort William, Kolkata - WBPCB","28-08-2026 22:00:00",22.55664,88.342674,SO2,5,6,5
India,"West Bengal",Kolkata,"Fort William, Kolkata - WBPCB","28-08-2026 22:00:00",22.55664,88.342674,CO,15,29,23
India,"West Bengal",Kolkata,"Ballygunge, Kolkata - WBPCB","28-08-2026 22:00:00",22.5367507,88.3638022,NH3,8,11,9
India,"West Bengal",Kolkata,"Victoria, Kolkata - WBPCB","28-08-2026 22:00:00",22.5448082,88.3403691,PM2.5,4,164,76
India,"West Bengal",Kolkata,"Victoria, Kolkata - WBPCB","28-08-2026 22:00:00",22.5448082,88.3403691,PM10,82,109,95
India,"West Bengal",Kolkata,"Victoria, Kolkata - WBPCB","28-08-2026 22:00:00",22.5448082,88.3403691,NH3,6,7,6
India,"West Bengal",Kolkata,"Victoria, Kolkata - WBPCB","28-08-2026 22:00:00",22.5448082,88.3403691,SO2,2,7,5
India,Chhattisgarh,Korba,"Rampur, Korba - CECB","28-08-2026 22:00:00",22.368195,82.746431,OZONE,6,27,17
India,Chhattisgarh,Kunjemura,"OP Jindal School, Kunjemura - CECB","28-08-2026 22:00:00",22.12665,83.483212,PM2.5,2,20,8
India,Chhattisgarh,Kunjemura,"OP Jindal School, Kunjemura - CECB","28-08-2026 22:00:00",22.12665,83.483212,NO2,6,19,11
India,Chhattisgarh,Kunjemura,"OP Jindal School, Kunjemura - CECB","28-08-2026 22:00:00",22.12665,83.483212,NH3,2,2,2
India,Chhattisgarh,Milupara,"Govt. Higher Secondary School, Milupara - CECB","28-08-2026 22:00:00",22.1910172,83.5197009,CO,10,17,12
India,Chhattisgarh,Milupara,"Govt. Higher Secondary School, Milupara - CECB","28-08-2026 22:00:00",22.1910172,83.5197009,OZONE,38,41,39
India,Chhattisgarh,Raipur,"Krishak Nagar, Raipur - CECB","28-08-2026 22:00:00",21.237755,81.705301,NH3,2,2,2
India,Chhattisgarh,Raipur,"Bhatagaon New ISBT, Raipur - CECB","28-08-2026 22:00:00",21.219665,81.630094,PM2.5,6,27,17
India,Chhattisgarh,Raipur,"Bhatagaon New ISBT, Raipur - CECB","28-08-2026 22:00:00",21.219665,81.630094,PM10,15,91,44
India,Chhattisgarh,Raipur,"Bhatagaon New ISBT, Raipur - CECB","28-08-2026 22:00:00",21.219665,81.630094,NO2,7,25,14
India,Chhattisgarh,Raipur,"Bhatagaon New ISBT, Raipur - CECB","28-08-2026 22:00:00",21.219665,81.630094,CO,22,40,30
India,Chhattisgarh,Raipur,"Siltara Phase-II, Raipur - CECB","28-08-2026 22:00:00",21.371751,81.664929,PM2.5,28,64,42
India,Chhattisgarh,Raipur,"Siltara Phase-II, Raipur - CECB","28-08-2026 22:00:00",21.371751,81.664929,NH3,2,2,2
India,Chhattisgarh,Raipur,"Siltara Phase-II, Raipur - CECB","28-08-2026 22:00:00",21.371751,81.664929,SO2,1,34,13
India,Chhattisgarh,Raipur,"AIIMS, Raipur - CECB","28-08-2026 22:00:00",21.258815,81.578979,PM2.5,18,61,31
India,Chhattisgarh,Tumidih,"OP Jindal Industrial Park, Tumidih - CECB","28-08-2026 22:00:00",22.06631475,83.33820077,PM10,3,30,16
India,Delhi,Delhi,"ITO, Delhi - CPCB","28-08-2026 22:00:00",28.628624,77.24106,PM2.5,39,91,54
India,Delhi,Delhi,"Narela, Delhi - DPCC","28-08-2026 22:00:00",28.822836,77.101981,PM10,94,163,136
India,Delhi,Delhi,"Narela, Delhi - DPCC","28-08-2026 22:00:00",28.822836,77.101981,SO2,9,12,11
India,Delhi,Delhi,"Cantonment Area, Delhi - DPCC","28-08-2026 22:00:00",28.594169,77.1251,NH3,2,4,3
India,Bihar,Gaya,"Collectorate, Gaya - BSPCB","28-08-2026 22:00:00",24.7955,84.9994,PM2.5,10,157,44
India,Bihar,Gaya,"Collectorate, Gaya - BSPCB","28-08-2026 22:00:00",24.7955,84.9994,OZONE,27,29,29
India,Bihar,Gaya,"SFTI Kusdihra, Gaya - BSPCB","28-08-2026 22:00:00",24.762518,84.982348,CO,24,28,26
India,Bihar,Gaya,"SFTI Kusdihra, Gaya - BSPCB","28-08-2026 22:00:00",24.762518,84.982348,OZONE,19,32,26
India,Bihar,Gaya,"Kareemganj, Gaya - BSPCB","28-08-2026 22:00:00",24.792403,84.992416,NH3,0,2,1
India,Bihar,Hajipur,"Industrial Area, Hajipur - BSPCB","28-08-2026 22:00:00",25.697189,85.2459,SO2,1,4,3
India,Bihar,Hajipur,"Industrial Area, Hajipur - BSPCB","28-08-2026 22:00:00",25.697189,85.2459,CO,23,29,25
India,Bihar,Hajipur,"Industrial Area, Hajipur - BSPCB","28-08-2026 22:00:00",25.697189,85.2459,OZONE,28,73,51
India,Bihar,Katihar,"Mirchaibari, Katihar - BSPCB","28-08-2026 22:00:00",25.560083,87.553265,NH3,1,1,1
India,Bihar,Katihar,"Mirchaibari, Katihar - BSPCB","28-08-2026 22:00:00",25.560083,87.553265,CO,76,94,86
India,Bihar,Kishanganj,"SDM Office_Khagra, Kishanganj - BSPCB","28-08-2026 22:00:00",26.0881305,87.93840336,PM10,41,57,49
India,Bihar,Kishanganj,"SDM Office_Khagra, Kishanganj - BSPCB","28-08-2026 22:00:00",26.0881305,87.93840336,SO2,6,8,7
India,Bihar,Manguraha,"Forest Rest House, Manguraha - BSPCB","28-08-2026 22:00:00",27.308328,84.531742,NO2,8,21,13
India,Bihar,Motihari,"Gandak Colony, Motihari - BSPCB","28-08-2026 22:00:00",26.63086,84.90051,PM2.5,13,247,50
India,Bihar,Motihari,"Gandak Colony, Motihari - BSPCB","28-08-2026 22:00:00",26.63086,84.90051,NH3,1,1,1
India,Bihar,Motihari,"Gandak Colony, Motihari - BSPCB","28-08-2026 22:00:00",26.63086,84.90051,SO2,2,3,3
India,Delhi,Delhi,"Cantonment Area, Delhi - DPCC","28-08-2026 22:00:00",28.594169,77.1251,SO2,2,6,4
India,Delhi,Delhi,"Major Dhyan Chand National Stadium, Delhi - DPCC","28-08-2026 22:00:00",28.611281,77.237738,PM2.5,40,113,63
India,Delhi,Delhi,"Major Dhyan Chand National Stadium, Delhi - DPCC","28-08-2026 22:00:00",28.611281,77.237738,NO2,14,73,34
India,Delhi,Delhi,"Major Dhyan Chand National Stadium, Delhi - DPCC","28-08-2026 22:00:00",28.611281,77.237738,OZONE,9,32,23
India,Delhi,Delhi,"Sonia Vihar, Delhi - DPCC","28-08-2026 22:00:00",28.710508,77.249485,NH3,11,15,13
India,Delhi,Delhi,"Sonia Vihar, Delhi - DPCC","28-08-2026 22:00:00",28.710508,77.249485,OZONE,4,24,10
India,Delhi,Delhi,"Bawana, Delhi - DPCC","28-08-2026 22:00:00",28.7762,77.051074,NH3,4,49,14
India,Delhi,Delhi,"Rohini, Delhi - DPCC","28-08-2026 22:00:00",28.732528,77.11992,CO,32,80,44
India,Delhi,Delhi,"Vivek Vihar, Delhi - DPCC","28-08-2026 22:00:00",28.672342,77.31526,PM2.5,26,133,58
India,Delhi,Delhi,"Vivek Vihar, Delhi - DPCC","28-08-2026 22:00:00",28.672342,77.31526,NO2,16,64,33
India,Delhi,Delhi,"Jahangirpuri, Delhi - DPCC","28-08-2026 22:00:00",28.73282,77.170633,SO2,13,30,21
India,Delhi,Delhi,"Jahangirpuri, Delhi - DPCC","28-08-2026 22:00:00",28.73282,77.170633,OZONE,17,19,18
India,Delhi,Delhi,"IHBAS, Dilshad Garden, Delhi - CPCB","28-08-2026 22:00:00",28.6811736,77.3025234,NH3,1,3,2
India,Delhi,Delhi,"IHBAS, Dilshad Garden, Delhi - CPCB","28-08-2026 22:00:00",28.6811736,77.3025234,SO2,14,50,25
India,Delhi,Delhi,"Sri Aurobindo Marg, Delhi - DPCC","28-08-2026 22:00:00",28.531346,77.190156,NH3,2,3,3
India,Bihar,Siwan,"Chitragupta Nagar, Siwan - BSPCB","28-08-2026 22:00:00",26.2271665,84.3570427,PM10,99,112,105
India,Bihar,Siwan,"Chitragupta Nagar, Siwan - BSPCB","28-08-2026 22:00:00",26.2271665,84.3570427,OZONE,7,7,7
India,Chandigarh,Chandigarh,"Sector-25, Chandigarh - CPCC","28-08-2026 22:00:00",30.751462,76.762879,PM2.5,20,52,37
India,Chandigarh,Chandigarh,"Sector-53, Chandigarh - CPCC","28-08-2026 22:00:00",30.719859,76.738637,NH3,2,5,4
India,Chhattisgarh,Bhilai,"32Bungalows, Bhilai - CECB","28-08-2026 22:00:00",21.194815,81.31477,NO2,4,16,8
India,Chhattisgarh,Bhilai,"Civic Center, Bhilai - Bhilai Steel Plant","28-08-2026 22:00:00",21.185571,81.343175,PM2.5,4,26,15
India,Chhattisgarh,Bhilai,"Civic Center, Bhilai - Bhilai Steel Plant","28-08-2026 22:00:00",21.185571,81.343175,PM10,17,38,26
India,Chhattisgarh,Bhilai,"Civic Center, Bhilai - Bhilai Steel Plant","28-08-2026 22:00:00",21.185571,81.343175,OZONE,11,12,11
India,Chhattisgarh,Bhilai,"Hathkhoj, Bhilai - CECB","28-08-2026 22:00:00",21.224231,81.40835,NH3,5,10,8
India,Chhattisgarh,Bilaspur,"Mangala, Bilaspur - NTPC","28-08-2026 22:00:00",22.08815,82.13737,PM10,32,74,53
India,Chhattisgarh,Bilaspur,"Mangala, Bilaspur - NTPC","28-08-2026 22:00:00",22.08815,82.13737,OZONE,NA,NA,NA
India,Chhattisgarh,Chhal,"Nawapara SECL Colony, Chhal - CECB","28-08-2026 22:00:00",22.118125,83.140608,OZONE,31,43,36
India,Chhattisgarh,Korba,"Urja Nagar, Korba - CECB","28-08-2026 22:00:00",22.348441,82.549611,PM2.5,5,16,9
India,Bihar,Munger,"Town Hall, Munger - BSPCB","28-08-2026 22:00:00",25.376776,86.471523,CO,34,37,36
India,Bihar,Muzaffarpur,"Buddha Colony, Muzaffarpur - BSPCB","28-08-2026 22:00:00",26.11442,85.39813,PM2.5,44,93,67
India,Bihar,Muzaffarpur,"Buddha Colony, Muzaffarpur - BSPCB","28-08-2026 22:00:00",26.11442,85.39813,PM10,46,96,75
India,Bihar,Muzaffarpur,"Buddha Colony, Muzaffarpur - BSPCB","28-08-2026 22:00:00",26.11442,85.39813,OZONE,8,22,14
India,Bihar,Muzaffarpur,"MIT-Daudpur Kothi, Muzaffarpur - BSPCB","28-08-2026 22:00:00",26.1403345,85.3650192,NO2,2,5,3
India,Bihar,Muzaffarpur,"MIT-Daudpur Kothi, Muzaffarpur - BSPCB","28-08-2026 22:00:00",26.1403345,85.3650192,NH3,1,1,1
India,Bihar,Patna,"Rajbansi Nagar, Patna - BSPCB","28-08-2026 22:00:00",25.599486,85.113666,OZONE,26,29,28
India,Bihar,Patna,"Govt. High School Shikarpur, Patna - BSPCB","28-08-2026 22:00:00",25.592539,85.227158,PM10,27,94,52
India,Bihar,Patna,"DRM Office Danapur, Patna - BSPCB","28-08-2026 22:00:00",25.586562,85.043586,CO,39,52,46
India,Bihar,Patna,"Muradpur, Patna - BSPCB","28-08-2026 22:00:00",25.619651,85.147382,OZONE,22,94,64
India,Bihar,Purnia,"Mariam Nagar, Purnia - BSPCB","28-08-2026 22:00:00",25.366336,87.117468,NO2,17,19,18
India,Bihar,Purnia,"Mariam Nagar, Purnia - BSPCB","28-08-2026 22:00:00",25.366336,87.117468,NH3,4,4,4
India,Bihar,Saharsa,"Police Line, Saharsa - BSPCB","28-08-2026 22:00:00",25.892357,86.590325,PM2.5,17,93,38
India,"Andhra Pradesh",Kakinada,"Rama Rao Peta, Kakinada - APPCB","28-08-2026 22:00:00",16.962488,82.229513,NH3,4,6,5
India,"Andhra Pradesh",Kurnool,"Sita Rama Nagar, Kurnool - APPCB","28-08-2026 22:00:00",15.83411,78.028546,PM2.5,34,53,44
India,"Andhra Pradesh",Kurnool,"Sita Rama Nagar, Kurnool - APPCB","28-08-2026 22:00:00",15.83411,78.028546,NO2,24,37,27
India,"Andhra Pradesh",Machilipatnam,"Srinivas Nagar Colony, Machilipatnam - APPCB","28-08-2026 22:00:00",16.186555,81.13219,PM2.5,NA,NA,NA
India,"Andhra Pradesh",Machilipatnam,"Srinivas Nagar Colony, Machilipatnam - APPCB","28-08-2026 22:00:00",16.186555,81.13219,NO2,17,59,32
India,"Andhra Pradesh",Nellore,"Ambedkar Nagar, Nellore - APPCB ","28-08-2026 22:00:00",14.438164,79.966814,PM2.5,47,73,54
India,"Andhra Pradesh",Nellore,"Ambedkar Nagar, Nellore - APPCB ","28-08-2026 22:00:00",14.438164,79.966814,PM10,56,79,67
India,"Andhra Pradesh",Nellore,"Ambedkar Nagar, Nellore - APPCB ","28-08-2026 22:00:00",14.438164,79.966814,SO2,8,21,14
India,"Andhra Pradesh",Nellore,"Ambedkar Nagar, Nellore - APPCB ","28-08-2026 22:00:00",14.438164,79.966814,OZONE,23,43,35
India,"Andhra Pradesh",Rajamahendravaram,"Anand Kala Kshetram, Rajamahendravaram - APPCB","28-08-2026 22:00:00",16.9872867,81.7363176,PM2.5,35,84,50
India,"Andhra Pradesh",Rajamahendravaram,"Anand Kala Kshetram, Rajamahendravaram - APPCB","28-08-2026 22:00:00",16.9872867,81.7363176,CO,17,42,26
India,"Andhra Pradesh",Srikakulam,"Chinna Bharatham Colony, Srikakulam - APPCB","28-08-2026 22:00:00",18.292191,83.897173,CO,64,99,80
India,"Andhra Pradesh",Srikakulam,"Chinna Bharatham Colony, Srikakulam - APPCB","28-08-2026 22:00:00",18.292191,83.897173,OZONE,14,47,30
India,"Andhra Pradesh",Vijayawada,"HB Colony, Vijayawada - APPCB","28-08-2026 22:00:00",16.536107,80.594233,NO2,14,27,19
India,"Andhra Pradesh",Vijayawada,"HB Colony, Vijayawada - APPCB","28-08-2026 22:00:00",16.536107,80.594233,OZONE,14,25,18
India,"Andhra Pradesh",Vijayawada,"Rajiv Gandhi Park, Vijayawada - APPCB","28-08-2026 22:00:00",16.509717,80.612222,PM2.5,59,81,70
India,"Andhra Pradesh",Visakhapatnam,"GVM Corporation, Visakhapatnam - APPCB","28-08-2026 22:00:00",17.72,83.3,PM2.5,46,137,74
India,"Arunachal Pradesh",Naharlagun,"Naharlagun, Naharlagun - APSPCB","28-08-2026 22:00:00",27.103358,93.679645,NO2,8,9,8
India,Assam,Byrnihat,"Central Academy for SFS, Byrnihat - PCBA","28-08-2026 22:00:00",26.071318,91.87488,PM10,NA,NA,NA
India,Assam,Guwahati,"Pan Bazaar, Guwahati - PCBA","28-08-2026 22:00:00",26.1875,91.744194,NO2,1,2,1
India,Assam,Guwahati,"Pan Bazaar, Guwahati - PCBA","28-08-2026 22:00:00",26.1875,91.744194,NH3,1,1,1
India,Assam,Guwahati,"LGBI Airport, Guwahati - PCBA","28-08-2026 22:00:00",26.10887,91.589544,NH3,4,4,4
India,Assam,Guwahati,"Railway Colony, Guwahati - PCBA","28-08-2026 22:00:00",26.181742,91.78063,PM2.5,7,137,50
India,Assam,Guwahati,"Railway Colony, Guwahati - PCBA","28-08-2026 22:00:00",26.181742,91.78063,NO2,3,4,3
India,Assam,Guwahati,"Railway Colony, Guwahati - PCBA","28-08-2026 22:00:00",26.181742,91.78063,CO,7,33,15
India,"Andhra Pradesh",Amaravati,"Secretariat, Amaravati - APPCB","28-08-2026 22:00:00",16.5150833,80.5181667,NO2,13,58,31
India,"Andhra Pradesh",Amaravati,"Secretariat, Amaravati - APPCB","28-08-2026 22:00:00",16.5150833,80.5181667,OZONE,10,55,38
India,"Andhra Pradesh",Anantapur,"Gulzarpet, Anantapur - APPCB","28-08-2026 22:00:00",14.675886,77.593027,CO,16,25,21
India,"Andhra Pradesh",Chittoor,"Gangineni Cheruvu, Chittoor - APPCB","28-08-2026 22:00:00",13.20488,79.097889,PM10,58,74,67
India,"Andhra Pradesh",Chittoor,"Gangineni Cheruvu, Chittoor - APPCB","28-08-2026 22:00:00",13.20488,79.097889,CO,18,24,21
India,"Andhra Pradesh",Eluru,"District Court, Eluru - APPCB","28-08-2026 22:00:00",16.711754,81.092095,PM10,53,63,59
India,"Andhra Pradesh",Eluru,"District Court, Eluru - APPCB","28-08-2026 22:00:00",16.711754,81.092095,SO2,8,15,11
India,"Andhra Pradesh",Eluru,"District Court, Eluru - APPCB","28-08-2026 22:00:00",16.711754,81.092095,OZONE,15,34,25
India,"Andhra Pradesh",Guntur,"Rajendra Nagar North, Guntur - APPCB","28-08-2026 22:00:00",16.316553,80.413302,NO2,29,78,41
India,"Andhra Pradesh",Guntur,"Rajendra Nagar North, Guntur - APPCB","28-08-2026 22:00:00",16.316553,80.413302,CO,14,39,21
India,"Andhra Pradesh",Kadapa,"Yerramukkapalli, Kadapa - APPCB","28-08-2026 22:00:00",14.465052,78.824187,PM2.5,57,73,63
India,"Andhra Pradesh",Kadapa,"Yerramukkapalli, Kadapa - APPCB","28-08-2026 22:00:00",14.465052,78.824187,PM10,56,64,59
India,"Andhra Pradesh",Kadapa,"Yerramukkapalli, Kadapa - APPCB","28-08-2026 22:00:00",14.465052,78.824187,CO,18,37,27
India,Assam,Nalbari,"Bata Chowk, Nalbari - PCBA","28-08-2026 22:00:00",26.446912,91.439057,NH3,6,6,6
India,Assam,Silchar,"Tarapur, Silchar - PCBA","28-08-2026 22:00:00",24.82827,92.79525,PM10,35,54,42
India,Assam,Silchar,"Tarapur, Silchar - PCBA","28-08-2026 22:00:00",24.82827,92.79525,NO2,18,21,18
India,Assam,Silchar,"Tarapur, Silchar - PCBA","28-08-2026 22:00:00",24.82827,92.79525,SO2,5,6,6
India,Assam,Silchar,"Tarapur, Silchar - PCBA","28-08-2026 22:00:00",24.82827,92.79525,CO,34,40,36
India,Bihar,Araria,"Kharahiya Basti, Araria - BSPCB","28-08-2026 22:00:00",26.146529,87.454184,CO,23,32,27
India,Bihar,Arrah,"New DM Office, Arrah - BSPCB","28-08-2026 22:00:00",25.5626095,84.663264,SO2,5,6,5
India,Bihar,Aurangabad,"Gurdeo Nagar, Aurangabad - BSPCB","28-08-2026 22:00:00",24.75746,84.366208,CO,NA,NA,NA
India,Bihar,Bhagalpur,"Mayaganj, Bhagalpur - BSPCB","28-08-2026 22:00:00",25.265194,87.012947,NO2,NA,NA,NA
India,Bihar,Bhagalpur,"Mayaganj, Bhagalpur - BSPCB","28-08-2026 22:00:00",25.265194,87.012947,NH3,NA,NA,NA
India,Bihar,Bhagalpur,"DM Office_Kachari Chowk, Bhagalpur - BSPCB","28-08-2026 22:00:00",25.251013,86.989001,NO2,9,13,12
India,Bihar,Bhagalpur,"DM Office_Kachari Chowk, Bhagalpur - BSPCB","28-08-2026 22:00:00",25.251013,86.989001,CO,27,33,29
India,Delhi,Delhi,"Nehru Nagar, Delhi - DPCC","28-08-2026 22:00:00",28.56789,77.250515,PM10,122,259,155
India,Delhi,Delhi,"Patparganj, Delhi - DPCC","28-08-2026 22:00:00",28.623763,77.287209,NH3,7,14,10
India,Delhi,Delhi,"Wazirpur, Delhi - DPCC","28-08-2026 22:00:00",28.699793,77.165453,PM10,161,413,211
India,Delhi,Delhi,"Wazirpur, Delhi - DPCC","28-08-2026 22:00:00",28.699793,77.165453,NO2,31,87,45
India,Delhi,Delhi,"Wazirpur, Delhi - DPCC","28-08-2026 22:00:00",28.699793,77.165453,NH3,1,19,9
India,Delhi,Delhi,"Wazirpur, Delhi - DPCC","28-08-2026 22:00:00",28.699793,77.165453,OZONE,5,8,7
India,Delhi,Delhi,"Punjabi Bagh, Delhi - DPCC","28-08-2026 22:00:00",28.674045,77.131023,CO,34,53,42
India,Delhi,Delhi,"Ashok Vihar, Delhi - DPCC","28-08-2026 22:00:00",28.695381,77.181665,SO2,18,25,21
India,Delhi,Delhi,"Ashok Vihar, Delhi - DPCC","28-08-2026 22:00:00",28.695381,77.181665,CO,94,114,100
India,Delhi,Delhi,"Anand Vihar, Delhi - DPCC","28-08-2026 22:00:00",28.647622,77.315809,PM2.5,186,405,290
India,Delhi,Delhi,"Shadipur, Delhi - CPCB","28-08-2026 22:00:00",28.6514781,77.1473105,PM2.5,24,78,45
India,"Jammu and Kashmir",Srinagar,"Khunmoh, Srinagar - JKPCC","28-08-2026 22:00:00",34.06313,74.96017,PM10,57,89,70
India,"Jammu and Kashmir",Srinagar,"Khunmoh, Srinagar - JKPCC","28-08-2026 22:00:00",34.06313,74.96017,SO2,3,4,4
India,Jharkhand,Dhanbad,"Sardar Patel Nagar, Dhanbad - JSPCB","28-08-2026 22:00:00",23.80569,86.44268,PM10,NA,NA,NA
India,Jharkhand,Dhanbad,"Sardar Patel Nagar, Dhanbad - JSPCB","28-08-2026 22:00:00",23.80569,86.44268,NO2,96,176,103
India,Jharkhand,Dhanbad,"Sardar Patel Nagar, Dhanbad - JSPCB","28-08-2026 22:00:00",23.80569,86.44268,NH3,NA,NA,NA
India,Jharkhand,Dhanbad,"Sardar Patel Nagar, Dhanbad - JSPCB","28-08-2026 22:00:00",23.80569,86.44268,SO2,NA,NA,NA
India,Jharkhand,Jorapokhar,"Tata Stadium, Jorapokhar - JSPCB","28-08-2026 22:00:00",23.707909,86.41467,PM2.5,56,71,60
India,Karnataka,Belgaum,"Ramteerth Nagar, Belgaum - KSPCB","28-08-2026 22:00:00",15.888653,74.541751,PM2.5,7,37,20
India,Karnataka,Belgaum,"Ramteerth Nagar, Belgaum - KSPCB","28-08-2026 22:00:00",15.888653,74.541751,PM10,10,48,26
India,Karnataka,Belgaum,"Ramteerth Nagar, Belgaum - KSPCB","28-08-2026 22:00:00",15.888653,74.541751,NO2,15,44,29
India,Karnataka,Bengaluru,"Jigani, Bengaluru - KSPCB","28-08-2026 22:00:00",12.7816279,77.6299145,NO2,17,18,18
India,Karnataka,Bengaluru,"City Railway Station, Bengaluru - KSPCB","28-08-2026 22:00:00",12.9756843,77.5660749,PM10,84,100,99
India,Karnataka,Bengaluru,"City Railway Station, Bengaluru - KSPCB","28-08-2026 22:00:00",12.9756843,77.5660749,NO2,28,34,31
India,Karnataka,Bengaluru,"City Railway Station, Bengaluru - KSPCB","28-08-2026 22:00:00",12.9756843,77.5660749,SO2,12,13,12
India,Karnataka,Bengaluru,"Jayanagar 5th Block, Bengaluru - KSPCB","28-08-2026 22:00:00",12.920984,77.584908,NO2,9,18,13
India,Karnataka,Bengaluru,"Hombegowda Nagar, Bengaluru - KSPCB","28-08-2026 22:00:00",12.938539,77.5901,PM2.5,13,28,21
India,Karnataka,Bengaluru,"Hombegowda Nagar, Bengaluru - KSPCB","28-08-2026 22:00:00",12.938539,77.5901,SO2,1,9,5
India,Karnataka,Bengaluru,"Peenya, Bengaluru - CPCB","28-08-2026 22:00:00",13.0270199,77.494094,NO2,24,25,24
India,Karnataka,Bengaluru,"Shivapura_Peenya, Bengaluru - KSPCB","28-08-2026 22:00:00",13.0246342,77.5080115,NO2,39,42,40
India,Karnataka,Bengaluru,"Shivapura_Peenya, Bengaluru - KSPCB","28-08-2026 22:00:00",13.0246342,77.5080115,SO2,3,5,4
India,Karnataka,Bengaluru,"Hebbal, Bengaluru - KSPCB","28-08-2026 22:00:00",13.029152,77.585901,NH3,2,2,2
India,Karnataka,Bengaluru,"Hebbal, Bengaluru - KSPCB","28-08-2026 22:00:00",13.029152,77.585901,CO,9,27,18
India,Karnataka,Bengaluru,"Hebbal, Bengaluru - KSPCB","28-08-2026 22:00:00",13.029152,77.585901,OZONE,1,4,2
India,Delhi,Delhi,"Pusa, Delhi - DPCC","28-08-2026 22:00:00",28.639652,77.146275,SO2,4,16,10
India,Delhi,Delhi,"Pusa, Delhi - DPCC","28-08-2026 22:00:00",28.639652,77.146275,CO,76,106,90
India,Delhi,Delhi,"Sirifort, Delhi - CPCB","28-08-2026 22:00:00",28.5504249,77.2159377,PM2.5,60,243,91
India,Delhi,Delhi,"Sirifort, Delhi - CPCB","28-08-2026 22:00:00",28.5504249,77.2159377,CO,8,67,24
India,Delhi,Delhi,"Chandni Chowk, Delhi - IITM","28-08-2026 22:00:00",28.656756,77.227234,PM10,59,104,85
India,Delhi,Delhi,"Chandni Chowk, Delhi - IITM","28-08-2026 22:00:00",28.656756,77.227234,OZONE,2,22,14
India,Delhi,Delhi,"Pusa, Delhi - IITM","28-08-2026 22:00:00",28.63611,77.173332,PM2.5,29,101,67
India,Delhi,Delhi,"Pusa, Delhi - IITM","28-08-2026 22:00:00",28.63611,77.173332,SO2,NA,NA,NA
India,Delhi,Delhi,"Pusa, Delhi - IITM","28-08-2026 22:00:00",28.63611,77.173332,OZONE,24,93,65
India,Delhi,Delhi,"DTU, Delhi - CPCB","28-08-2026 22:00:00",28.7500499,77.1112615,NO2,27,31,29
India,Delhi,Delhi,"DTU, Delhi - CPCB","28-08-2026 22:00:00",28.7500499,77.1112615,SO2,30,33,32
India,Delhi,Delhi,"DTU, Delhi - CPCB","28-08-2026 22:00:00",28.7500499,77.1112615,OZONE,10,34,22
India,Delhi,Delhi,"Dwarka-Sector 8, Delhi - DPCC ","28-08-2026 22:00:00",28.5710274,77.0719006,NH3,5,9,6
India,Delhi,Delhi,"Dr. Karni Singh Shooting Range, Delhi - DPCC","28-08-2026 22:00:00",28.498571,77.26484,PM2.5,23,304,78
India,Delhi,Delhi,"Dr. Karni Singh Shooting Range, Delhi - DPCC","28-08-2026 22:00:00",28.498571,77.26484,NO2,7,51,19
India,Delhi,Delhi,"IIT Delhi, Delhi - IITM","28-08-2026 22:00:00",28.54246,77.191651,SO2,NA,NA,NA
India,Delhi,Delhi,"IIT Delhi, Delhi - IITM","28-08-2026 22:00:00",28.54246,77.191651,OZONE,15,41,29
India,Delhi,Delhi,"IGI Airport (T3), Delhi - IITM","28-08-2026 22:00:00",28.5627763,77.1180053,CO,7,25,13
India,Delhi,Delhi,"IGNOU_Maidan Garhi, Delhi - DPCC","28-08-2026 22:00:00",28.493624,77.201159,NH3,NA,NA,NA
India,Delhi,Delhi,"IGNOU_Maidan Garhi, Delhi - DPCC","28-08-2026 22:00:00",28.493624,77.201159,CO,43,48,45
India,Delhi,Delhi,"Commonwealth Sports Complex, Delhi - DPCC","28-08-2026 22:00:00",28.615828,77.271992,PM2.5,58,127,77
India,Gujarat,Gandhinagar,"IIPHG Lekawada, Gandhinagar - IITM","28-08-2026 22:00:00",23.243639,72.68994,CO,13,19,16
India,Gujarat,Gandhinagar,"IIPHG Lekawada, Gandhinagar - IITM","28-08-2026 22:00:00",23.243639,72.68994,OZONE,4,10,8
India,Gujarat,Gandhinagar,"GIFT City, Gandhinagar - IITM","28-08-2026 22:00:00",23.163798,72.677768,PM10,65,153,91
India,Gujarat,Gandhinagar,"GIFT City, Gandhinagar - IITM","28-08-2026 22:00:00",23.163798,72.677768,SO2,0,7,3
India,Gujarat,Mehsana,"Sadanand Nagar, Mehsana - Nexteng Enviro","28-08-2026 22:00:00",23.59315,72.372792,PM2.5,20,59,36
India,Gujarat,Mehsana,"Sadanand Nagar, Mehsana - Nexteng Enviro","28-08-2026 22:00:00",23.59315,72.372792,NO2,2,6,4
India,Gujarat,Mehsana,"Sadanand Nagar, Mehsana - Nexteng Enviro","28-08-2026 22:00:00",23.59315,72.372792,CO,43,44,44
India,Gujarat,Nandesari,"GIDC, Nandesari - Nandesari Ind. Association","28-08-2026 22:00:00",22.410802,73.097923,NH3,NA,NA,NA
India,Gujarat,Rajkot,"Mavdi, Rajkot - Nexteng Enviro ","28-08-2026 22:00:00",22.248853,70.776774,NO2,4,12,5
India,Gujarat,Rajkot,"Mavdi, Rajkot - Nexteng Enviro ","28-08-2026 22:00:00",22.248853,70.776774,SO2,8,10,9
India,Gujarat,Rajkot,"Mavdi, Rajkot - Nexteng Enviro ","28-08-2026 22:00:00",22.248853,70.776774,CO,41,42,42
India,Gujarat,Surat,"Katargam, Surat - Nexteng Enviro","28-08-2026 22:00:00",21.217779,72.834787,SO2,8,9,8
India,Gujarat,Surat,"Katargam, Surat - Nexteng Enviro","28-08-2026 22:00:00",21.217779,72.834787,OZONE,7,7,7
India,Gujarat,Vadodara,"Bapunagar, Vadodara - Nexteng Enviro","28-08-2026 22:00:00",22.320153,73.216285,OZONE,3,5,4
India,Gujarat,Vapi,"Phase-1 GIDC, Vapi - GPCB","28-08-2026 22:00:00",20.362421,72.918013,PM10,27,83,42
India,Gujarat,Vatva,"Phase-4 GIDC, Vatva - GPCB","28-08-2026 22:00:00",22.969611,72.6435,SO2,13,31,21
India,Gujarat,Vatva,"Phase-4 GIDC, Vatva - GPCB","28-08-2026 22:00:00",22.969611,72.6435,CO,42,57,49
India,Haryana,Ambala,"Patti Mehar, Ambala - HSPCB","28-08-2026 22:00:00",30.379589,76.778328,PM2.5,58,94,75
India,Haryana,Panchkula,"Sector-6, Panchkula - HSPCB ","28-08-2026 22:00:00",30.7057778,76.8531805555555,SO2,10,13,11
India,Haryana,Panchkula,"Sector-6, Panchkula - HSPCB ","28-08-2026 22:00:00",30.7057778,76.8531805555555,CO,18,20,19
India,Haryana,Panchkula,"Sector-6, Panchkula - HSPCB ","28-08-2026 22:00:00",30.7057778,76.8531805555555,OZONE,51,57,54
India,Haryana,Panipat,"Sector-18, Panipat - HSPCB","28-08-2026 22:00:00",29.432304,76.972765,PM10,13,181,108
India,Haryana,Panipat,"Sector-18, Panipat - HSPCB","28-08-2026 22:00:00",29.432304,76.972765,NH3,7,12,10
India,Haryana,Panipat,"Sector-18, Panipat - HSPCB","28-08-2026 22:00:00",29.432304,76.972765,SO2,35,67,49
India,Haryana,Panipat,"Sector-18, Panipat - HSPCB","28-08-2026 22:00:00",29.432304,76.972765,CO,27,28,27
India,Haryana,Sirsa,"F-Block, Sirsa - HSPCB","28-08-2026 22:00:00",29.5364,75.0158,OZONE,18,59,33
India,Haryana,Sonipat,"Murthal, Sonipat - HSPCB","28-08-2026 22:00:00",29.0272,77.0621,NH3,NA,NA,NA
India,Haryana,Sonipat,"Murthal, Sonipat - HSPCB","28-08-2026 22:00:00",29.0272,77.0621,SO2,NA,NA,NA
India,"Himachal Pradesh",Baddi,"HIMUDA Complex Phase-1, Baddi - HPPCB","28-08-2026 22:00:00",30.943887,76.801991,PM10,49,304,143
India,"Himachal Pradesh",Baddi,"HIMUDA Complex Phase-1, Baddi - HPPCB","28-08-2026 22:00:00",30.943887,76.801991,SO2,6,6,6
India,"Himachal Pradesh",Baddi,"HIMUDA Complex Phase-1, Baddi - HPPCB","28-08-2026 22:00:00",30.943887,76.801991,OZONE,13,60,36
India,"Jammu and Kashmir",Pampore,"Khrew, Pampore - JKPCC","28-08-2026 22:00:00",34.031606,75.009712,PM2.5,20,77,50
India,"Jammu and Kashmir",Pampore,"Khrew, Pampore - JKPCC","28-08-2026 22:00:00",34.031606,75.009712,PM10,28,106,70
India,"Jammu and Kashmir",Srinagar,"Rajbagh, Srinagar - JKPCC","28-08-2026 22:00:00",34.066206,74.81982,CO,8,15,10
India,Haryana,Ballabgarh,"Nathu Colony, Ballabgarh - HSPCB","28-08-2026 22:00:00",28.3419248,77.319699,NO2,19,21,20
India,Haryana,Bhiwani,"H.B. Colony, Bhiwani - HSPCB","28-08-2026 22:00:00",28.806223,76.141105,PM10,110,120,115
India,Haryana,Dharuhera,"Municipal Corporation Office, Dharuhera -  HSPCB","28-08-2026 22:00:00",28.2068,76.7997,OZONE,25,71,37
India,Haryana,Faridabad,"Sector 11, Faridabad - HSPCB","28-08-2026 22:00:00",28.376058,77.315741,PM2.5,17,453,186
India,Haryana,Faridabad,"Sector 11, Faridabad - HSPCB","28-08-2026 22:00:00",28.376058,77.315741,SO2,2,13,7
India,Haryana,Faridabad,"Sector 30, Faridabad - HSPCB","28-08-2026 22:00:00",28.4417,77.3217,PM2.5,75,331,162
India,Haryana,Faridabad,"Sector 30, Faridabad - HSPCB","28-08-2026 22:00:00",28.4417,77.3217,CO,73,111,89
India,Haryana,Gurugram,"Teri Gram, Gurugram - HSPCB","28-08-2026 22:00:00",28.4275,77.1465,PM10,36,227,96
India,Haryana,Gurugram,"Teri Gram, Gurugram - HSPCB","28-08-2026 22:00:00",28.4275,77.1465,OZONE,13,64,27
India,Haryana,Gurugram,"NISE Gwal Pahari, Gurugram - IITM","28-08-2026 22:00:00",28.422681,77.148944,PM2.5,33,127,59
India,Haryana,Gurugram,"NISE Gwal Pahari, Gurugram - IITM","28-08-2026 22:00:00",28.422681,77.148944,PM10,87,175,128
India,Haryana,Gurugram,"Sector-51, Gurugram - HSPCB","28-08-2026 22:00:00",28.4227,77.0667,PM10,108,168,129
India,Haryana,Gurugram,"Sector-51, Gurugram - HSPCB","28-08-2026 22:00:00",28.4227,77.0667,NO2,24,69,40
India,Haryana,Gurugram,"Sector-51, Gurugram - HSPCB","28-08-2026 22:00:00",28.4227,77.0667,SO2,6,9,7
India,Delhi,Delhi,"R K Puram, Delhi - DPCC","28-08-2026 22:00:00",28.563262,77.186937,SO2,9,12,11
India,Gujarat,Ahmedabad,"Rakhial, Ahmedabad - IITM","28-08-2026 22:00:00",23.016834,72.625775,PM2.5,28,51,35
India,Gujarat,Ahmedabad,"Rakhial, Ahmedabad - IITM","28-08-2026 22:00:00",23.016834,72.625775,NH3,1,5,3
India,Gujarat,Ahmedabad,"Maninagar, Ahmedabad - GPCB","28-08-2026 22:00:00",23.002657,72.591912,PM2.5,35,132,76
India,Gujarat,Ahmedabad,"Chandkheda, Ahmedabad - IITM","28-08-2026 22:00:00",23.107969,72.574648,NH3,4,5,5
India,Gujarat,Ahmedabad,"SAC ISRO Bopal, Ahmedabad - IITM","28-08-2026 22:00:00",23.041137,72.456691,OZONE,15,22,20
India,Gujarat,Ahmedabad,"SAC ISRO Satellite, Ahmedabad - IITM","28-08-2026 22:00:00",23.023389,72.515201,SO2,1,2,2
India,Gujarat,Ahmedabad,"Gyaspur, Ahmedabad - IITM","28-08-2026 22:00:00",22.977134,72.553024,CO,64,71,66
India,Gujarat,Ahmedabad,"Raikhad, Ahmedabad - IITM","28-08-2026 22:00:00",23.020509,72.579261,PM10,61,126,80
India,Gujarat,Ahmedabad,"Raikhad, Ahmedabad - IITM","28-08-2026 22:00:00",23.020509,72.579261,NH3,1,3,2
India,Gujarat,Bhavnagar,"Vidhyanagar, Bhavnagar - Nexteng Enviro","28-08-2026 22:00:00",21.755417,72.139056,PM2.5,23,38,28
India,Gujarat,Gandhinagar,"Sector-10, Gandhinagar - GPCB","28-08-2026 22:00:00",23.221714,72.654328,PM2.5,23,65,39
India,Delhi,Delhi,"Talkatora Garden, Delhi - DPCC","28-08-2026 22:00:00",28.62181,77.1944633,SO2,0,2,1
India,Delhi,Delhi,"Talkatora Garden, Delhi - DPCC","28-08-2026 22:00:00",28.62181,77.1944633,CO,33,60,40
India,Delhi,Delhi,"NSIT Dwarka, Delhi - CPCB","28-08-2026 22:00:00",28.60909,77.0325413,PM2.5,23,45,30
India,Delhi,Delhi,"NSIT Dwarka, Delhi - CPCB","28-08-2026 22:00:00",28.60909,77.0325413,NO2,0,84,35
India,Delhi,Delhi,"NSIT Dwarka, Delhi - CPCB","28-08-2026 22:00:00",28.60909,77.0325413,CO,1,179,41
India,Delhi,Delhi,"Aya Nagar, Delhi - IITM","28-08-2026 22:00:00",28.4706914,77.1099364,PM10,101,160,132
India,Delhi,Delhi,"CRRI Mathura Road, Delhi - IITM","28-08-2026 22:00:00",28.5512005,77.2735737,PM10,101,259,169
India,Delhi,Delhi,"CRRI Mathura Road, Delhi - IITM","28-08-2026 22:00:00",28.5512005,77.2735737,NH3,NA,NA,NA
India,Delhi,Delhi,"Burari Crossing, Delhi - IITM","28-08-2026 22:00:00",28.7256504,77.2011573,PM2.5,39,91,69
India,Delhi,Delhi,"Burari Crossing, Delhi - IITM","28-08-2026 22:00:00",28.7256504,77.2011573,NH3,NA,NA,NA
India,Delhi,Delhi,"Burari Crossing, Delhi - IITM","28-08-2026 22:00:00",28.7256504,77.2011573,SO2,NA,NA,NA
India,Delhi,Delhi,"IMD Lodhi Road, Delhi - IITM","28-08-2026 22:00:00",28.5918245,77.2273074,PM2.5,28,227,91
India,Delhi,Delhi,"IMD Lodhi Road, Delhi - IITM","28-08-2026 22:00:00",28.5918245,77.2273074,SO2,NA,NA,NA
India,Delhi,Delhi,"North Campus, DU, Delhi - IITM","28-08-2026 22:00:00",28.6573814,77.1585447,NH3,NA,NA,NA
India,Delhi,Delhi,"North Campus, DU, Delhi - IITM","28-08-2026 22:00:00",28.6573814,77.1585447,CO,36,111,64
India,Karnataka,Bengaluru,"Bapuji Nagar, Bengaluru - KSPCB","28-08-2026 22:00:00",12.951913,77.539784,PM10,50,76,61
India,Karnataka,Bengaluru,"Bapuji Nagar, Bengaluru - KSPCB","28-08-2026 22:00:00",12.951913,77.539784,CO,24,43,33
India,Karnataka,Chamarajanagar,"Urban, Chamarajanagar - KSPCB","28-08-2026 22:00:00",11.55358,76.55521,PM10,29,56,42
India,Karnataka,Chikkaballapur,"Chikkaballapur Rural, Chikkaballapur - KSPCB","28-08-2026 22:00:00",13.428828,77.731418,NO2,2,5,4
India,Karnataka,Chikkamagaluru,"Kalyana Nagara, Chikkamagaluru - KSPCB","28-08-2026 22:00:00",13.328028,75.797056,PM10,NA,NA,NA
India,Karnataka,Chikkamagaluru,"Kalyana Nagara, Chikkamagaluru - KSPCB","28-08-2026 22:00:00",13.328028,75.797056,CO,22,26,24
India,Karnataka,Chikkamagaluru,"Kalyana Nagara, Chikkamagaluru - KSPCB","28-08-2026 22:00:00",13.328028,75.797056,OZONE,36,36,36
India,Karnataka,Davanagere,"Devaraj Urs Badavane, Davanagere - KSPCB","28-08-2026 22:00:00",14.4758,75.9052,NH3,0,2,1
India,Karnataka,Dharwad,"Kalabhavan, Dharwad - KSPCB","28-08-2026 22:00:00",15.459706,75.008381,PM10,63,79,71
India,Haryana,Gurugram,"Vikas Sadan, Gurugram - HSPCB","28-08-2026 22:00:00",28.4501238,77.0263051,NH3,NA,NA,NA
India,Haryana,Hisar,"Urban Estate-II, Hisar - HSPCB","28-08-2026 22:00:00",29.14056,75.744941,PM2.5,25,189,83
India,Haryana,Hisar,"Urban Estate-II, Hisar - HSPCB","28-08-2026 22:00:00",29.14056,75.744941,OZONE,5,31,23
India,Haryana,Kaithal,"Rishi Nagar, Kaithal - HSPCB","28-08-2026 22:00:00",29.8006,76.4155,PM2.5,NA,NA,NA
India,Haryana,Kaithal,"Rishi Nagar, Kaithal - HSPCB","28-08-2026 22:00:00",29.8006,76.4155,NH3,4,6,5
India,Haryana,Kaithal,"Rishi Nagar, Kaithal - HSPCB","28-08-2026 22:00:00",29.8006,76.4155,SO2,NA,NA,NA
India,Haryana,Karnal,"Sector-12, Karnal - HSPCB","28-08-2026 22:00:00",29.6953,77.0027,PM2.5,49,92,74
India,Haryana,Karnal,"Sector-12, Karnal - HSPCB","28-08-2026 22:00:00",29.6953,77.0027,NH3,6,12,8
India,Haryana,Manesar,"Sector-2 IMT, Manesar - HSPCB","28-08-2026 22:00:00",28.360699,76.93609,SO2,NA,NA,NA
India,Haryana,Manesar,"Sector-2 IMT, Manesar - HSPCB","28-08-2026 22:00:00",28.360699,76.93609,OZONE,9,9,9
India,Maharashtra,Kalyan,"Khadakpada, Kalyan - MPCB","28-08-2026 22:00:00",19.25292,73.142019,PM10,12,132,46
India,Maharashtra,Kalyan,"Khadakpada, Kalyan - MPCB","28-08-2026 22:00:00",19.25292,73.142019,NH3,1,1,1
India,Maharashtra,Kalyan,"Khadakpada, Kalyan - MPCB","28-08-2026 22:00:00",19.25292,73.142019,CO,NA,NA,NA
India,Maharashtra,Kalyan,"Pimpleshwar Mandir, Kalyan - MPCB","28-08-2026 22:00:00",19.192056,72.9585188,PM10,42,54,47
India,Maharashtra,Kalyan,"Pimpleshwar Mandir, Kalyan - MPCB","28-08-2026 22:00:00",19.192056,72.9585188,SO2,6,16,12
India,Maharashtra,Kolhapur,"Sinchan Bhavan, Kolhapur - MPCB","28-08-2026 22:00:00",16.7143745,74.2426398,OZONE,13,19,16
India,Maharashtra,Kolhapur,"Shivaji University, Kolhapur - MPCB","28-08-2026 22:00:00",16.6870449,74.2505872,NH3,3,4,3
India,Maharashtra,Kolhapur,"Shivaji University, Kolhapur - MPCB","28-08-2026 22:00:00",16.6870449,74.2505872,SO2,1,1,1
India,Maharashtra,Kolhapur,"Shivaji University, Kolhapur - MPCB","28-08-2026 22:00:00",16.6870449,74.2505872,CO,11,20,14
India,Maharashtra,Kolhapur,"Shivaji University, Kolhapur - MPCB","28-08-2026 22:00:00",16.6870449,74.2505872,OZONE,10,16,13
India,Maharashtra,Latur,"Sawe Wadi, Latur - MPCB","28-08-2026 22:00:00",18.39963,76.57452,NO2,6,18,10
India,Maharashtra,Mahad,"Kamble Tarf Birwadi, Mahad - MPCB","28-08-2026 22:00:00",18.1023399,73.4783687,PM10,24,54,39
India,Maharashtra,Mahad,"Kamble Tarf Birwadi, Mahad - MPCB","28-08-2026 22:00:00",18.1023399,73.4783687,NH3,3,3,3
India,Maharashtra,Mahad,"Kamble Tarf Birwadi, Mahad - MPCB","28-08-2026 22:00:00",18.1023399,73.4783687,SO2,6,13,8
India,Maharashtra,Mahad,"Kamble Tarf Birwadi, Mahad - MPCB","28-08-2026 22:00:00",18.1023399,73.4783687,OZONE,20,30,27
India,Maharashtra,Malegaon,"Mahesh Nagar, Malegaon - MPCB","28-08-2026 22:00:00",20.555712,74.529236,PM10,61,110,86
India,Maharashtra,Mira-Bhayandar,"Bhayandar West, Mira-Bhayandar - MPCB","28-08-2026 22:00:00",19.296481,72.840923,PM2.5,13,32,19
India,Maharashtra,Mira-Bhayandar,"Bhayandar West, Mira-Bhayandar - MPCB","28-08-2026 22:00:00",19.296481,72.840923,PM10,18,35,26
India,Maharashtra,Mira-Bhayandar,"Bhayandar West, Mira-Bhayandar - MPCB","28-08-2026 22:00:00",19.296481,72.840923,NH3,1,2,2
India,Maharashtra,Mira-Bhayandar,"Bhayandar West, Mira-Bhayandar - MPCB","28-08-2026 22:00:00",19.296481,72.840923,SO2,2,4,2
India,Maharashtra,Mumbai,"Shivaji Nagar, Mumbai - BMC","28-08-2026 22:00:00",19.060498,72.923356,PM10,48,84,65
India,Maharashtra,Mumbai,"Shivaji Nagar, Mumbai - BMC","28-08-2026 22:00:00",19.060498,72.923356,NH3,2,5,3
India,Maharashtra,Mumbai,"Sion, Mumbai - MPCB","28-08-2026 22:00:00",19.047,72.8746,PM2.5,5,17,8
India,Maharashtra,Mumbai,"Sion, Mumbai - MPCB","28-08-2026 22:00:00",19.047,72.8746,PM10,8,23,12
India,Maharashtra,Nagpur,"Opp GPO Civil Lines, Nagpur - MPCB","28-08-2026 22:00:00",21.152875,79.0517531,NH3,5,5,5
India,Maharashtra,Nagpur,"Opp GPO Civil Lines, Nagpur - MPCB","28-08-2026 22:00:00",21.152875,79.0517531,OZONE,6,11,9
India,Maharashtra,Nagpur,"Ambazari, Nagpur - MPCB","28-08-2026 22:00:00",21.121801,79.04952,CO,13,51,25
India,Maharashtra,Nanded,"Sneh Nagar, Nanded - MPCB","28-08-2026 22:00:00",19.173852,77.296291,NH3,NA,NA,NA
India,Maharashtra,Nashik,"Gangapur Road, Nashik - MPCB","28-08-2026 22:00:00",20.0073285,73.7762427,PM2.5,10,46,24
India,Maharashtra,Nashik,"Gangapur Road, Nashik - MPCB","28-08-2026 22:00:00",20.0073285,73.7762427,PM10,15,57,31
India,Maharashtra,Nashik,"Gangapur Road, Nashik - MPCB","28-08-2026 22:00:00",20.0073285,73.7762427,NO2,5,5,5
India,Maharashtra,Nashik,"Pandav Nagari, Nashik - MPCB","28-08-2026 22:00:00",19.9591346,73.7788008,PM10,17,47,27
India,Maharashtra,Nashik,"Pandav Nagari, Nashik - MPCB","28-08-2026 22:00:00",19.9591346,73.7788008,NO2,3,5,4
India,Maharashtra,Nashik,"Pandav Nagari, Nashik - MPCB","28-08-2026 22:00:00",19.9591346,73.7788008,SO2,1,5,3
India,Maharashtra,Nashik,"MIDC Ambad, Nashik - MPCB","28-08-2026 22:00:00",19.95022,73.73148,NO2,3,6,4
India,Maharashtra,Nashik,"MIDC Ambad, Nashik - MPCB","28-08-2026 22:00:00",19.95022,73.73148,SO2,1,5,3
India,Maharashtra,Nashik,"MIDC Ambad, Nashik - MPCB","28-08-2026 22:00:00",19.95022,73.73148,OZONE,14,20,17
India,Maharashtra,"Navi Mumbai","Kopripada-Vashi, Navi Mumbai - MPCB","28-08-2026 22:00:00",19.090337,73.014232,NH3,0,4,2
India,Maharashtra,"Navi Mumbai","Tondare-Taloja, Navi Mumbai - MPCB","28-08-2026 22:00:00",19.063,73.1209,PM2.5,26,63,41
India,Maharashtra,"Navi Mumbai","Tondare-Taloja, Navi Mumbai - MPCB","28-08-2026 22:00:00",19.063,73.1209,NO2,7,12,10
India,Maharashtra,"Navi Mumbai","Tondare-Taloja, Navi Mumbai - MPCB","28-08-2026 22:00:00",19.063,73.1209,SO2,0,6,3
India,Maharashtra,"Navi Mumbai","Tondare-Taloja, Navi Mumbai - MPCB","28-08-2026 22:00:00",19.063,73.1209,CO,40,45,42
India,Maharashtra,"Navi Mumbai","Sanpada, Navi Mumbai - MPCB","28-08-2026 22:00:00",19.0575752,73.0151367,PM2.5,7,33,15
India,Maharashtra,"Navi Mumbai","Sector-2E Kalamboli, Navi Mumbai - MPCB","28-08-2026 22:00:00",19.02579,73.10297,NH3,6,9,7
India,Maharashtra,Mumbai,"Malad West, Mumbai - IITM","28-08-2026 22:00:00",19.19709,72.82204,SO2,2,8,5
India,Maharashtra,Mumbai,"Borivali East, Mumbai - IITM","28-08-2026 22:00:00",19.23241,72.86895,PM2.5,9,41,21
India,Maharashtra,Mumbai,"Borivali East, Mumbai - IITM","28-08-2026 22:00:00",19.23241,72.86895,NO2,7,17,11
India,Maharashtra,Mumbai,"Borivali East, Mumbai - IITM","28-08-2026 22:00:00",19.23241,72.86895,CO,19,42,32
India,Maharashtra,Mumbai,"Mazgaon, Mumbai - IITM","28-08-2026 22:00:00",18.96702,72.84214,PM2.5,12,44,21
India,Maharashtra,Mumbai,"Mazgaon, Mumbai - IITM","28-08-2026 22:00:00",18.96702,72.84214,NO2,22,35,28
India,Maharashtra,Mumbai,"Chakala-Andheri East, Mumbai - IITM","28-08-2026 22:00:00",19.11074,72.86084,PM2.5,19,62,35
India,Maharashtra,Mumbai,"Chakala-Andheri East, Mumbai - IITM","28-08-2026 22:00:00",19.11074,72.86084,PM10,24,74,36
India,Maharashtra,Mumbai,"Bandra Kurla Complex, Mumbai - IITM","28-08-2026 22:00:00",19.053536,72.84643,SO2,3,7,5
India,Maharashtra,Mumbai,"Bandra Kurla Complex, Mumbai - IITM","28-08-2026 22:00:00",19.053536,72.84643,OZONE,5,14,11
India,Maharashtra,Mumbai,"Kurla, Mumbai - MPCB","28-08-2026 22:00:00",19.0863,72.8888,PM2.5,18,72,39
India,Maharashtra,Mumbai,"Kurla, Mumbai - MPCB","28-08-2026 22:00:00",19.0863,72.8888,PM10,21,84,45
India,Maharashtra,Mumbai,"Kurla, Mumbai - MPCB","28-08-2026 22:00:00",19.0863,72.8888,NH3,2,2,2
India,Maharashtra,Mumbai,"Kurla, Mumbai - MPCB","28-08-2026 22:00:00",19.0863,72.8888,CO,25,25,25
India,Maharashtra,Mumbai,"Ghatkopar, Mumbai - BMC","28-08-2026 22:00:00",19.083694,72.920967,NO2,2,5,3
India,Maharashtra,Mumbai,"Ghatkopar, Mumbai - BMC","28-08-2026 22:00:00",19.083694,72.920967,SO2,2,3,3
India,Maharashtra,Mumbai,"Deonar, Mumbai - IITM","28-08-2026 22:00:00",19.04946,72.923,OZONE,10,17,15
India,Maharashtra,Mumbai,"Chhatrapati Shivaji Intl. Airport (T2), Mumbai - MPCB","28-08-2026 22:00:00",19.10078,72.87462,PM10,17,42,29
India,Maharashtra,Mumbai,"Chhatrapati Shivaji Intl. Airport (T2), Mumbai - MPCB","28-08-2026 22:00:00",19.10078,72.87462,NO2,13,13,13
India,Maharashtra,Mumbai,"Chhatrapati Shivaji Intl. Airport (T2), Mumbai - MPCB","28-08-2026 22:00:00",19.10078,72.87462,NH3,1,1,1
India,Maharashtra,Nagpur,"Mahal, Nagpur - MPCB","28-08-2026 22:00:00",21.14472,79.107595,PM2.5,31,60,45
India,"Madhya Pradesh",Indore,"Chhoti Gwaltoli, Indore - MPPCB","28-08-2026 22:00:00",22.431,75.5213,NO2,55,89,65
India,"Madhya Pradesh",Indore,"Chhoti Gwaltoli, Indore - MPPCB","28-08-2026 22:00:00",22.431,75.5213,NH3,6,7,7
India,"Madhya Pradesh",Indore,"Chhoti Gwaltoli, Indore - MPPCB","28-08-2026 22:00:00",22.431,75.5213,SO2,15,17,16
India,"Madhya Pradesh",Indore,"Airport Area, Indore - IMC","28-08-2026 22:00:00",22.7289,75.8076,NO2,19,109,23
India,"Madhya Pradesh",Indore,"Airport Area, Indore - IMC","28-08-2026 22:00:00",22.7289,75.8076,SO2,8,10,9
India,"Madhya Pradesh",Indore,"Residency Area, Indore - IMC","28-08-2026 22:00:00",22.7084,75.8815,PM10,38,76,50
India,"Madhya Pradesh",Indore,"Residency Area, Indore - IMC","28-08-2026 22:00:00",22.7084,75.8815,NO2,NA,NA,NA
India,"Madhya Pradesh",Indore,"Residency Area, Indore - IMC","28-08-2026 22:00:00",22.7084,75.8815,NH3,0,0,0
India,"Madhya Pradesh",Indore,"Residency Area, Indore - IMC","28-08-2026 22:00:00",22.7084,75.8815,OZONE,6,7,6
India,"Madhya Pradesh",Jabalpur,"Marhatal, Jabalpur - MPPCB","28-08-2026 22:00:00",23.168606,79.932247,SO2,11,13,12
India,"Madhya Pradesh",Jabalpur,"Govindh Bhavan Colony, Jabalpur - JMC","28-08-2026 22:00:00",23.163174,79.973061,PM10,8,66,36
India,"Madhya Pradesh",Jabalpur,"Govindh Bhavan Colony, Jabalpur - JMC","28-08-2026 22:00:00",23.163174,79.973061,SO2,6,7,6
India,"Madhya Pradesh",Jabalpur,"Suhagi, Jabalpur - JMC","28-08-2026 22:00:00",23.218135,79.95777,PM10,20,457,92
India,"Madhya Pradesh",Jabalpur,"Suhagi, Jabalpur - JMC","28-08-2026 22:00:00",23.218135,79.95777,NH3,6,6,6
India,"Madhya Pradesh",Katni,"Gole Bazar, Katni - MPPCB","28-08-2026 22:00:00",23.50016,80.23284,NO2,10,14,12
India,"Madhya Pradesh",Maihar,"Sahilara, Maihar - KJS Cements","28-08-2026 22:00:00",24.2613009,80.7231783,NO2,14,19,17
India,"Madhya Pradesh",Maihar,"Sahilara, Maihar - KJS Cements","28-08-2026 22:00:00",24.2613009,80.7231783,OZONE,NA,NA,NA
India,"Madhya Pradesh",Pithampur,"Sector-2 Industrial Area, Pithampur - MPPCB","28-08-2026 22:00:00",22.624758,75.675238,PM2.5,23,89,49
India,"Madhya Pradesh",Pithampur,"Sector-2 Industrial Area, Pithampur - MPPCB","28-08-2026 22:00:00",22.624758,75.675238,SO2,26,41,31
India,"Madhya Pradesh",Bhopal,"Paryavaran Parisar, Bhopal - MPPCB","28-08-2026 22:00:00",23.210494,77.425409,NO2,8,13,10
India,"Madhya Pradesh",Bhopal,"Paryavaran Parisar, Bhopal - MPPCB","28-08-2026 22:00:00",23.210494,77.425409,NH3,2,2,2
India,"Madhya Pradesh",Bhopal,"Paryavaran Parisar, Bhopal - MPPCB","28-08-2026 22:00:00",23.210494,77.425409,CO,13,18,15
India,"Madhya Pradesh",Bhopal,"Idgah Hills, Bhopal - MPPCB","28-08-2026 22:00:00",23.264759,77.381568,PM2.5,25,230,99
India,"Madhya Pradesh",Bhopal,"Idgah Hills, Bhopal - MPPCB","28-08-2026 22:00:00",23.264759,77.381568,SO2,5,7,6
India,"Madhya Pradesh",Bhopal,"Idgah Hills, Bhopal - MPPCB","28-08-2026 22:00:00",23.264759,77.381568,CO,22,41,28
India,"Madhya Pradesh",Damoh,"Shrivastav Colony, Damoh - MPPCB","28-08-2026 22:00:00",23.81748678,79.446246,PM2.5,1,42,19
India,"Madhya Pradesh",Damoh,"Shrivastav Colony, Damoh - MPPCB","28-08-2026 22:00:00",23.81748678,79.446246,NH3,NA,NA,NA
India,"Madhya Pradesh",Damoh,"Shrivastav Colony, Damoh - MPPCB","28-08-2026 22:00:00",23.81748678,79.446246,CO,17,18,18
India,"Madhya Pradesh",Damoh,"Shrivastav Colony, Damoh - MPPCB","28-08-2026 22:00:00",23.81748678,79.446246,OZONE,NA,NA,NA
India,"Madhya Pradesh",Dewas,"Bhopal Chauraha, Dewas - MPPCB","28-08-2026 22:00:00",22.9682591,76.064118,PM10,56,97,78
India,"Madhya Pradesh",Gwalior,"Maharaj Bada, Gwalior - MPPCB","28-08-2026 22:00:00",26.200388,78.147714,PM10,42,420,102
India,"Madhya Pradesh",Gwalior,"City Center, Gwalior - MPPCB","28-08-2026 22:00:00",26.203442,78.193251,NH3,1,3,2
India,"Madhya Pradesh",Gwalior,"City Center, Gwalior - MPPCB","28-08-2026 22:00:00",26.203442,78.193251,SO2,9,29,21
India,"Madhya Pradesh",Gwalior,"Deen Dayal Nagar, Gwalior - MPPCB","28-08-2026 22:00:00",26.259242,78.216432,SO2,8,12,9
India,"Madhya Pradesh",Gwalior,"Deen Dayal Nagar, Gwalior - MPPCB","28-08-2026 22:00:00",26.259242,78.216432,OZONE,6,32,25
India,"Madhya Pradesh",Indore,"Regional Park, Indore - IMC","28-08-2026 22:00:00",22.678,75.8559,CO,NA,NA,NA
India,"Madhya Pradesh",Indore,"Chhoti Gwaltoli, Indore - MPPCB","28-08-2026 22:00:00",22.431,75.5213,PM2.5,35,93,54
India,"Madhya Pradesh",Ratlam,"Shasthri Nagar, Ratlam - IPCA Lab","28-08-2026 22:00:00",23.331731,75.045981,SO2,10,13,12
India,"Madhya Pradesh",Ratlam,"Shasthri Nagar, Ratlam - IPCA Lab","28-08-2026 22:00:00",23.331731,75.045981,CO,NA,NA,NA
India,"Madhya Pradesh",Ratlam,"Shasthri Nagar, Ratlam - IPCA Lab","28-08-2026 22:00:00",23.331731,75.045981,OZONE,NA,NA,NA
India,"Madhya Pradesh",Sagar,"Civil Lines, Sagar - MPPCB","28-08-2026 22:00:00",23.838586,78.759431,PM10,13,94,45
India,"Madhya Pradesh",Sagar,"Civil Lines, Sagar - MPPCB","28-08-2026 22:00:00",23.838586,78.759431,NO2,4,13,9
India,"Madhya Pradesh",Sagar,"Civil Lines, Sagar - MPPCB","28-08-2026 22:00:00",23.838586,78.759431,NH3,2,3,2
India,"Madhya Pradesh",Satna,"Bandhavgar Colony, Satna - Birla Cement","28-08-2026 22:00:00",24.58434363,80.8549414,SO2,NA,NA,NA
India,"Madhya Pradesh",Ujjain,"Mahashweta Nagar, Ujjain - MPPCB","28-08-2026 22:00:00",23.1633321,75.800225,NH3,10,14,12
India,Maharashtra,Akola,"Ramdaspeth, Akola - MPCB","28-08-2026 22:00:00",20.719516,77.000253,PM2.5,17,53,35
India,Maharashtra,Ambernath,"Chinchpada, Ambernath - MPCB","28-08-2026 22:00:00",19.215784,73.199781,NO2,13,44,24
India,Maharashtra,Ambernath,"Chinchpada, Ambernath - MPCB","28-08-2026 22:00:00",19.215784,73.199781,OZONE,2,12,7
India,Maharashtra,Amravati,"Shivneri Colony, Amravati - MPCB","28-08-2026 22:00:00",20.9402359,77.7895248,PM10,44,69,55
India,Maharashtra,Amravati,"Shivneri Colony, Amravati - MPCB","28-08-2026 22:00:00",20.9402359,77.7895248,CO,9,27,20
India,Maharashtra,Amravati,"Shivneri Colony, Amravati - MPCB","28-08-2026 22:00:00",20.9402359,77.7895248,OZONE,15,19,17
India,Maharashtra,Aurangabad,"Rachnakar Colony, Aurangabad - MPCB","28-08-2026 22:00:00",19.863756,75.321188,NH3,1,2,1
India,Maharashtra,Aurangabad,"Rachnakar Colony, Aurangabad - MPCB","28-08-2026 22:00:00",19.863756,75.321188,OZONE,9,28,12
India,Maharashtra,Badlapur,"Katrap, Badlapur - MPCB","28-08-2026 22:00:00",19.16485,73.23409,NO2,15,20,17
India,Maharashtra,Badlapur,"Katrap, Badlapur - MPCB","28-08-2026 22:00:00",19.16485,73.23409,CO,13,16,15
India,Maharashtra,Belapur,"CBD Belapur, Belapur - MPCB","28-08-2026 22:00:00",19.0243902,73.0406721,NO2,NA,NA,NA
India,Maharashtra,Bhiwandi,"Gokul Nagar, Bhiwandi - MPCB","28-08-2026 22:00:00",19.309073,73.057223,PM2.5,25,41,31
India,Maharashtra,Bhiwandi,"Gokul Nagar, Bhiwandi - MPCB","28-08-2026 22:00:00",19.309073,73.057223,NH3,NA,NA,NA
India,Maharashtra,Chandrapur,"MIDC Khutala, Chandrapur - MPCB","28-08-2026 22:00:00",19.9775302,79.2337086,SO2,2,41,8
India,Maharashtra,Chandrapur,"MIDC Khutala, Chandrapur - MPCB","28-08-2026 22:00:00",19.9775302,79.2337086,OZONE,4,33,22
India,Maharashtra,Dhule,"Deopur, Dhule - MPCB","28-08-2026 22:00:00",20.918946,74.776388,PM10,17,43,29
India,Maharashtra,Dombivli,"Kalu Nagar, Dombivli - MPCB","28-08-2026 22:00:00",19.2268427,73.0788456,PM2.5,2,12,6
India,Maharashtra,Dombivli,"Kalu Nagar, Dombivli - MPCB","28-08-2026 22:00:00",19.2268427,73.0788456,NO2,4,20,10
India,Maharashtra,Hingoli,"Ashta Vinayak Nagar, Hingoli - MPCB","28-08-2026 22:00:00",19.710842,77.151824,OZONE,17,33,26
India,Maharashtra,Jalgaon,"Prabhat Colony, Jalgaon - MPCB","28-08-2026 22:00:00",21.001264,75.565602,PM10,24,58,41
India,Maharashtra,Jalgaon,"Prabhat Colony, Jalgaon - MPCB","28-08-2026 22:00:00",21.001264,75.565602,NO2,2,8,4
India,Maharashtra,Mumbai,"Sion, Mumbai - MPCB","28-08-2026 22:00:00",19.047,72.8746,SO2,5,6,5
India,Maharashtra,Mumbai,"Siddharth Nagar-Worli, Mumbai - IITM","28-08-2026 22:00:00",19.000083,72.813993,PM10,23,51,36
India,Maharashtra,Mumbai,"Kherwadi_Bandra East, Mumbai - MPCB","28-08-2026 22:00:00",19.0632143,72.8456324,OZONE,16,19,17
India,Maharashtra,Mumbai,"Byculla, Mumbai - BMC","28-08-2026 22:00:00",18.9767,72.838,NO2,6,14,9
India,Maharashtra,Mumbai,"Worli, Mumbai - MPCB","28-08-2026 22:00:00",18.9936162,72.8128113,NH3,5,6,5
India,Maharashtra,Mumbai,"Chembur, Mumbai - MPCB","28-08-2026 22:00:00",19.0364585,72.8954371,PM2.5,7,26,16
India,Maharashtra,Mumbai,"Chembur, Mumbai - MPCB","28-08-2026 22:00:00",19.0364585,72.8954371,PM10,26,60,42
India,Maharashtra,Mumbai,"Chembur, Mumbai - MPCB","28-08-2026 22:00:00",19.0364585,72.8954371,OZONE,6,16,9
India,Maharashtra,Mumbai,"Kandivali West, Mumbai - BMC","28-08-2026 22:00:00",19.215859,72.831718,PM10,6,18,12
India,Maharashtra,Mumbai,"Kandivali West, Mumbai - BMC","28-08-2026 22:00:00",19.215859,72.831718,SO2,3,10,5
India,Maharashtra,Mumbai,"Khindipada-Bhandup West, Mumbai - IITM","28-08-2026 22:00:00",19.1653323,72.922099,PM2.5,5,21,11
India,Maharashtra,Mumbai,"Malad West, Mumbai - IITM","28-08-2026 22:00:00",19.19709,72.82204,PM2.5,3,29,13
India,Karnataka,Madikeri,"Stuart Hill, Madikeri - KSPCB","28-08-2026 22:00:00",12.415911,75.73505,NH3,1,1,1
India,Karnataka,Madikeri,"Stuart Hill, Madikeri - KSPCB","28-08-2026 22:00:00",12.415911,75.73505,OZONE,1,4,2
India,Karnataka,Mysuru,"Hebbal 1st Stage, Mysuru - KSPCB","28-08-2026 22:00:00",12.21041,76.37376,PM10,38,89,61
India,Karnataka,Mysuru,"Hebbal 1st Stage, Mysuru - KSPCB","28-08-2026 22:00:00",12.21041,76.37376,CO,13,27,20
India,Karnataka,Ramanagara,"Vijay Nagar, Ramanagara - KSPCB","28-08-2026 22:00:00",12.733409,77.298051,SO2,16,21,18
India,Karnataka,Shivamogga,"Vinoba Nagara, Shivamogga - KSPCB","28-08-2026 22:00:00",13.94,75.555917,PM10,52,54,53
India,Karnataka,Shivamogga,"Vinoba Nagara, Shivamogga - KSPCB","28-08-2026 22:00:00",13.94,75.555917,OZONE,25,48,39
India,Karnataka,Yadgir,"Collector Office, Yadgir - KSPCB","28-08-2026 22:00:00",16.7602,77.1428,PM2.5,10,23,17
India,Karnataka,Yadgir,"Collector Office, Yadgir - KSPCB","28-08-2026 22:00:00",16.7602,77.1428,NO2,5,5,5
India,Kerala,Thiruvananthapuram,"Kariavattom, Thiruvananthapuram - Kerala PCB","28-08-2026 22:00:00",8.5637,76.8865,SO2,4,4,4
India,Rajasthan,Jhalawar,"Rajlaxmi Nagar, Jhalawar - RSPCB","28-08-2026 22:00:00",24.588397,76.172782,NO2,16,35,28
India,Rajasthan,Jhalawar,"Rajlaxmi Nagar, Jhalawar - RSPCB","28-08-2026 22:00:00",24.588397,76.172782,OZONE,40,44,42
India,Rajasthan,Jodhpur,"Digari Kalan, Jodhpur - RSPCB","28-08-2026 22:00:00",26.29581,73.082283,NO2,11,15,12
India,Rajasthan,Jodhpur,"Jhalamand, Jodhpur - RSPCB","28-08-2026 22:00:00",26.215415,73.070156,NO2,3,6,5
India,Rajasthan,Jodhpur,"Jhalamand, Jodhpur - RSPCB","28-08-2026 22:00:00",26.215415,73.070156,CO,10,13,12
India,Rajasthan,Jodhpur,"Mandor, Jodhpur - RSPCB","28-08-2026 22:00:00",26.358805,73.047444,PM2.5,NA,NA,NA
India,Rajasthan,Jodhpur,"Mandor, Jodhpur - RSPCB","28-08-2026 22:00:00",26.358805,73.047444,PM10,62,105,88
India,Rajasthan,Jodhpur,"Collectorate, Jodhpur - RSPCB","28-08-2026 22:00:00",26.268249,73.0193853,PM2.5,21,61,40
India,Rajasthan,Jodhpur,"Collectorate, Jodhpur - RSPCB","28-08-2026 22:00:00",26.268249,73.0193853,PM10,35,104,68
India,Rajasthan,Jodhpur,"Collectorate, Jodhpur - RSPCB","28-08-2026 22:00:00",26.268249,73.0193853,SO2,5,17,10
India,Rajasthan,Jodhpur,"Samrat Ashok Udhyan, Jodhpur - RSPCB","28-08-2026 22:00:00",26.253384,72.976571,PM2.5,20,37,26
India,Rajasthan,Jodhpur,"Samrat Ashok Udhyan, Jodhpur - RSPCB","28-08-2026 22:00:00",26.253384,72.976571,NO2,1,7,3
India,Rajasthan,Karauli,"Satyawati Vihar, Karauli - RSPCB","28-08-2026 22:00:00",26.506177,77.025989,PM10,58,91,78
India,Rajasthan,Kota,"Nayapura, Kota - RSPCB","28-08-2026 22:00:00",25.196024,75.855668,CO,13,23,18
India,Rajasthan,Kota,"Dhanmandi, Kota - RSPCB","28-08-2026 22:00:00",25.16409,75.858137,PM10,63,100,87
India,Rajasthan,Kota,"Dhanmandi, Kota - RSPCB","28-08-2026 22:00:00",25.16409,75.858137,NO2,8,40,18
India,Rajasthan,Kota,"Shrinath Puram, Kota - RSPCB","28-08-2026 22:00:00",25.14389,75.821256,CO,39,53,46
India,Rajasthan,Nagaur,"Karni Colony, Nagaur - RSPCB","28-08-2026 22:00:00",27.213494,73.734444,PM10,81,136,108
India,Rajasthan,Nagaur,"Karni Colony, Nagaur - RSPCB","28-08-2026 22:00:00",27.213494,73.734444,NH3,4,6,5
India,Rajasthan,Nagaur,"Karni Colony, Nagaur - RSPCB","28-08-2026 22:00:00",27.213494,73.734444,SO2,3,6,4
India,Rajasthan,Nagaur,"Karni Colony, Nagaur - RSPCB","28-08-2026 22:00:00",27.213494,73.734444,OZONE,35,55,43
India,Odisha,Talcher,"Talcher Coalfields,Talcher - OSPCB","28-08-2026 22:00:00",20.9360711,85.1707021,SO2,11,15,13
India,Odisha,Tensa,"Barsua Iron Ore Mines, Tensa - OSPCB","28-08-2026 22:00:00",21.869985,85.167016,PM10,15,54,41
India,Odisha,Tensa,"Barsua Iron Ore Mines, Tensa - OSPCB","28-08-2026 22:00:00",21.869985,85.167016,NH3,NA,NA,NA
India,Odisha,Tensa,"Barsua Iron Ore Mines, Tensa - OSPCB","28-08-2026 22:00:00",21.869985,85.167016,SO2,25,42,33
India,Puducherry,Puducherry,"Jawahar Nagar, Puducherry - PPCC","28-08-2026 22:00:00",11.9309,79.8027,SO2,4,12,7
India,Punjab,Amritsar,"Golden Temple, Amritsar - PPCB","28-08-2026 22:00:00",31.62,74.876512,OZONE,11,35,20
India,Punjab,Bathinda,"Hardev Nagar, Bathinda - PPCB","28-08-2026 22:00:00",30.233011,74.907758,NO2,26,36,28
India,Punjab,Bathinda,"Hardev Nagar, Bathinda - PPCB","28-08-2026 22:00:00",30.233011,74.907758,OZONE,NA,NA,NA
India,Punjab,Khanna,"Kalal Majra, Khanna - PPCB","28-08-2026 22:00:00",30.736056,76.209694,NH3,4,14,8
India,Punjab,Khanna,"Kalal Majra, Khanna - PPCB","28-08-2026 22:00:00",30.736056,76.209694,SO2,6,19,12
India,Punjab,Khanna,"Kalal Majra, Khanna - PPCB","28-08-2026 22:00:00",30.736056,76.209694,CO,33,101,63
India,Punjab,"Mandi Gobindgarh","RIMT University, Mandi Gobindgarh - PPCB","28-08-2026 22:00:00",30.649961,76.331442,CO,36,61,48
India,Punjab,Patiala,"Model Town, Patiala - PPCB","28-08-2026 22:00:00",30.349388,76.366642,PM2.5,24,48,38
India,Punjab,Rupnagar,"Ratanpura, Rupnagar - Ambuja Cements","28-08-2026 22:00:00",31.0325454,76.5623046,NO2,9,46,27
India,Rajasthan,Ajmer,"Civil Lines,  Ajmer - RSPCB","28-08-2026 22:00:00",26.470859,74.646594,PM2.5,45,73,60
India,Rajasthan,Ajmer,"Civil Lines,  Ajmer - RSPCB","28-08-2026 22:00:00",26.470859,74.646594,NO2,16,19,17
India,Maharashtra,"Navi Mumbai","Nerul, Navi Mumbai - MPCB","28-08-2026 22:00:00",19.008751,73.01662,NH3,1,1,1
India,Maharashtra,"Navi Mumbai","Nerul, Navi Mumbai - MPCB","28-08-2026 22:00:00",19.008751,73.01662,CO,NA,NA,NA
India,Maharashtra,Parbhani,"Masoom Colony, Parbhani - MPCB","28-08-2026 22:00:00",19.265594,76.761463,PM10,20,75,37
India,Maharashtra,Parbhani,"Masoom Colony, Parbhani - MPCB","28-08-2026 22:00:00",19.265594,76.761463,NH3,1,3,2
India,Maharashtra,Parbhani,"Masoom Colony, Parbhani - MPCB","28-08-2026 22:00:00",19.265594,76.761463,SO2,0,1,1
India,Maharashtra,Pimpri-Chinchwad,"Gavalinagar, Pimpri Chinchwad - MPCB","28-08-2026 22:00:00",18.63673,73.82487,SO2,0,1,1
India,Maharashtra,Pimpri-Chinchwad,"Gavalinagar, Pimpri Chinchwad - MPCB","28-08-2026 22:00:00",18.63673,73.82487,CO,9,12,10
India,Maharashtra,Pimpri-Chinchwad,"Bhumkar Nagar, Pune - IITM","28-08-2026 22:00:00",18.60577,73.749976,PM10,29,82,50
India,Maharashtra,Pimpri-Chinchwad,"Bhumkar Nagar, Pune - IITM","28-08-2026 22:00:00",18.60577,73.749976,SO2,NA,NA,NA
India,Maharashtra,Pimpri-Chinchwad,"Thergaon, Pimpri Chinchwad - MPCB","28-08-2026 22:00:00",18.616318,73.765797,PM10,50,65,56
India,Maharashtra,Pimpri-Chinchwad,"Thergaon, Pimpri Chinchwad - MPCB","28-08-2026 22:00:00",18.616318,73.765797,CO,23,35,29
India,Maharashtra,Pimpri-Chinchwad,"Transport Nagar-Nigdi, Pune - IITM","28-08-2026 22:00:00",18.664282,73.763966,NH3,NA,NA,NA
India,Maharashtra,Pimpri-Chinchwad,"Transport Nagar-Nigdi, Pune - IITM","28-08-2026 22:00:00",18.664282,73.763966,OZONE,20,28,24
India,Maharashtra,Pimpri-Chinchwad,"Park Street Wakad, Pimpri Chinchwad - MPCB","28-08-2026 22:00:00",18.59051,73.77946,NO2,7,25,12
India,Maharashtra,Pimpri-Chinchwad,"Park Street Wakad, Pimpri Chinchwad - MPCB","28-08-2026 22:00:00",18.59051,73.77946,SO2,2,3,3
India,Maharashtra,Pimpri-Chinchwad,"Savta Mali Nagar, Pimpri-Chinchwad - IITM","28-08-2026 22:00:00",18.614767,73.799516,NO2,11,36,20
India,Maharashtra,Pune,"Katraj Dairy, Pune - MPCB","28-08-2026 22:00:00",18.45445,73.854155,PM2.5,17,36,25
India,Maharashtra,Pune,"Katraj Dairy, Pune - MPCB","28-08-2026 22:00:00",18.45445,73.854155,CO,33,43,38
India,Rajasthan,Banswara,"Rati Talai, Banswara - RSPCB","28-08-2026 22:00:00",23.55519,74.44001,SO2,8,23,10
India,Rajasthan,Baran,"Bamboliya, Baran - RSPCB","28-08-2026 22:00:00",25.106006,76.469948,SO2,1,4,3
India,Rajasthan,Barmer,"Railway Colony, Barmer - RSPCB","28-08-2026 22:00:00",25.747299,71.393989,PM10,43,152,91
India,Rajasthan,Barmer,"Railway Colony, Barmer - RSPCB","28-08-2026 22:00:00",25.747299,71.393989,NH3,2,2,2
India,Rajasthan,Bharatpur,"Krishna Nagar, Bharatpur - RSPCB","28-08-2026 22:00:00",27.215415,77.50873,OZONE,27,62,48
India,Rajasthan,Bhilwara,"Pratap Nagar, Bhilwara - RSPCB","28-08-2026 22:00:00",25.339605,74.618883,NO2,15,23,19
India,Rajasthan,Bikaner,"MM Ground, Bikaner - RSPCB","28-08-2026 22:00:00",28.018792,73.292658,PM2.5,20,42,29
India,Rajasthan,Bikaner,"MM Ground, Bikaner - RSPCB","28-08-2026 22:00:00",28.018792,73.292658,SO2,NA,NA,NA
India,Rajasthan,Bikaner,"MM Ground, Bikaner - RSPCB","28-08-2026 22:00:00",28.018792,73.292658,OZONE,24,51,42
India,Rajasthan,Bundi,"New Colony, Bundi - RSPCB","28-08-2026 22:00:00",25.435774,75.644272,NH3,4,6,5
India,Rajasthan,Bundi,"New Colony, Bundi - RSPCB","28-08-2026 22:00:00",25.435774,75.644272,SO2,4,8,6
India,Rajasthan,Bundi,"New Colony, Bundi - RSPCB","28-08-2026 22:00:00",25.435774,75.644272,CO,13,27,17
India,Rajasthan,Chittorgarh,"Shastri Nagar, Chittorgarh - RSPCB","28-08-2026 22:00:00",24.892047,74.623527,OZONE,51,67,61
India,Rajasthan,Churu,"Subash Chowk, Churu - RSPCB","28-08-2026 22:00:00",28.296139,74.961696,NH3,NA,NA,NA
India,Maharashtra,Pune,"Hadapsar, Pune - IITM","28-08-2026 22:00:00",18.501793,73.927532,NH3,NA,NA,NA
India,Maharashtra,Pune,"Mhada Colony, Pune - IITM","28-08-2026 22:00:00",18.57304,73.927715,PM2.5,NA,NA,NA
India,Maharashtra,Pune,"Mhada Colony, Pune - IITM","28-08-2026 22:00:00",18.57304,73.927715,PM10,NA,NA,NA
India,Maharashtra,Pune,"Mhada Colony, Pune - IITM","28-08-2026 22:00:00",18.57304,73.927715,NO2,NA,NA,NA
India,Maharashtra,Pune,"Mhada Colony, Pune - IITM","28-08-2026 22:00:00",18.57304,73.927715,NH3,NA,NA,NA
India,Maharashtra,Pune,"Mhada Colony, Pune - IITM","28-08-2026 22:00:00",18.57304,73.927715,OZONE,8,22,16
India,Maharashtra,Pune,"Dhankawadi, Pune - IITM","28-08-2026 22:00:00",18.459883,73.852193,CO,45,87,58
India,Maharashtra,Pune,"Panchawati_Pashan, Pune - IITM","28-08-2026 22:00:00",18.536457,73.805454,PM10,47,70,55
India,Maharashtra,Pune,"Panchawati_Pashan, Pune - IITM","28-08-2026 22:00:00",18.536457,73.805454,OZONE,5,8,6
India,Maharashtra,Sangli,"Vijay Nagar, Sangli - MPCB","28-08-2026 22:00:00",16.5038,74.3623,PM2.5,NA,NA,NA
India,Maharashtra,Sangli,"Vijay Nagar, Sangli - MPCB","28-08-2026 22:00:00",16.5038,74.3623,NO2,1,10,4
India,Maharashtra,Solapur,"Dnyaneshwar Nagar, Solapur - MPCB","28-08-2026 22:00:00",17.6336264,75.9132495,NH3,6,13,7
India,Maharashtra,Solapur,"Ratandeep Housing Society, Solapur - MPCB","28-08-2026 22:00:00",17.65439,75.90649,SO2,0,2,1
India,Maharashtra,Thane,"Upvan Fort, Thane - MPCB","28-08-2026 22:00:00",19.222279,72.957979,NH3,0,4,1
India,Maharashtra,Thane,"Upvan Fort, Thane - MPCB","28-08-2026 22:00:00",19.222279,72.957979,CO,6,18,11
India,Maharashtra,Thane,"Kasarvadavali, Thane - MPCB","28-08-2026 22:00:00",19.26777,72.97182,PM2.5,20,58,33
India,Maharashtra,Ulhasnagar,"Sidhi Vinayak Nagar, Ulhasnagar - MPCB","28-08-2026 22:00:00",19.235581,73.159121,CO,6,20,11
India,Maharashtra,Ulhasnagar,"Vithalwadi, Ulhasnagar - MPCB","28-08-2026 22:00:00",19.2307571,73.155192,PM2.5,7,32,14
India,Maharashtra,Ulhasnagar,"Vithalwadi, Ulhasnagar - MPCB","28-08-2026 22:00:00",19.2307571,73.155192,PM10,18,69,37
India,Maharashtra,Ulhasnagar,"Vithalwadi, Ulhasnagar - MPCB","28-08-2026 22:00:00",19.2307571,73.155192,NH3,6,8,7
India,Meghalaya,Shillong,"JN Stadium, Shillong - Meghalaya PCB","28-08-2026 22:00:00",25.5803419,91.8942571,NO2,1,9,4
India,Meghalaya,Shillong,"JN Stadium, Shillong - Meghalaya PCB","28-08-2026 22:00:00",25.5803419,91.8942571,NH3,NA,NA,NA
India,Mizoram,Aizawl,"Sikulpuikawn, Aizawl - Mizoram PCB","28-08-2026 22:00:00",23.7176342,92.7192841,SO2,14,15,14
India,Nagaland,Kohima,"PWD Junction, Kohima - NPCB","28-08-2026 22:00:00",25.6635413,94.0989878,PM10,7,35,21
India,Nagaland,Kohima,"PWD Junction, Kohima - NPCB","28-08-2026 22:00:00",25.6635413,94.0989878,CO,3,5,4
India,Odisha,Angul,"Hakimapada, Angul - OSPCB","28-08-2026 22:00:00",20.832874,85.104082,CO,42,53,47
India,Odisha,Balasore,"Kalidaspur, Balasore - OSPCB","28-08-2026 22:00:00",21.51161,86.89088,PM2.5,5,60,33
India,Odisha,Barbil,"Forest Office, Barbil - OSPCB","28-08-2026 22:00:00",22.1166054,85.3945546,NO2,4,9,6
India,Rajasthan,Dausa,"Khatikan Mohalla, Dausa - RSPCB","28-08-2026 22:00:00",26.895552,76.334753,PM2.5,43,88,64
India,Rajasthan,Dholpur,"Raja Ganj, Dholpur - RSPCB","28-08-2026 22:00:00",26.699557,77.898881,SO2,2,7,3
India,Rajasthan,Dholpur,"Raja Ganj, Dholpur - RSPCB","28-08-2026 22:00:00",26.699557,77.898881,CO,26,45,30
India,Rajasthan,Jaipur,"Mansarovar Sector-12, Jaipur - RSPCB","28-08-2026 22:00:00",26.843698,75.766894,PM10,96,149,113
India,Rajasthan,Jaipur,"Police Commissionerate, Jaipur - RSPCB","28-08-2026 22:00:00",26.9164092,75.7994901,PM10,88,152,110
India,Rajasthan,Jaipur,"RIICO Sitapura, Jaipur - RSPCB","28-08-2026 22:00:00",26.786682,75.827928,SO2,7,68,13
India,Rajasthan,Jaipur,"Shastri Nagar, Jaipur - RSPCB","28-08-2026 22:00:00",26.9502929,75.730943,PM2.5,47,93,69
India,Rajasthan,Jaipur,"Shastri Nagar, Jaipur - RSPCB","28-08-2026 22:00:00",26.9502929,75.730943,PM10,90,135,107
India,Rajasthan,Jaipur,"Adarsh Nagar, Jaipur - RSPCB","28-08-2026 22:00:00",26.902909,75.836858,NH3,3,6,4
India,Rajasthan,Jaipur,"Adarsh Nagar, Jaipur - RSPCB","28-08-2026 22:00:00",26.902909,75.836858,SO2,12,29,24
India,Rajasthan,Jaipur,"Adarsh Nagar, Jaipur - RSPCB","28-08-2026 22:00:00",26.902909,75.836858,OZONE,23,31,27
India,Rajasthan,Jaisalmer,"Sadar Bazar, Jaisalmer - RSPCB","28-08-2026 22:00:00",26.912329,70.909168,PM2.5,20,85,34
India,Rajasthan,Jaisalmer,"Sadar Bazar, Jaisalmer - RSPCB","28-08-2026 22:00:00",26.912329,70.909168,CO,12,26,22
India,Rajasthan,Pali,"Indira Colony Vistar, Pali - RSPCB","28-08-2026 22:00:00",25.771061,73.340227,NO2,14,22,18
India,Rajasthan,Rajsamand,"Dhoinda, Rajsamand - RSPCB","28-08-2026 22:00:00",25.03636,73.883502,PM2.5,23,150,55
India,Rajasthan,Rajsamand,"Dhoinda, Rajsamand - RSPCB","28-08-2026 22:00:00",25.03636,73.883502,PM10,75,107,89
India,Rajasthan,Sikar,"Radhakishan Pura, Sikar - RSPCB","28-08-2026 22:00:00",27.608912,75.153302,PM10,118,167,141
India,Rajasthan,Sikar,"Radhakishan Pura, Sikar - RSPCB","28-08-2026 22:00:00",27.608912,75.153302,CO,12,23,16
India,Rajasthan,Sirohi,"Vedhaynath Colony, Sirohi - RSPCB","28-08-2026 22:00:00",24.885261,72.857549,NO2,2,8,5
India,Rajasthan,"Sri Ganganagar","Old City, Sri Ganganagar - RSPCB","28-08-2026 22:00:00",29.931624,73.864511,NO2,32,63,44
India,Rajasthan,Tonk,"Shastri Nagar, Tonk - RSPCB","28-08-2026 22:00:00",26.159933,75.780517,OZONE,26,55,43
India,Rajasthan,Udaipur,"Ashok Nagar, Udaipur - RSPCB","28-08-2026 22:00:00",24.5886166,73.6321397,PM2.5,52,167,92
India,Rajasthan,Udaipur,"Ashok Nagar, Udaipur - RSPCB","28-08-2026 22:00:00",24.5886166,73.6321397,PM10,68,128,96
India,Rajasthan,Udaipur,"Ashok Nagar, Udaipur - RSPCB","28-08-2026 22:00:00",24.5886166,73.6321397,NO2,10,35,20
India,"Tamil Nadu",Chennai,"Arumbakkam, Chennai - TNPCB","28-08-2026 22:00:00",13.0664,80.2112,NH3,2,3,2
India,Odisha,Brajrajnagar,"GM Office, Brajrajnagar - OSPCB","28-08-2026 22:00:00",21.8004996,83.8396977,PM10,15,56,36
India,Odisha,Brajrajnagar,"GM Office, Brajrajnagar - OSPCB","28-08-2026 22:00:00",21.8004996,83.8396977,SO2,17,18,17
India,Odisha,Byasanagar,"Ferro Chrome Colony, Byasanagar - OSPCB","28-08-2026 22:00:00",20.94185,86.1151,PM10,52,107,79
India,Odisha,Byasanagar,"Ferro Chrome Colony, Byasanagar - OSPCB","28-08-2026 22:00:00",20.94185,86.1151,NH3,1,1,1
India,Odisha,Byasanagar,"Ferro Chrome Colony, Byasanagar - OSPCB","28-08-2026 22:00:00",20.94185,86.1151,SO2,9,28,16
India,Odisha,Keonjhar,"Jagamohanpur, Keonjhar - OSPCB","28-08-2026 22:00:00",21.6439,85.599355,NO2,13,17,16
India,Odisha,Keonjhar,"Jagamohanpur, Keonjhar - OSPCB","28-08-2026 22:00:00",21.6439,85.599355,OZONE,18,25,23
India,Odisha,Nayagarh,"Dabuna, Nayagarh - OSPCB","28-08-2026 22:00:00",21.847279,85.416905,SO2,17,19,18
India,Odisha,Nayagarh,"Dabuna, Nayagarh - OSPCB","28-08-2026 22:00:00",21.847279,85.416905,OZONE,8,13,11
India,Odisha,Rairangpur,"Divisional Forest Office, Rairangpur - OSPCB","28-08-2026 22:00:00",22.265816,86.174829,PM10,35,70,45
India,Odisha,Rairangpur,"Divisional Forest Office, Rairangpur - OSPCB","28-08-2026 22:00:00",22.265816,86.174829,NO2,6,7,6
India,Odisha,Rairangpur,"Divisional Forest Office, Rairangpur - OSPCB","28-08-2026 22:00:00",22.265816,86.174829,NH3,3,4,3
India,Odisha,Rourkela,"Sector-2, Rourkela - OSPCB","28-08-2026 22:00:00",22.245,84.88111111,OZONE,NA,NA,NA
India,Odisha,Rourkela,"Fertilizer Township, Rourkela - OSPCB","28-08-2026 22:00:00",22.18972222,84.86277778,NO2,NA,NA,NA
India,"Uttar Pradesh",Lucknow,"Talkatora District Industries Center, Lucknow - CPCB","28-08-2026 22:00:00",26.83399722,80.8917361,PM10,16,35,23
India,"Uttar Pradesh",Lucknow,"Talkatora District Industries Center, Lucknow - CPCB","28-08-2026 22:00:00",26.83399722,80.8917361,OZONE,18,49,32
India,"Uttar Pradesh",Lucknow,"Kendriya Vidyalaya, Lucknow - CPCB","28-08-2026 22:00:00",26.906111,80.948222,NH3,10,19,14
India,"Uttar Pradesh",Lucknow,"Kendriya Vidyalaya, Lucknow - CPCB","28-08-2026 22:00:00",26.906111,80.948222,CO,25,40,31
India,"Uttar Pradesh",Lucknow,"B R Ambedkar University, Lucknow - UPPCB","28-08-2026 22:00:00",26.766433,80.927299,PM10,10,68,23
India,"Uttar Pradesh",Lucknow,"B R Ambedkar University, Lucknow - UPPCB","28-08-2026 22:00:00",26.766433,80.927299,SO2,27,35,30
India,"Uttar Pradesh",Lucknow,"B R Ambedkar University, Lucknow - UPPCB","28-08-2026 22:00:00",26.766433,80.927299,CO,20,25,24
India,"Uttar Pradesh",Lucknow,"B R Ambedkar University, Lucknow - UPPCB","28-08-2026 22:00:00",26.766433,80.927299,OZONE,11,19,16
India,"Uttar Pradesh",Lucknow,"Lalbagh, Lucknow - CPCB","28-08-2026 22:00:00",26.8458805,80.9365541,NH3,10,17,14
India,"Uttar Pradesh",Lucknow,"Lalbagh, Lucknow - CPCB","28-08-2026 22:00:00",26.8458805,80.9365541,SO2,2,8,5
India,"Uttar Pradesh",Lucknow,"Kukrail Picnic Spot-1, Lucknow - UPPCB","28-08-2026 22:00:00",26.90723,80.98579,NO2,31,32,32
India,"Uttar Pradesh",Mathura,"Pali Dungra, Mathura - UPPCB","28-08-2026 22:00:00",27.410954,77.550619,PM2.5,23,34,29
India,"Uttar Pradesh",Mathura,"Pali Dungra, Mathura - UPPCB","28-08-2026 22:00:00",27.410954,77.550619,CO,11,26,18
India,"Uttar Pradesh",Meerut,"MIET College, Meerut - UPPCB","28-08-2026 22:00:00",28.972677,77.641018,SO2,2,3,2
India,"Uttar Pradesh",Meerut,"MIET College, Meerut - UPPCB","28-08-2026 22:00:00",28.972677,77.641018,CO,38,62,50
India,"Uttar Pradesh",Meerut,"Ganga Nagar, Meerut - UPPCB","28-08-2026 22:00:00",28.999264,77.7590354,PM2.5,40,113,69
India,"Uttar Pradesh",Modinagar,"SRM University, Modinagar - UPPCB","28-08-2026 22:00:00",28.798171,77.540243,OZONE,8,24,19
India,"Uttar Pradesh",Moradabad,"Eco Herbal Park, Moradabad - UPPCB","28-08-2026 22:00:00",28.840739,78.697531,PM2.5,17,117,60
India,"Uttar Pradesh",Moradabad,"Eco Herbal Park, Moradabad - UPPCB","28-08-2026 22:00:00",28.840739,78.697531,SO2,7,12,10
India,"Uttar Pradesh",Moradabad,"Buddhi Vihar, Moradabad - UPPCB","28-08-2026 22:00:00",28.83526,78.7446,PM2.5,9,79,42
India,"Uttar Pradesh",Moradabad,"Jigar Colony, Moradabad - UPPCB","28-08-2026 22:00:00",28.856664,78.772638,SO2,32,65,45
India,"Uttar Pradesh",Moradabad,"Jigar Colony, Moradabad - UPPCB","28-08-2026 22:00:00",28.856664,78.772638,CO,39,40,40
India,"Uttar Pradesh",Moradabad,"Transport Nagar, Moradabad - UPPCB","28-08-2026 22:00:00",28.802625,78.753728,NO2,24,24,24
India,"Uttar Pradesh",Moradabad,"Transport Nagar, Moradabad - UPPCB","28-08-2026 22:00:00",28.802625,78.753728,SO2,20,23,21
India,"Uttar Pradesh",Moradabad,"Transport Nagar, Moradabad - UPPCB","28-08-2026 22:00:00",28.802625,78.753728,CO,46,63,55
India,"Uttar Pradesh",Moradabad,"Kashiram Nagar, Moradabad - UPPCB","28-08-2026 22:00:00",28.849399,78.742362,SO2,NA,NA,NA
India,"Uttar Pradesh",Moradabad,"Kashiram Nagar, Moradabad - UPPCB","28-08-2026 22:00:00",28.849399,78.742362,CO,30,57,40
India,"Uttar Pradesh",Moradabad,"Employment Office, Moradabad - UPPCB","28-08-2026 22:00:00",28.88528,78.7388,NH3,3,3,3
India,"Uttar Pradesh",Muzaffarnagar,"New Mandi, Muzaffarnagar - UPPCB","28-08-2026 22:00:00",29.4723508,77.7194031,PM2.5,38,202,96
India,"Uttar Pradesh",Noida,"Sector - 125, Noida - UPPCB","28-08-2026 22:00:00",28.5447608,77.3231257,NO2,16,17,16
India,"Uttar Pradesh",Noida,"Sector - 125, Noida - UPPCB","28-08-2026 22:00:00",28.5447608,77.3231257,NH3,3,3,3
India,"Uttar Pradesh",Noida,"Sector - 62, Noida - IITM","28-08-2026 22:00:00",28.6245479,77.3577104,PM2.5,54,157,92
India,"Uttar Pradesh",Noida,"Sector - 62, Noida - IITM","28-08-2026 22:00:00",28.6245479,77.3577104,NH3,NA,NA,NA
India,"Uttar Pradesh",Noida,"Sector-1, Noida - UPPCB","28-08-2026 22:00:00",28.5898,77.3101,PM10,97,173,139
India,"Uttar Pradesh",Noida,"Sector-116, Noida - UPPCB","28-08-2026 22:00:00",28.56923,77.393848,PM2.5,98,207,137
India,"Uttar Pradesh",Noida,"Sector-116, Noida - UPPCB","28-08-2026 22:00:00",28.56923,77.393848,OZONE,7,92,56
India,"Uttar Pradesh",Prayagraj,"Motilal Nehru NIT, Prayagraj - UPPCB","28-08-2026 22:00:00",25.494,81.863,PM2.5,4,13,9
India,"Uttar Pradesh",Prayagraj,"Motilal Nehru NIT, Prayagraj - UPPCB","28-08-2026 22:00:00",25.494,81.863,SO2,21,23,22
India,"Uttar Pradesh",Prayagraj,"Motilal Nehru NIT, Prayagraj - UPPCB","28-08-2026 22:00:00",25.494,81.863,OZONE,13,16,15
India,"Uttar Pradesh",Prayagraj,"Nagar Nigam, Prayagraj - UPPCB","28-08-2026 22:00:00",25.44919916,81.82735986,SO2,11,30,21
India,"Uttar Pradesh",Prayagraj,"Nagar Nigam, Prayagraj - UPPCB","28-08-2026 22:00:00",25.44919916,81.82735986,OZONE,11,11,11
India,"Uttar Pradesh",Prayagraj,"Jhunsi, Prayagraj - UPPCB","28-08-2026 22:00:00",25.425602,81.917152,PM2.5,3,33,10
India,"Uttar Pradesh",Raebareli,"Anand Nagar, Raebareli - UPPCB","28-08-2026 22:00:00",26.219512,81.237648,NO2,5,15,10
India,"Uttar Pradesh",Raebareli,"Anand Nagar, Raebareli - UPPCB","28-08-2026 22:00:00",26.219512,81.237648,SO2,13,13,13
India,"Uttar Pradesh",Raebareli," Indira Nagar, Raebareli - NTPC Unchahar","28-08-2026 22:00:00",26.207781,81.245571,PM2.5,25,54,44
India,"Uttar Pradesh",Raebareli," Indira Nagar, Raebareli - NTPC Unchahar","28-08-2026 22:00:00",26.207781,81.245571,PM10,40,97,67
India,"Uttar Pradesh",Raebareli," Indira Nagar, Raebareli - NTPC Unchahar","28-08-2026 22:00:00",26.207781,81.245571,CO,60,95,75
India,"Uttar Pradesh",Varanasi,"Bhelupur, Varanasi - UPPCB","28-08-2026 22:00:00",25.301778,82.996789,PM2.5,16,478,118
India,"Uttar Pradesh",Varanasi,"Bhelupur, Varanasi - UPPCB","28-08-2026 22:00:00",25.301778,82.996789,PM10,19,500,127
India,"Uttar Pradesh",Varanasi,"Maldahiya, Varanasi - UPPCB","28-08-2026 22:00:00",25.32393,82.99687,NO2,2,6,3
India,"Uttar Pradesh",Varanasi,"Maldahiya, Varanasi - UPPCB","28-08-2026 22:00:00",25.32393,82.99687,SO2,30,30,30
India,"Uttar Pradesh",Varanasi,"Maldahiya, Varanasi - UPPCB","28-08-2026 22:00:00",25.32393,82.99687,CO,11,16,13
India,"Uttar Pradesh",Varanasi,"Ardhali Bazar, Varanasi - UPPCB","28-08-2026 22:00:00",25.3505986,82.9083074,NH3,NA,NA,NA
India,"Uttar Pradesh",Varanasi,"IESD Banaras Hindu University, Varanasi - UPPCB","28-08-2026 22:00:00",25.262326,82.995408,NH3,0,0,0
India,Uttarakhand,Dehradun,"Doon University, Dehradun - UKPCB","28-08-2026 22:00:00",30.269444,78.044167,NO2,0,3,2
India,Uttarakhand,Dehradun,"Doon University, Dehradun - UKPCB","28-08-2026 22:00:00",30.269444,78.044167,CO,18,67,33
India,Uttarakhand,Rishikesh,"Shivaji Nagar, Rishikesh - UKPCB","28-08-2026 22:00:00",30.075911,78.2859547,PM2.5,2,2,2
India,Uttarakhand,Rishikesh,"Shivaji Nagar, Rishikesh - UKPCB","28-08-2026 22:00:00",30.075911,78.2859547,NH3,8,8,8
India,"West Bengal",Asansol,"Asansol Court Area, Asansol - WBPCB","28-08-2026 22:00:00",23.685297,86.945968,NO2,32,47,39
India,"West Bengal",Asansol,"Asansol Court Area, Asansol - WBPCB","28-08-2026 22:00:00",23.685297,86.945968,SO2,10,17,13
India,"West Bengal",Asansol,"Evelyn Lodge, Asansol - WBPCB","28-08-2026 22:00:00",23.697936,86.944395,SO2,77,77,77
India,"West Bengal",Asansol,"Evelyn Lodge, Asansol - WBPCB","28-08-2026 22:00:00",23.697936,86.944395,CO,31,56,48
India,"West Bengal",Asansol,"Evelyn Lodge, Asansol - WBPCB","28-08-2026 22:00:00",23.697936,86.944395,OZONE,7,37,21
India,"West Bengal",Asansol,"Mahabir Colliery, Asansol - WBPCB","28-08-2026 22:00:00",23.618183,87.105718,CO,54,83,68
India,"West Bengal",Asansol,"Mahabir Colliery, Asansol - WBPCB","28-08-2026 22:00:00",23.618183,87.105718,OZONE,8,20,13
India,"West Bengal",Asansol,"Trivenidevi Bhalotia College, Asansol - WBPCB","28-08-2026 22:00:00",23.616515,87.119133,PM2.5,2,60,29
India,"West Bengal",Asansol,"Trivenidevi Bhalotia College, Asansol - WBPCB","28-08-2026 22:00:00",23.616515,87.119133,NH3,5,6,6
India,"West Bengal",Barrackpore,"SVSPA Campus, Barrackpore - WBPCB","28-08-2026 22:00:00",22.7605581,88.3617589,PM10,32,68,46
India,"West Bengal",Barrackpore,"SVSPA Campus, Barrackpore - WBPCB","28-08-2026 22:00:00",22.7605581,88.3617589,NO2,6,19,12
India,"West Bengal",Barrackpore,"SVSPA Campus, Barrackpore - WBPCB","28-08-2026 22:00:00",22.7605581,88.3617589,CO,54,59,57
India,"West Bengal",Durgapur,"PCBL Residential Complex, Durgapur - WBPCB","28-08-2026 22:00:00",23.508764,87.35444,NO2,56,70,65
India,"Uttar Pradesh",Ghaziabad,"Loni, Ghaziabad - UPPCB","28-08-2026 22:00:00",28.757294,77.278792,CO,8,75,28
India,"Uttar Pradesh",Ghaziabad,"Govindpuram, Ghaziabad - UPPCB","28-08-2026 22:00:00",28.694528,77.494705,NO2,43,113,54
India,"Uttar Pradesh",Ghaziabad,"Govindpuram, Ghaziabad - UPPCB","28-08-2026 22:00:00",28.694528,77.494705,SO2,1,3,2
India,"Uttar Pradesh",Gorakhpur,"Madan Mohan Malaviya University of Technology, Gorakhpur - UPPCB","28-08-2026 22:00:00",26.730136,83.433859,PM10,18,138,71
India,"Uttar Pradesh",Gorakhpur,"Madan Mohan Malaviya University of Technology, Gorakhpur - UPPCB","28-08-2026 22:00:00",26.730136,83.433859,NH3,1,1,1
India,"Uttar Pradesh",Gorakhpur,"Madan Mohan Malaviya University of Technology, Gorakhpur - UPPCB","28-08-2026 22:00:00",26.730136,83.433859,OZONE,9,18,13
India,"Uttar Pradesh","Greater Noida","Knowledge Park - V, Greater Noida - UPPCB","28-08-2026 22:00:00",28.557054,77.453663,OZONE,32,82,60
India,"Uttar Pradesh","Greater Noida","Knowledge Park - III, Greater Noida - UPPCB","28-08-2026 22:00:00",28.47272,77.482,SO2,5,10,7
India,"Uttar Pradesh",Jhansi,"Shivaji Nagar, Jhansi - UPPCB","28-08-2026 22:00:00",25.4547,78.6039,PM2.5,40,71,54
India,"Uttar Pradesh",Kanpur,"FTI Kidwai Nagar, Kanpur - UPPCB","28-08-2026 22:00:00",26.428282,80.327067,NH3,3,3,3
India,"Uttar Pradesh",Kanpur,"FTI Kidwai Nagar, Kanpur - UPPCB","28-08-2026 22:00:00",26.428282,80.327067,SO2,37,42,38
India,"Uttar Pradesh",Kanpur,"FTI Kidwai Nagar, Kanpur - UPPCB","28-08-2026 22:00:00",26.428282,80.327067,CO,31,33,32
India,"Uttar Pradesh",Kanpur,"NSI Kalyanpur, Kanpur - UPPCB","28-08-2026 22:00:00",26.509954,80.249612,CO,16,19,17
India,"Uttar Pradesh",Kanpur,"Nehru Nagar, Kanpur - UPPCB","28-08-2026 22:00:00",26.4703136,80.3229863,CO,45,48,47
India,"Uttar Pradesh",Khurja,"Kalindi Kunj, Khurja - UPPCB","28-08-2026 22:00:00",28.2348927,77.8683002,PM10,62,139,96
India,"Tamil Nadu",Chennai,"Velachery Res. Area, Chennai - CPCB","28-08-2026 22:00:00",13.0052189,80.2398125,NO2,11,16,12
India,"Tamil Nadu",Chennai,"Perungudi, Chennai - TNPCB","28-08-2026 22:00:00",12.9533,80.2357,NO2,7,13,10
India,"Tamil Nadu",Chennai,"Perungudi, Chennai - TNPCB","28-08-2026 22:00:00",12.9533,80.2357,SO2,1,9,5
India,"Tamil Nadu",Chennai,"Manali Village, Chennai - TNPCB","28-08-2026 22:00:00",13.1662,80.2584,PM10,27,82,52
India,"Tamil Nadu",Chennai,"Manali Village, Chennai - TNPCB","28-08-2026 22:00:00",13.1662,80.2584,NO2,3,22,17
India,"Tamil Nadu",Chennai,"Manali, Chennai - CPCB","28-08-2026 22:00:00",13.164544,80.26285,OZONE,10,11,11
India,"Tamil Nadu",Chennai,"Royapuram, Chennai - TNPCB","28-08-2026 22:00:00",13.1036,80.2909,NO2,12,16,14
India,"Tamil Nadu",Coimbatore,"SIDCO Kurichi, Coimbatore - TNPCB","28-08-2026 22:00:00",10.942451,76.978996,SO2,NA,NA,NA
India,"Tamil Nadu",Gummidipoondi,"Anthoni Pillai Nagar, Gummidipoondi - TNPCB","28-08-2026 22:00:00",13.4127,80.1081,PM10,56,194,112
India,"Tamil Nadu",Gummidipoondi,"Anthoni Pillai Nagar, Gummidipoondi - TNPCB","28-08-2026 22:00:00",13.4127,80.1081,NO2,16,30,23
India,"Tamil Nadu",Thoothukudi,"Meelavittan, Thoothukudi - TNPCB","28-08-2026 22:00:00",8.816428,78.099039,PM2.5,NA,NA,NA
India,"Tamil Nadu",Thoothukudi,"Meelavittan, Thoothukudi - TNPCB","28-08-2026 22:00:00",8.816428,78.099039,NO2,12,20,15
India,Telangana,Hyderabad,"Bollaram Industrial Area, Hyderabad - TSPCB","28-08-2026 22:00:00",17.518,78.383,SO2,10,15,12
India,Telangana,Hyderabad,"Zoo Park, Hyderabad - TSPCB","28-08-2026 22:00:00",17.349694,78.451437,NO2,8,10,9
India,Telangana,Hyderabad,"Zoo Park, Hyderabad - TSPCB","28-08-2026 22:00:00",17.349694,78.451437,SO2,2,2,2
India,"Uttar Pradesh",Agra,"Rohta, Agra - UPPCB","28-08-2026 22:00:00",27.106972,78.000111,PM10,62,145,97
India,"Uttar Pradesh",Agra,"Rohta, Agra - UPPCB","28-08-2026 22:00:00",27.106972,78.000111,NO2,16,16,16
India,"Uttar Pradesh",Agra,"Rohta, Agra - UPPCB","28-08-2026 22:00:00",27.106972,78.000111,OZONE,16,17,16
India,"Uttar Pradesh",Agra,"Sector-3B Avas Vikas Colony, Agra - UPPCB","28-08-2026 22:00:00",27.19412,77.96237,OZONE,12,16,13
India,"Uttar Pradesh",Agra,"Shahjahan Garden, Agra - UPPCB","28-08-2026 22:00:00",27.169338,78.03582,NO2,23,30,26
India,"Uttar Pradesh",Agra,"Shahjahan Garden, Agra - UPPCB","28-08-2026 22:00:00",27.169338,78.03582,CO,10,21,14
India,"Uttar Pradesh",Agra,"Manoharpur, Agra - UPPCB","28-08-2026 22:00:00",27.23711,78.01936,PM2.5,95,190,144
India,"Uttar Pradesh",Agra,"Sanjay Palace, Agra - UPPCB","28-08-2026 22:00:00",27.19865833,78.00598056,PM10,50,214,120
India,"Uttar Pradesh",Agra,"Shastripuram, Agra - UPPCB","28-08-2026 22:00:00",27.19862,77.92066,CO,19,23,21
India,"Uttar Pradesh",Baghpat,"Sardar Patel Inter College, Baghpat - UPPCB","28-08-2026 22:00:00",28.964949,77.278761,NO2,15,39,24
India,"Uttar Pradesh",Baraut,"Nagar Palika Parishad, Baraut - UPPCB","28-08-2026 22:00:00",29.09956,77.26235,PM2.5,NA,NA,NA
India,"Uttar Pradesh",Bareilly,"Rajendra Nagar, Bareilly - UPPCB","28-08-2026 22:00:00",28.38910936,79.42963708,PM2.5,23,79,47
India,"Uttar Pradesh",Bareilly,"Rajendra Nagar, Bareilly - UPPCB","28-08-2026 22:00:00",28.38910936,79.42963708,OZONE,NA,NA,NA
India,"Uttar Pradesh",Bareilly,"Civil Lines, Bareilly - UPPCB","28-08-2026 22:00:00",28.359581,79.414455,PM2.5,26,41,33
India,"Uttar Pradesh",Bulandshahr,"Yamunapuram, Bulandshahr - UPPCB","28-08-2026 22:00:00",28.406963,77.849831,PM2.5,46,83,63
India,"Uttar Pradesh",Bulandshahr,"Yamunapuram, Bulandshahr - UPPCB","28-08-2026 22:00:00",28.406963,77.849831,PM10,75,361,170
India,"Uttar Pradesh",Bulandshahr,"Yamunapuram, Bulandshahr - UPPCB","28-08-2026 22:00:00",28.406963,77.849831,NO2,8,45,20
India,"Uttar Pradesh",Bulandshahr,"Yamunapuram, Bulandshahr - UPPCB","28-08-2026 22:00:00",28.406963,77.849831,OZONE,22,64,45
India,"Uttar Pradesh","Fatehpur Sikri","Dadupura, Fatehpur Sikri - UPPCB","28-08-2026 22:00:00",27.097694,77.671335,CO,11,19,15
India,"Uttar Pradesh",Firozabad,"Vibhab Nagar, Firozabad - UPPCB","28-08-2026 22:00:00",27.1594,78.3953,CO,31,32,32
India,"Uttar Pradesh",Ghaziabad,"Sanjay Nagar, Ghaziabad - UPPCB","28-08-2026 22:00:00",28.685382,77.453839,SO2,2,10,6
India,"Uttar Pradesh",Ghaziabad,"Vasundhara, Ghaziabad - UPPCB","28-08-2026 22:00:00",28.6603346,77.3572563,PM10,118,220,161
India,"Uttar Pradesh",Ghaziabad,"Wave City, Ghaziabad - UPPCB","28-08-2026 22:00:00",28.646675,77.489049,NO2,15,27,19
India,"Uttar Pradesh",Ghaziabad,"Wave City, Ghaziabad - UPPCB","28-08-2026 22:00:00",28.646675,77.489049,CO,55,96,65
India,"Uttar Pradesh",Ghaziabad,"Wave City, Ghaziabad - UPPCB","28-08-2026 22:00:00",28.646675,77.489049,OZONE,2,16,12
India,"Uttar Pradesh",Ghaziabad,"Loni, Ghaziabad - UPPCB","28-08-2026 22:00:00",28.757294,77.278792,PM10,143,391,185
India,Telangana,Hyderabad,"Central University, Hyderabad - TSPCB","28-08-2026 22:00:00",17.460103,78.334361,OZONE,10,13,11
India,Telangana,Hyderabad,"IITH Kandi, Hyderabad - TSPCB","28-08-2026 22:00:00",17.585705,78.126199,PM10,45,64,52
India,Telangana,Hyderabad,"IITH Kandi, Hyderabad - TSPCB","28-08-2026 22:00:00",17.585705,78.126199,NO2,12,18,14
India,Telangana,Hyderabad,"Nacharam_TSIIC IALA, Hyderabad - TSPCB","28-08-2026 22:00:00",17.429398,78.569354,NO2,11,15,14
India,Telangana,Hyderabad,"Nacharam_TSIIC IALA, Hyderabad - TSPCB","28-08-2026 22:00:00",17.429398,78.569354,OZONE,19,25,21
India,Telangana,Hyderabad,"New Malakpet, Hyderabad - TSPCB","28-08-2026 22:00:00",17.37206,78.50864,CO,21,35,29
India,Telangana,Hyderabad,"New Malakpet, Hyderabad - TSPCB","28-08-2026 22:00:00",17.37206,78.50864,OZONE,13,30,24
India,Telangana,Hyderabad,"Ramachandrapuram, Hyderabad - TSPCB","28-08-2026 22:00:00",17.528544,78.286195,PM2.5,31,42,34
India,Telangana,Hyderabad,"Somajiguda, Hyderabad - TSPCB","28-08-2026 22:00:00",17.417094,78.457437,PM10,49,70,57
India,Telangana,Hyderabad,"IDA Pashamylaram, Hyderabad - TSPCB","28-08-2026 22:00:00",17.5316895,78.218939,CO,6,21,12
India,Telangana,Hyderabad,"Sanathnagar, Hyderabad - TSPCB","28-08-2026 22:00:00",17.4559458,78.4332152,NH3,NA,NA,NA
India,Telangana,Hyderabad,"Sanathnagar, Hyderabad - TSPCB","28-08-2026 22:00:00",17.4559458,78.4332152,SO2,5,16,10
India,"West Bengal",Durgapur,"Mahishkapur Road_B-Zone, Durgapur - WBPCB","28-08-2026 22:00:00",23.567923,87.306843,SO2,1,3,2
India,"West Bengal",Haldia,"Priyambada Housing Estate, Haldia - WBPCB","28-08-2026 22:00:00",22.06047,88.109737,CO,27,43,35
India,"West Bengal",Howrah,"Belur Math, Howrah - WBPCB","28-08-2026 22:00:00",22.629801,88.352017,OZONE,8,12,10
India,"West Bengal",Howrah,"Dasnagar, Howrah - WBPCB","28-08-2026 22:00:00",22.6025571,88.3105664,NO2,3,11,6
India,"West Bengal",Howrah,"Ghusuri, Howrah - WBPCB","28-08-2026 22:00:00",22.611968,88.347422,OZONE,19,32,24
India,"West Bengal",Kolkata,"Jadavpur, Kolkata - WBPCB","28-08-2026 22:00:00",22.49929,88.36917,NO2,29,118,51
India,"West Bengal",Kolkata,"Rabindra Bharati University, Kolkata - WBPCB","28-08-2026 22:00:00",22.627847,88.380669,NO2,19,59,32
India,"West Bengal",Kolkata,"Rabindra Bharati University, Kolkata - WBPCB","28-08-2026 22:00:00",22.627847,88.380669,CO,30,52,37
India,"West Bengal",Kolkata,"Rabindra Sarobar, Kolkata - WBPCB","28-08-2026 22:00:00",22.51106,88.35142,CO,31,43,36
India,"West Bengal",Kolkata,"Ballygunge, Kolkata - WBPCB","28-08-2026 22:00:00",22.5367507,88.3638022,NO2,27,67,41
India,"West Bengal",Kolkata,"Ballygunge, Kolkata - WBPCB","28-08-2026 22:00:00",22.5367507,88.3638022,SO2,3,6,5
India,"West Bengal",Kolkata,"Ballygunge, Kolkata - WBPCB","28-08-2026 22:00:00",22.5367507,88.3638022,OZONE,13,19,16
